Year,Rk,Player,PlayerID,Bats,Age,Team,Lg,WAR,G,PA,AB,R,H,2B,3B,HR,RBI,SB,CS,BB,SO,BA,OBP,SLG,OPS,OPS+,rOBA,Rbat+,TB,GIDP,HBP,SH,SF,IBB,Pos,Awards,RowType
2026,1,Pete Crow-Armstrong,crowape01,L,24,CHC,NL,9.8,161,725,625,119,174,31,8,45,107,41,7,83,187,.278,.372,.570,.941,155,.406,153,356,2,12,1,4,7,*8/DH,AS,season
2026,2,Iván Herrera,herreiv01,R,26,STL,NL,2.9,160,713,602,97,146,26,1,19,69,8,0,75,137,.243,.353,.384,.737,111,.343,120,231,19,31,0,5,5,D2/3H,AS,season
2026,3,Michael Busch,buschmi02,L,28,CHC,NL,1.7,159,707,597,78,145,27,2,20,77,3,2,92,165,.243,.354,.395,.749,107,.336,109,236,10,13,0,5,3,*3/H,,season
2026,4,Kevin McGonigle,mcgonke01,L,21,DET,AL,6.9,155,704,602,96,166,28,5,17,71,12,4,95,99,.276,.375,.424,.799,124,.361,127,255,5,3,0,4,1,65/D,AS,season
2026,5,Fernando Tatis Jr.,tatisfe02,R,27,SDP,NL,4.5,159,704,626,96,181,32,3,25,83,38,13,64,130,.289,.358,.470,.828,131,.368,133,294,15,7,1,6,6,*94/DH,,season
2026,6,Miguel Vargas,vargami01,R,26,CHW,AL,5.5,159,704,588,106,147,31,1,33,93,22,2,101,126,.250,.363,.474,.837,134,.372,133,279,12,7,0,7,5,*53/DH,AS,season
2026,7,Gunnar Henderson,hendegu01,L,25,BAL,AL,3.3,158,702,623,88,141,27,6,24,60,10,5,67,156,.226,.311,.404,.715,102,.318,102,252,9,10,0,2,3,*6/DH,,season
2026,8,Pete Alonso,alonspe01,R,31,BAL,AL,4.9,161,700,602,100,161,24,0,43,113,5,1,81,169,.267,.363,.522,.884,149,.384,148,314,13,12,0,5,6,*3D,,season
2026,9,Junior Caminero,caminju01,R,22,TBR,AL,5.8,161,700,614,100,170,25,1,42,101,3,3,79,128,.277,.361,.526,.887,145,.377,141,323,26,4,0,3,14,*5/3,AS,season
2026,10,Zach Neto,netoza01,R,25,LAA,AL,5.2,156,699,616,101,148,31,5,27,77,24,12,68,213,.240,.329,.438,.767,119,.338,118,270,3,14,0,1,1,*6/DH,,season
2026,11,Alex Bregman,bregmal01,R,32,CHC,NL,5.4,154,697,604,89,157,32,2,26,89,3,1,75,102,.260,.350,.449,.799,119,.354,121,271,19,12,0,6,2,*5D/H,,season
2026,12,Bryan Reynolds,reynobr01,S,31,PIT,NL,3.7,161,697,594,102,155,40,3,17,72,9,0,88,161,.261,.365,.424,.789,115,.354,116,252,9,11,0,3,3,*79D/H,,season
2026,13,Matt Olson,olsonma02,L,32,ATL,NL,4.4,161,696,623,99,157,34,0,41,93,4,0,64,170,.252,.322,.504,.826,124,.357,122,314,14,3,0,6,5,*3/9,AS,season
2026,14,Kyle Schwarber,schwaky01,L,33,PHI,NL,2.5,155,696,577,94,133,19,1,45,95,3,1,104,219,.231,.353,.501,.853,127,.367,125,289,3,8,0,6,6,*D/37H,AS,season
2026,15,Sal Stewart,stewasa02,R,22,CIN,NL,1.9,161,696,619,87,164,25,0,32,111,15,8,63,155,.265,.332,.460,.792,118,.345,117,285,16,4,0,10,5,*35D/4H,AS,season
2026,16,Trea Turner,turnetr01,R,33,PHI,NL,-0.2,156,695,640,100,154,29,1,19,58,21,4,48,146,.241,.296,.378,.675,81,.306,78,242,11,4,0,3,1,*6/DH,,season
2026,17,Bo Bichette,bichebo01,R,28,NYM,NL,0.8,159,691,633,76,165,25,2,18,78,2,2,49,126,.261,.313,.392,.704,98,.309,95,248,19,2,0,7,0,*56/DH4,,season
2026,18,Bryce Harper,harpebr03,L,33,PHI,NL,3.2,161,688,572,92,154,32,3,28,86,7,6,107,147,.269,.381,.483,.863,131,.374,132,276,19,1,0,8,3,*39D,AS,season
2026,19,Yordan Alvarez,alvaryo01,L,29,HOU,AL,6.8,157,687,563,104,178,34,1,42,105,1,0,109,119,.316,.432,.604,1.036,192,.434,188,340,7,10,0,5,33,*D7,AS,season
2026,20,Nico Hoerner,hoernni01,R,29,CHC,NL,2.2,158,687,626,62,165,29,1,8,72,23,5,43,58,.264,.317,.351,.669,85,.313,89,220,14,10,0,8,0,*46/H,,season
2026,21,Otto Lopez,lopezot01,R,27,MIA,NL,6.0,157,687,627,94,191,32,9,11,71,34,5,40,89,.305,.349,.437,.786,122,.359,126,274,14,9,0,11,1,*6/DH,AS,season
2026,22,Yandy Díaz,diazya01,R,34,TBR,AL,2.4,154,686,614,93,180,26,1,22,85,3,1,56,98,.293,.359,.446,.805,124,.356,124,274,15,10,0,6,6,*D,AS,season
2026,23,Ozzie Albies,albieoz01,S,29,ATL,NL,1.3,161,681,613,85,146,27,1,22,73,4,4,46,104,.238,.294,.393,.687,88,.298,82,241,8,8,0,14,1,*4/DH,AS,season
2026,24,Wilyer Abreu,abreuwi02,L,27,BOS,AL,5.7,156,677,594,81,148,38,4,24,76,8,4,70,140,.249,.328,.448,.776,118,.338,115,266,9,3,1,7,3,*9/D,,season
2026,25,Geraldo Perdomo,perdoge01,S,26,ARI,NL,5.3,156,676,559,75,146,20,9,9,59,21,10,95,86,.261,.369,.377,.746,109,.344,117,211,12,5,9,8,0,*6/H,,season
2026,26,Brice Turang,turanbr02,L,26,MIL,NL,7.3,150,676,578,102,155,37,3,21,99,19,5,90,171,.268,.367,.452,.818,125,.367,129,261,9,1,5,2,3,*4/6H,,season
2026,27,Manny Machado,machama01,R,33,SDP,NL,1.4,157,675,587,82,127,22,0,30,90,5,4,76,143,.216,.303,.407,.710,97,.316,99,239,22,1,1,10,3,*5D,,season
2026,28,Alec Burleson,burleal01,L,27,STL,NL,3.6,160,670,605,89,169,37,1,26,116,4,0,55,121,.279,.343,.473,.816,131,.354,129,286,12,6,0,4,4,*3H/D,,season
2026,29,Corbin Carroll,carroco02,L,25,ARI,NL,4.9,155,668,579,90,138,32,17,22,77,21,3,73,151,.238,.328,.466,.794,118,.348,115,270,8,8,0,8,4,*9/DH,AS,season
2026,30,Ben Rice,ricebe01,L,27,NYY,AL,3.7,154,667,573,105,151,24,4,41,97,3,1,85,162,.264,.363,.534,.897,146,.389,147,306,12,6,0,3,4,D3/H,AS,season
2026,31,Jonathan Aranda,arandjo01,L,28,TBR,AL,2.1,154,666,578,73,158,26,0,22,92,0,1,69,162,.273,.357,.433,.790,120,.349,121,250,14,11,0,8,3,*3/HD,,season
2026,32,Randy Arozarena,arozara01,R,31,SEA,AL,5.6,153,666,569,112,160,33,2,26,77,26,8,68,144,.281,.380,.483,.863,148,.390,153,275,17,25,0,4,1,*7/D8,AS,season
2026,33,Jackson Merrill,merrija01,L,23,SDP,NL,3.5,158,664,613,86,156,26,5,26,87,27,4,41,160,.254,.303,.440,.743,106,.328,102,270,8,3,4,3,4,*8/DH,,season
2026,34,Jordan Walker,walkejo02,R,24,STL,NL,3.5,157,663,605,96,164,33,0,29,101,22,5,50,173,.271,.329,.469,.798,125,.357,129,284,14,4,0,4,1,*9/DH,AS,season
2026,35,Brandon Lowe,lowebr01,L,31,PIT,NL,5.5,150,656,584,94,152,29,1,35,96,2,0,62,189,.260,.331,.493,.824,121,.357,120,288,8,3,0,7,1,*4D/H,,season
2026,36,Jo Adell,adelljo01,R,27,2TM,AL,0.3,158,656,600,69,143,26,1,22,93,5,0,33,157,.238,.296,.395,.691,96,.313,98,237,17,18,0,5,1,*9D7/H8,,season
2026,36,Jo Adell,adelljo01,R,27,CLE,AL,0.5,47,200,177,23,42,10,0,6,31,2,0,17,49,.237,.315,.395,.710,100,.337,112,70,5,4,0,2,1,9D/7H,,stint
2026,36,Jo Adell,adelljo01,R,27,LAA,AL,-0.2,111,456,423,46,101,16,1,16,62,3,0,16,108,.239,.287,.395,.682,94,.303,92,167,12,14,0,3,0,9/7D8H,,stint
2026,37,Isaac Paredes,paredis01,R,27,HOU,AL,4.2,154,655,559,69,147,27,1,25,94,0,0,70,88,.263,.360,.449,.809,129,.364,134,251,16,19,0,7,0,*53/D4H,,season
2026,38,Luis Arraez,arraelu01,L,29,2TM,NL,2.9,151,655,596,67,185,33,7,6,64,10,1,34,28,.310,.345,.419,.765,113,.338,112,250,15,5,6,14,4,*4/H5D,AS,season
2026,38,Luis Arraez,arraelu01,L,29,PHI,NL,-0.1,46,191,176,15,49,10,0,2,21,0,1,9,7,.278,.309,.369,.678,82,.295,75,65,8,1,0,5,0,4/H,,stint
2026,38,Luis Arraez,arraelu01,L,29,SFG,NL,3.1,105,464,420,52,136,23,7,4,43,10,0,25,21,.324,.360,.440,.801,127,.356,127,185,7,4,6,9,4,4/5DH,,stint
2026,39,Freddie Freeman,freemfr01,L,36,LAD,NL,2.8,152,654,576,74,167,32,1,16,70,7,0,66,115,.290,.364,.432,.796,119,.355,120,249,22,5,0,7,3,*3/D,AS,season
2026,40,Daylen Lile,lileda01,L,23,WSN,NL,1.9,159,651,598,81,148,28,8,22,89,15,7,40,126,.247,.298,.431,.729,99,.317,95,258,6,6,0,7,3,*7D9H,,season
2026,41,Brandon Nimmo,nimmobr01,L,33,TEX,AL,1.1,154,651,589,64,153,36,4,14,62,7,1,51,149,.260,.324,.406,.730,111,.323,109,239,13,7,0,4,2,*9/D8H,,season
2026,42,CJ Abrams,abramcj01,L,25,WSN,NL,5.2,151,650,575,93,150,30,3,33,105,34,6,57,158,.261,.337,.496,.833,126,.369,126,285,9,12,0,6,4,*64D/H,AS,season
2026,43,Carson Benge,bengeca01,L,23,NYM,NL,4.2,155,649,590,86,165,22,3,20,64,22,5,50,140,.280,.344,.429,.772,117,.351,122,253,7,8,0,1,1,*978/HD,,season
2026,44,Julio Rodríguez,rodriju01,R,25,SEA,AL,3.0,149,649,591,69,147,26,0,22,71,22,3,47,144,.249,.310,.404,.714,105,.322,104,239,10,7,0,4,3,*8/DH,,season
2026,45,Josh Naylor,naylojo01,L,29,SEA,AL,-0.1,151,646,593,58,155,22,0,10,56,30,9,45,79,.261,.318,.349,.667,93,.308,95,207,18,5,0,2,3,*3,,season
2026,46,Chase Meidroth,meidrch01,R,24,CHW,AL,4.5,154,643,566,90,156,31,0,16,63,4,2,61,141,.276,.350,.415,.765,115,.343,117,235,8,6,5,4,0,*46/H5,,season
2026,47,William Contreras,contrwi02,R,28,MIL,NL,2.9,147,640,566,82,153,27,1,18,94,1,2,61,94,.270,.341,.417,.758,108,.334,108,236,13,4,0,9,6,*2D/H,AS,season
2026,48,Steven Kwan,kwanst01,L,28,CLE,AL,5.4,151,637,539,80,152,21,3,3,32,10,3,85,62,.282,.382,.349,.731,110,.343,118,188,10,4,5,3,1,*78/HD,,season
2026,49,Colson Montgomery,montgco01,L,24,CHW,AL,1.8,152,634,564,71,112,24,0,31,87,1,1,54,225,.199,.284,.406,.690,92,.306,90,229,8,14,0,2,3,*65/DH,,season
2026,50,Seiya Suzuki,suzukse01,R,31,CHC,NL,5.1,143,634,545,96,147,31,1,26,86,3,0,81,155,.270,.368,.473,.841,130,.374,135,258,13,5,0,3,4,*9D/H,,season
2026,51,Mike Trout,troutmi01,R,34,LAA,AL,4.1,142,634,513,86,124,26,0,22,54,11,1,107,165,.242,.382,.421,.803,131,.366,136,216,11,11,0,2,12,*8D,AS,season
2026,52,Cole Young,youngco01,L,22,SEA,AL,4.2,159,634,575,74,141,19,4,17,66,4,5,42,109,.245,.310,.381,.691,98,.306,98,219,9,13,1,3,0,*4/6H,,season
2026,53,Rafael Devers,deverra01,L,29,SFG,NL,3.7,148,633,558,88,144,36,1,37,98,0,0,69,161,.258,.340,.525,.865,142,.367,138,293,13,2,0,4,7,3D,,season
2026,54,Kazuma Okamoto,okamoka01,R,30,TOR,AL,2.4,155,633,566,81,132,26,0,33,92,1,1,58,181,.233,.310,.454,.764,107,.335,107,257,15,6,0,3,0,*53/DH,,season
2026,55,Elly De La Cruz,delacel01,S,24,CIN,NL,5.6,142,632,555,99,157,30,5,30,79,30,8,72,173,.283,.366,.517,.883,143,.390,146,287,7,2,0,3,1,*6D,,season
2026,56,Ian Happ,happia01,S,31,CHC,NL,3.0,155,631,541,89,119,28,3,24,68,4,1,81,186,.220,.329,.416,.744,104,.332,105,225,11,7,1,1,4,*7H/D,,season
2026,57,TJ Rumfield,rumfitj01,L,26,COL,NL,3.5,155,631,547,67,164,30,3,16,73,0,0,72,86,.300,.390,.453,.843,121,.377,126,248,5,10,0,2,0,*3D/H,,season
2026,58,Christian Walker,walkech02,R,35,HOU,AL,1.9,155,630,568,70,127,26,1,28,86,0,0,49,147,.224,.295,.421,.716,101,.320,103,239,14,10,0,3,2,*3/HD,,season
2026,59,Bobby Witt Jr.,wittbo02,R,26,KCR,AL,6.7,142,628,554,94,157,33,1,18,54,45,8,67,108,.283,.361,.444,.806,125,.365,124,246,9,3,0,4,12,*6/D,AS,season
2026,60,Josh Bell,belljo02,S,33,MIN,AL,0.6,153,627,566,77,144,28,1,20,93,2,0,51,123,.254,.318,.413,.731,104,.324,103,234,20,4,0,5,0,*D3/H,,season
2026,61,Brooks Lee,leebr02,S,25,MIN,AL,2.5,155,627,582,72,147,25,3,24,83,8,5,37,102,.253,.300,.430,.730,103,.323,103,250,10,4,1,3,1,*56/H,,season
2026,62,Austin Riley,rileyau01,R,29,ATL,NL,1.1,158,626,563,64,124,21,2,19,72,9,2,47,200,.220,.291,.366,.657,80,.295,78,206,11,11,0,5,1,*5/H,,season
2026,63,Alec Bohm,bohmal01,R,29,PHI,NL,0.0,154,625,565,58,141,29,1,15,88,2,0,46,88,.250,.314,.384,.698,87,.318,89,217,19,9,0,5,1,53/H,,season
2026,64,Salvador Perez,perezsa02,R,36,KCR,AL,-0.6,151,624,577,50,132,24,1,21,77,1,0,25,119,.229,.273,.383,.656,82,.291,79,221,20,13,0,7,3,D23/H,,season
2026,65,Kyle Tucker,tuckeky01,L,29,LAD,NL,0.9,153,622,535,89,125,23,4,17,70,12,0,78,105,.234,.331,.387,.718,98,.327,98,207,7,3,0,6,1,*9/H,,season
2026,66,Michael Harris II,harrimi04,L,25,ATL,NL,5.0,155,621,591,79,174,36,1,26,87,12,3,23,119,.294,.321,.491,.812,120,.356,121,290,3,2,2,3,1,*8/HD7,,season
2026,67,Ketel Marte,marteke01,S,32,ARI,NL,2.5,140,620,558,78,139,31,3,22,75,4,0,51,86,.249,.316,.434,.750,107,.325,101,242,6,6,0,5,5,*4D/H,,season
2026,68,JJ Wetherholt,wethejj01,L,23,STL,NL,4.4,139,619,537,89,130,15,0,17,51,14,1,64,104,.242,.339,.365,.704,102,.327,107,196,6,16,0,2,2,*46/H,,season
2026,69,James Wood,woodja03,L,23,WSN,NL,3.7,134,619,510,105,136,30,1,30,77,21,4,101,177,.267,.389,.506,.895,145,.388,143,258,5,4,0,4,10,9D7/H,AS,season
2026,70,Ernie Clement,clemeer01,R,30,TOR,AL,1.1,157,618,587,60,153,33,1,9,48,7,1,22,58,.261,.286,.366,.653,79,.295,76,215,14,2,0,7,0,*465/H7,AS,season
2026,71,Jake Burger,burgeja01,R,30,TEX,AL,2.0,154,616,552,71,127,23,0,28,90,4,2,56,165,.230,.304,.424,.727,109,.320,109,234,8,4,0,4,0,*3/HD,,season
2026,72,Jakob Marsee,marseja01,L,25,MIA,NL,2.0,155,616,516,83,119,19,7,11,41,23,12,78,126,.231,.348,.359,.706,101,.323,106,185,4,15,6,1,1,*8H/D,,season
2026,73,Drake Baldwin,baldwdr01,L,25,ATL,NL,3.9,138,615,549,85,156,21,0,25,79,3,1,55,132,.284,.358,.459,.817,124,.359,125,252,16,9,0,2,2,2D/H,AS,season
2026,74,Mauricio Dubón,dubonma01,R,31,ATL,NL,2.6,152,615,568,65,156,28,3,11,71,10,3,35,73,.275,.320,.393,.712,96,.320,96,223,11,4,2,3,0,768/54HD,,season
2026,75,Luke Keaschall,keasclu01,R,23,MIN,AL,2.2,151,615,526,83,149,28,4,10,52,20,7,57,87,.283,.372,.409,.781,120,.358,126,215,9,22,2,8,1,498/H,,season
2026,76,Shohei Ohtani,ohtansh01,L,31,LAD,NL,3.3,134,615,520,89,143,26,4,30,81,11,3,81,152,.275,.377,.513,.890,143,.381,141,267,9,7,0,5,16,*D1/H,AS,season
2026,77,Chandler Simpson,simpsch01,L,25,TBR,AL,2.5,151,612,571,66,175,16,6,0,38,46,14,26,48,.306,.333,.356,.689,94,.317,93,203,6,0,9,6,1,*7/H8,,season
2026,78,Spencer Torkelson,torkesp01,R,26,DET,AL,1.3,158,610,525,66,121,28,1,26,77,1,1,71,193,.230,.330,.436,.766,113,.336,111,229,14,9,0,4,0,*3H/D,,season
2026,79,Vladimir Guerrero Jr.,guerrvl02,R,27,TOR,AL,1.1,144,609,542,72,141,25,0,9,57,7,4,56,81,.260,.332,.356,.688,90,.309,88,193,20,5,0,6,5,*3D/H,AS,season
2026,80,Dillon Dingler,dingldi01,R,27,DET,AL,4.0,145,607,551,72,134,27,2,27,91,0,0,34,139,.243,.302,.446,.749,107,.333,108,246,12,15,0,5,0,*2D/H,AS,season
2026,81,Taylor Ward,wardta01,R,32,2TM,AL,1.7,143,607,498,71,112,20,1,7,37,4,4,99,130,.225,.359,.311,.670,94,.315,102,155,9,7,0,3,2,7D9/H,,season
2026,81,Taylor Ward,wardta01,R,32,SEA,AL,-0.9,32,101,88,7,11,0,1,0,7,0,1,12,27,.125,.238,.148,.385,15,.207,30,13,2,1,0,0,0,9D/H,,stint
2026,81,Taylor Ward,wardta01,R,32,BAL,AL,2.7,111,506,410,64,101,20,0,7,30,4,3,87,103,.246,.383,.346,.730,110,.337,116,142,7,6,0,3,2,7D,,stint
2026,82,Xander Bogaerts,bogaexa01,R,33,SDP,NL,2.3,153,606,520,68,120,18,1,13,57,22,1,77,109,.231,.332,.344,.676,91,.319,95,179,12,4,0,5,2,*6/D,,season
2026,83,Jarren Duran,duranja01,L,29,BOS,AL,0.6,150,606,549,66,114,15,5,20,69,21,4,41,165,.208,.267,.362,.629,77,.283,72,199,5,6,3,7,3,*78/HD,,season
2026,84,Nick Gonzales,gonzani01,R,27,PIT,NL,1.6,147,604,547,71,165,27,1,6,61,7,3,43,99,.302,.366,.388,.753,106,.342,110,212,15,13,0,1,0,*54/DH6,,season
2026,85,Bryson Stott,stottbr01,L,28,PHI,NL,1.5,154,604,533,70,134,34,6,10,66,26,0,61,100,.251,.330,.394,.724,95,.333,93,210,14,3,4,3,0,*45/H,,season
2026,86,Carter Jensen,jenseca01,L,22,KCR,AL,3.3,149,603,527,80,126,35,2,27,81,2,1,65,170,.239,.323,.467,.790,119,.344,117,246,4,4,0,7,1,2DH,,season
2026,87,Nolan Arenado,arenano01,R,35,ARI,NL,3.4,151,596,530,79,135,24,1,30,86,4,0,52,120,.255,.331,.474,.805,121,.354,122,251,12,10,0,3,2,*5/DH,,season
2026,88,Xavier Edwards,edwarxa01,S,26,MIA,NL,3.0,142,595,518,61,145,17,6,6,52,21,5,68,83,.280,.360,.371,.730,108,.331,108,192,13,0,3,6,4,*4/DH,,season
2026,89,Ezequiel Durán,duranez01,R,27,TEX,AL,4.2,152,593,535,71,140,27,4,17,83,12,4,46,140,.262,.323,.422,.745,115,.333,117,226,7,5,1,6,0,564789/H3,,season
2026,90,Jake McCarthy,mccarja02,L,28,COL,NL,2.1,146,592,544,80,159,30,13,15,83,32,6,30,95,.292,.336,.478,.814,111,.361,109,260,9,8,4,5,1,*789/DH,,season
2026,91,Brayan Rocchio,rocchbr01,S,25,CLE,AL,2.7,153,592,534,66,135,25,2,15,73,20,7,38,85,.253,.313,.391,.705,99,.320,100,209,12,11,5,4,0,*64/H,,season
2026,92,Riley Greene,greenri03,L,25,DET,AL,2.8,139,588,507,79,143,32,2,21,75,3,1,71,154,.282,.372,.477,.850,136,.374,137,242,12,5,0,5,4,*7D/H,AS,season
2026,93,Caleb Durbin,durbica01,R,26,BOS,AL,4.4,152,582,504,74,125,25,1,13,64,20,6,51,79,.248,.333,.379,.712,102,.325,103,191,7,15,7,4,1,*5/H,,season
2026,94,Kody Clemens,clemeko01,L,30,MIN,AL,2.6,144,579,527,74,126,22,7,27,80,10,2,39,127,.239,.299,.461,.760,110,.335,109,243,10,7,3,3,1,43798/H,,season
2026,95,Jung Hoo Lee,leeju01,L,27,SFG,NL,1.2,143,579,539,65,149,31,4,10,57,12,1,29,57,.276,.320,.404,.724,105,.325,105,218,6,7,0,4,1,*98/HD,,season
2026,96,Jake Bauers,bauerja01,L,30,MIL,NL,3.2,143,574,473,92,126,22,2,26,86,11,6,94,155,.266,.390,.486,.877,141,.382,142,230,6,4,0,3,4,*397H/D,,season
2026,97,Ceddanne Rafaela,rafaece01,R,25,BOS,AL,5.7,137,574,539,67,152,32,3,16,70,17,9,22,116,.282,.318,.442,.760,113,.337,115,238,11,8,2,3,1,*8/H,AS,season
2026,98,Hunter Goodman,goodmhu01,R,26,COL,NL,2.7,137,570,515,84,127,20,2,41,88,5,5,45,174,.247,.311,.532,.843,116,.359,115,274,9,5,0,5,3,2D/H,AS,season
2026,99,Jackson Chourio,chourja01,R,22,MIL,NL,4.8,126,569,518,94,149,27,0,25,73,23,5,47,134,.288,.348,.485,.833,127,.365,126,251,7,2,0,2,5,*78/H9D,,season
2026,100,Andy Pages,pagesan01,R,25,LAD,NL,6.0,133,569,508,74,139,26,2,22,81,13,7,48,112,.274,.343,.463,.805,120,.355,122,235,11,8,0,5,1,*8/DH,AS,season
2026,101,Jose Altuve,altuvjo01,R,36,HOU,AL,0.1,134,568,519,70,130,24,2,16,49,5,4,41,113,.250,.307,.397,.704,99,.312,99,206,19,3,1,4,1,*4/D,,season
2026,102,Brandon Marsh,marshbr02,L,28,PHI,NL,0.6,154,564,522,71,136,20,2,18,61,11,3,34,142,.261,.306,.410,.716,91,.313,85,214,5,2,2,4,5,*798H,AS,season
2026,103,Cam Smith,smithca07,R,23,HOU,AL,0.9,156,563,506,66,105,17,6,21,55,12,2,43,147,.208,.276,.389,.665,87,.297,85,197,9,7,0,6,0,*9/H8,,season
2026,104,Cody Bellinger,bellico01,L,30,NYY,AL,4.7,132,562,496,73,131,25,3,17,73,12,6,59,89,.264,.338,.429,.768,113,.341,113,213,5,0,0,7,0,*78/39DH,AS,season
2026,105,Chase DeLauter,delauch01,L,24,CLE,AL,3.5,133,559,495,62,142,30,3,16,67,11,2,60,82,.287,.363,.457,.820,131,.367,133,226,13,1,0,3,1,9D/H,,season
2026,106,Max Muncy,muncyma01,L,35,LAD,NL,3.8,148,556,485,80,121,26,1,29,76,3,0,63,140,.249,.344,.487,.830,126,.360,125,236,8,7,0,1,4,*5H/D,AS,season
2026,107,Sam Antonacci,antonsa01,L,23,CHW,AL,2.3,139,553,477,81,131,24,4,8,48,19,8,43,82,.275,.367,.392,.759,114,.353,123,187,2,28,3,2,0,*74H/D5,,season
2026,108,Liam Hicks,hicksli01,L,27,2TM,2LG,3.3,141,550,475,66,134,14,1,18,82,3,0,56,55,.282,.366,.429,.796,124,.356,127,204,7,11,1,7,3,2D3H,,season
2026,108,Liam Hicks,hicksli01,L,27,TBR,AL,0.6,40,141,121,12,34,5,0,4,20,0,0,16,16,.281,.376,.421,.797,123,.352,122,51,2,3,0,1,2,2/H3,,stint
2026,108,Liam Hicks,hicksli01,L,27,MIA,NL,2.6,101,409,354,54,100,9,1,14,62,3,0,40,39,.282,.363,.432,.795,125,.357,129,153,5,8,1,6,1,D23H,,stint
2026,109,Jac Caglianone,caglija01,L,23,KCR,AL,3.2,142,549,508,72,146,31,2,23,75,7,2,33,143,.287,.339,.492,.831,130,.366,132,250,5,7,0,1,2,93D/H,,season
2026,110,Gabriel Moreno,morenga01,R,26,ARI,NL,6.3,130,549,473,72,147,33,1,16,83,6,4,61,80,.311,.388,.486,.874,142,.383,145,230,9,5,0,10,0,2D/H5,,season
2026,111,Munetaka Murakami,murakmu01,L,26,CHW,AL,2.2,126,549,450,81,93,15,1,35,77,1,3,92,195,.207,.348,.478,.826,130,.353,126,215,3,6,0,1,8,*3/DH,AS,season
2026,112,José Ramírez,ramirjo01,S,33,CLE,AL,2.6,125,544,473,71,111,27,0,12,53,37,4,60,69,.235,.320,.368,.688,95,.325,96,174,6,3,0,7,8,5D/H,,season
2026,113,Marcus Semien,semiema01,R,35,NYM,NL,0.3,138,543,490,55,105,14,1,15,49,10,3,45,103,.214,.280,.339,.619,74,.288,78,166,10,2,1,5,0,*4/H,,season
2026,114,Luis García Jr.,garcilu04,L,26,2TM,2LG,2.8,147,543,516,69,143,26,5,30,92,5,2,25,97,.277,.309,.521,.831,125,.359,125,269,9,0,0,2,0,*3HD,,season
2026,114,Luis García Jr.,garcilu04,L,26,NYY,AL,0.6,43,169,159,21,42,6,0,7,16,1,1,9,36,.264,.302,.434,.736,102,.324,102,69,3,0,0,1,0,3/HD,,stint
2026,114,Luis García Jr.,garcilu04,L,26,WSN,NL,2.2,104,374,357,48,101,20,5,23,76,4,1,16,61,.283,.313,.560,.873,135,.375,136,200,6,0,0,1,0,3H/D,,stint
2026,115,JJ Bleday,bledajj01,L,28,CIN,NL,1.1,132,541,462,61,99,16,2,24,58,6,5,72,120,.214,.322,.413,.736,103,.327,105,191,6,3,0,3,1,*79/DH,,season
2026,116,Lawrence Butler,butlela01,L,25,ATH,AL,0.4,153,535,468,64,110,19,2,17,62,10,7,61,138,.235,.325,.393,.718,97,.321,97,184,7,2,2,2,1,*98H/D,,season
2026,117,Willson Contreras,contrwi01,R,34,BOS,AL,4.5,129,533,446,68,123,21,3,27,81,3,3,59,134,.276,.387,.518,.905,154,.398,159,231,9,24,1,3,2,*3/D,AS,season
2026,118,Jazz Chisholm Jr.,chishja01,L,28,NYY,AL,1.7,137,532,471,69,109,16,3,19,55,41,9,56,157,.231,.312,.399,.711,97,.322,92,188,5,1,0,4,3,*4/HD,,season
2026,119,Masyn Winn,winnma01,R,24,STL,NL,2.7,136,532,470,54,109,21,2,5,56,10,3,48,116,.232,.308,.317,.625,80,.291,84,149,9,7,0,7,0,*6/H,,season
2026,120,Dominic Canzone,canzodo01,L,28,SEA,AL,2.7,145,528,473,59,125,28,4,23,77,2,1,47,110,.264,.335,.486,.821,134,.354,131,230,8,5,0,3,2,D9H,,season
2026,121,Garrett Mitchell,mitchga01,L,27,MIL,NL,3.4,144,527,458,73,120,30,4,11,65,14,10,59,167,.262,.353,.417,.770,112,.335,110,191,4,6,3,1,3,*8H/D,,season
2026,122,Mookie Betts,bettsmo01,R,33,LAD,NL,4.0,122,526,476,71,123,25,0,23,69,2,3,47,56,.258,.327,.456,.783,114,.343,115,217,14,2,0,1,3,*6,,season
2026,123,Daulton Varsho,varshda01,L,29,2TM,AL,0.9,140,526,484,51,107,23,3,12,40,12,0,39,107,.221,.281,.355,.637,76,.290,73,172,4,2,0,1,2,*8/H7D,,season
2026,123,Daulton Varsho,varshda01,L,29,HOU,AL,0.0,41,161,151,12,26,4,1,5,14,3,0,10,36,.172,.224,.311,.535,51,.253,52,47,2,0,0,0,0,8/7,,stint
2026,123,Daulton Varsho,varshda01,L,29,TOR,AL,0.9,99,365,333,39,81,19,2,7,26,9,0,29,71,.243,.307,.375,.682,87,.307,82,125,2,2,0,1,2,8/HD,,stint
2026,124,Cal Raleigh,raleica01,S,29,SEA,AL,1.0,125,525,446,49,79,15,0,23,68,2,1,72,163,.177,.293,.365,.659,89,.294,88,163,5,3,0,4,1,2D/H,,season
2026,125,Jeff McNeil,mcneije01,L,34,ATH,AL,0.6,143,516,474,52,126,23,0,9,59,8,2,31,59,.266,.315,.371,.686,89,.307,85,176,13,5,1,4,1,43H/D957,,season
2026,126,Isaac Collins,colliis01,S,28,KCR,AL,0.4,144,515,439,47,93,24,3,6,40,8,5,63,120,.212,.318,.321,.640,81,.295,83,141,8,7,3,3,0,*7H/4D,,season
2026,127,George Springer,springe01,R,36,TOR,AL,0.5,125,515,460,59,114,22,2,15,54,12,2,47,94,.248,.320,.402,.722,98,.330,100,185,10,3,0,2,0,*DH/7,,season
2026,128,Travis Bazzana,bazzatr01,L,23,CLE,AL,2.8,123,513,445,56,110,22,3,15,57,19,6,56,107,.247,.337,.411,.748,111,.335,110,183,4,7,0,5,1,*4D/H,AS,season
2026,129,Kyle Stowers,stoweky01,L,28,MIA,NL,1.2,121,512,447,57,107,27,4,21,65,1,1,52,161,.239,.331,.459,.789,121,.342,120,205,9,10,1,2,5,379D/H,,season
2026,130,Willy Adames,adamewi01,R,30,SFG,NL,1.7,121,505,465,62,107,25,1,21,51,5,2,37,139,.230,.289,.424,.713,100,.318,103,197,3,2,0,1,0,*6,,season
2026,131,Andrés Giménez,gimenan01,L,27,TOR,AL,1.0,147,505,466,38,114,25,1,9,59,20,4,17,94,.245,.290,.361,.651,78,.290,70,168,7,15,2,5,2,*6H,,season
2026,132,Royce Lewis,lewisro02,R,27,MIN,AL,0.8,124,505,459,50,103,24,1,14,56,15,0,38,129,.224,.285,.373,.658,83,.303,83,171,5,3,0,5,1,354/H,,season
2026,133,Ezequiel Tovar,tovarez01,R,24,COL,NL,-0.3,145,503,462,57,101,23,0,13,44,8,1,29,129,.219,.263,.353,.616,60,.279,54,163,8,2,2,8,0,*6/H,,season
2026,134,Heriberto Hernández,hernahe01,R,26,MIA,NL,2.0,129,501,444,49,100,16,2,24,66,13,5,52,133,.225,.311,.432,.744,108,.338,115,192,6,4,0,1,1,*7H/9D,,season
2026,135,Cedric Mullins,mullice01,L,31,TBR,AL,0.9,136,498,435,56,89,10,3,15,48,21,10,43,95,.205,.284,.345,.629,75,.282,72,150,3,7,6,4,0,*8H/D,,season
2026,136,Eugenio Suárez,suareeu01,R,34,CIN,NL,0.6,125,498,434,50,92,18,0,26,74,1,1,52,169,.212,.307,.433,.740,104,.325,103,188,6,9,0,3,1,D5/H,,season
2026,137,Christian Yelich,yelicch01,L,34,MIL,NL,0.1,117,496,438,69,103,23,2,12,58,11,1,49,133,.235,.315,.379,.694,91,.307,85,166,7,4,1,4,4,*DH/7,,season
2026,138,Ty France,francty01,R,31,SDP,NL,4.5,132,495,436,57,128,24,2,21,71,1,1,36,108,.294,.360,.502,.863,139,.374,140,219,11,14,0,8,1,*3/H5D,,season
2026,139,Matt McLain,mclaima01,R,26,CIN,NL,-0.4,133,493,434,59,81,18,1,15,40,20,4,48,138,.187,.276,.336,.612,70,.278,65,146,3,6,3,2,1,46/H8,,season
2026,140,Tristan Peters,petertr01,L,26,CHW,AL,3.6,155,490,436,63,116,31,4,12,56,8,2,37,90,.266,.337,.438,.776,116,.345,117,191,0,11,4,2,0,*87H9,AS,season
2026,141,Nasim Nuñez,nunezna01,S,25,WSN,NL,1.2,146,489,427,55,89,5,3,1,36,49,10,49,99,.208,.292,.241,.533,50,.273,53,103,8,2,9,2,0,46H/D,,season
2026,142,A.J. Ewing,ewingaj01,L,21,NYM,NL,3.1,119,488,433,55,110,19,1,11,43,25,8,45,124,.254,.324,.379,.703,98,.325,103,164,3,2,4,4,1,*87/H49D,,season
2026,143,Teoscar Hernández,hernate01,R,33,LAD,NL,0.9,124,488,439,66,118,18,2,16,64,5,1,42,135,.269,.336,.428,.764,110,.338,109,188,13,4,0,3,2,*7/9DH,,season
2026,144,J.P. Crawford,crawfjp01,L,31,SEA,AL,1.0,115,486,409,54,90,12,0,14,40,1,3,64,95,.220,.335,.352,.687,99,.310,101,144,6,8,2,3,1,65/HD,,season
2026,145,Javier Sanoja,sanojja01,R,23,MIA,NL,3.4,143,486,457,50,136,32,5,11,69,11,5,27,39,.298,.336,.462,.798,124,.354,128,211,8,0,1,1,2,*54967H/18,,season
2026,146,Ildemaro Vargas,vargail01,S,34,ARI,NL,1.2,141,486,453,62,115,19,5,9,67,3,1,27,49,.254,.298,.377,.675,87,.301,85,171,7,2,1,2,2,34H/5D617,,season
2026,147,Trent Grisham,grishtr01,L,29,NYY,AL,0.6,121,484,418,67,88,19,2,18,59,9,3,61,89,.211,.308,.395,.703,95,.316,94,165,8,0,0,4,0,*8H/D,,season
2026,148,Dansby Swanson,swansda01,R,32,CHC,NL,3.1,125,482,425,82,91,16,3,19,69,17,1,50,113,.214,.297,.400,.697,91,.325,95,170,5,2,1,4,0,*6/DH,,season
2026,149,Leody Taveras,taverle01,S,27,BAL,AL,-0.1,139,482,429,58,94,18,6,8,56,11,4,41,124,.219,.288,.345,.633,80,.287,78,148,8,1,9,2,0,*89H/75,,season
2026,150,Willi Castro,castrwi01,S,29,COL,NL,1.0,120,477,427,65,111,20,1,15,56,10,6,41,129,.260,.331,.417,.748,95,.330,93,178,4,6,0,3,0,4563/H78,,season
2026,151,Vinnie Pasquantino,pasquvi01,L,28,KCR,AL,2.2,113,477,417,52,103,20,2,15,61,5,0,51,75,.247,.331,.412,.744,108,.333,107,172,6,4,0,5,3,3/DH,,season
2026,152,Jeremy Peña,penaje02,R,28,HOU,AL,4.0,111,477,442,81,122,19,2,22,55,12,2,24,114,.276,.325,.477,.802,125,.359,128,211,5,9,0,2,0,*6/HD,,season
2026,153,Juan Soto,sotoju01,L,27,NYM,NL,3.2,110,477,395,63,110,11,2,27,68,9,3,78,65,.278,.397,.522,.919,157,.390,153,206,7,1,0,2,15,7D/H,AS,season
2026,154,Jake Mangum,manguja01,S,30,PIT,NL,0.8,132,475,432,56,118,19,2,5,32,23,9,25,93,.273,.329,.361,.690,89,.310,86,156,7,12,4,2,1,*789H,,season
2026,155,Kyle Karros,karroky01,R,23,COL,NL,1.3,130,471,407,63,103,21,3,13,49,5,0,54,98,.253,.348,.415,.763,100,.344,101,169,5,7,0,3,2,*5/H,,season
2026,156,Vaughn Grissom,grissva01,R,25,LAA,AL,0.6,118,470,419,47,102,22,0,13,71,1,0,31,86,.243,.310,.389,.699,100,.316,102,163,19,12,1,6,0,345H/D,,season
2026,157,Ronald Acuña Jr.,acunaro01,R,28,ATL,NL,1.7,107,469,408,61,104,18,1,20,55,21,8,53,103,.255,.345,.451,.796,118,.351,118,184,7,5,0,3,2,9D,,season
2026,158,Brett Baty,batybr01,L,26,NYM,NL,1.7,142,469,416,53,99,22,1,11,56,5,1,44,123,.238,.312,.375,.687,93,.312,95,156,5,3,0,5,0,5349HD/76,,season
2026,159,Henry Bolte,boltehe01,R,22,ATH,AL,3.5,118,469,411,57,115,16,2,11,38,21,8,39,132,.280,.362,.409,.771,112,.352,116,168,5,15,1,2,0,*87/H9D,,season
2026,160,Andrew Benintendi,beninan01,L,31,CHW,AL,0.1,141,468,421,58,101,24,2,15,78,1,0,39,112,.240,.302,.413,.715,99,.319,99,174,6,1,1,6,1,*DH7/9,,season
2026,161,Tyler Stephenson,stephty01,R,29,CIN,NL,2.3,130,468,411,41,99,22,0,15,54,0,1,49,128,.241,.323,.404,.727,101,.321,101,166,8,3,0,5,1,*2DH/3,,season
2026,162,Wyatt Langford,langfwy01,R,24,TEX,AL,3.6,109,467,407,64,97,20,2,17,44,15,4,55,107,.238,.334,.423,.757,119,.342,122,172,8,4,0,1,1,78/DH,,season
2026,163,Jacob Young,youngja03,R,26,WSN,NL,1.8,139,467,417,57,105,22,3,10,49,18,4,33,77,.252,.318,.391,.709,95,.327,99,163,6,9,4,3,0,*8/HD,,season
2026,164,Nathan Church,churcna01,L,25,STL,NL,1.8,141,466,430,53,107,17,2,10,50,10,5,25,80,.249,.292,.367,.660,88,.293,87,158,6,4,1,6,0,*87/H9,,season
2026,165,Shea Langeliers,langesh01,R,28,ATH,AL,3.4,105,464,422,58,110,21,0,23,58,3,1,36,109,.261,.325,.474,.799,117,.352,118,200,9,5,0,1,2,2D/H,AS,season
2026,166,Francisco Lindor,lindofr01,S,32,NYM,NL,1.6,104,464,414,61,92,12,4,20,48,3,2,45,95,.222,.306,.415,.721,102,.322,104,172,4,5,0,0,0,6/D,,season
2026,167,J.T. Realmuto,realmjt01,R,35,PHI,NL,0.1,122,463,410,51,84,18,0,11,50,3,0,37,99,.205,.283,.329,.612,65,.277,60,135,9,10,0,6,0,*2,,season
2026,168,Justin Crawford,crawfju01,L,22,PHI,NL,-0.1,148,461,421,48,111,19,5,3,41,17,4,27,82,.264,.310,.354,.664,79,.300,74,149,7,3,6,4,0,*8H/D,,season
2026,169,José Caballero,cabaljo01,R,29,NYY,AL,2.0,136,456,411,50,95,13,0,14,51,34,11,29,111,.231,.290,.365,.655,82,.298,78,150,10,7,4,5,0,654H7/98D,,season
2026,170,Coby Mayo,mayoco01,R,24,BAL,AL,1.1,132,454,412,64,94,18,3,24,63,4,0,36,138,.228,.297,.461,.759,112,.336,113,190,4,5,0,1,0,5D3H,,season
2026,171,Evan Carter,carteev01,L,23,TEX,AL,1.8,140,453,390,52,76,14,3,9,40,17,3,47,114,.195,.288,.315,.604,76,.279,75,123,1,5,9,2,0,*8H,,season
2026,172,Tyler Soderstrom,soderty01,L,24,ATH,AL,2.6,109,453,396,58,97,27,3,19,56,2,1,53,91,.245,.338,.472,.810,121,.357,122,187,9,3,0,1,4,7/DH,,season
2026,173,Michael Massey,massemi02,L,28,KCR,AL,2.0,131,452,423,49,115,25,1,13,50,3,0,21,75,.272,.303,.428,.731,103,.322,100,181,10,0,3,5,0,*4/H759D,,season
2026,174,Nathan Lukes,lukesna01,L,31,TOR,AL,2.3,125,450,408,48,113,15,0,10,41,1,1,25,64,.277,.327,.387,.715,96,.321,97,158,13,7,7,3,0,*9H78,,season
2026,175,Bryce Eldridge,eldribr01,L,21,SFG,NL,2.0,107,448,386,50,104,23,0,17,57,1,1,59,119,.269,.364,.461,.825,133,.361,134,178,0,0,0,3,1,D3/H,,season
2026,176,Ryan O'Hearn,ohearry01,L,32,PIT,NL,0.3,109,448,404,58,108,17,0,18,76,1,0,35,97,.267,.333,.443,.776,110,.342,110,179,15,6,0,3,1,39D/H,,season
2026,177,Spencer Horwitz,horwisp01,L,28,PIT,NL,0.0,113,447,382,44,94,14,1,10,49,1,0,53,72,.246,.345,.366,.711,95,.322,95,140,14,7,0,5,0,3H/D,,season
2026,178,Nolan Schanuel,schanno01,L,24,LAA,AL,2.1,107,446,392,43,108,22,0,7,49,1,1,42,58,.276,.351,.385,.736,112,.332,114,151,10,6,1,5,0,3/HD,,season
2026,179,Troy Johnston,johnstr02,L,29,COL,NL,-0.7,127,445,393,41,110,32,1,4,50,4,5,37,81,.280,.351,.397,.748,96,.330,95,156,8,9,1,5,0,97D3H/1,,season
2026,180,Josh Jung,jungjo01,R,28,TEX,AL,2.2,104,444,398,54,119,27,1,12,42,1,1,35,80,.299,.365,.462,.827,139,.367,142,184,18,8,0,3,0,5/D,,season
2026,181,Heliot Ramos,ramoshe02,R,26,2TM,2LG,0.6,112,442,404,48,99,20,4,13,46,4,1,31,121,.245,.305,.411,.716,101,.316,99,166,10,5,0,2,2,*79/HD,,season
2026,181,Heliot Ramos,ramoshe02,R,26,NYY,AL,-0.4,38,136,116,12,23,7,1,4,12,1,0,15,39,.198,.309,.379,.688,91,.307,88,44,6,4,0,1,1,97/H,,stint
2026,181,Heliot Ramos,ramoshe02,R,26,SFG,NL,1.0,74,306,288,36,76,13,3,9,34,3,1,16,82,.264,.304,.424,.728,105,.319,103,122,4,1,0,1,1,7/9HD,,stint
2026,182,Dylan Crews,crewsdy01,R,24,WSN,NL,0.7,108,439,400,54,89,19,1,13,44,12,0,30,106,.223,.289,.373,.662,81,.303,80,149,8,8,0,1,0,987/HD,,season
2026,183,Mickey Moniak,moniami01,L,28,COL,NL,0.0,117,436,404,49,96,17,6,23,65,1,1,22,120,.238,.278,.480,.758,94,.321,87,194,4,3,0,7,0,7D9H8,,season
2026,184,Nick Kurtz,kurtzni01,L,23,ATH,AL,3.7,99,434,352,62,90,15,1,21,69,7,1,79,141,.256,.396,.483,.879,141,.390,144,170,5,3,0,0,9,3/DH,AS,season
2026,185,Trevor Larnach,larnatr01,L,29,MIN,AL,1.4,122,433,383,57,103,23,1,13,48,2,2,45,79,.269,.352,.436,.788,120,.351,123,167,10,4,1,0,1,*7H/D,,season
2026,186,Taylor Walls,wallsta01,S,29,TBR,AL,3.5,124,433,369,60,82,18,2,2,36,21,3,45,105,.222,.309,.298,.607,71,.289,70,110,4,3,12,4,0,*6/H,,season
2026,187,Joc Pederson,pederjo01,L,34,TEX,AL,1.7,136,432,374,56,88,12,2,26,53,2,0,49,102,.235,.329,.487,.816,134,.355,133,182,11,5,0,3,2,*DH/39,,season
2026,188,Corey Seager,seageco01,L,32,TEX,AL,3.1,101,432,380,56,86,16,0,19,49,2,0,45,103,.226,.313,.418,.731,111,.324,111,159,15,4,0,3,4,6/D,,season
2026,189,Zack Gelof,gelofza01,R,26,ATH,AL,3.6,110,431,390,76,101,16,2,22,55,16,3,31,104,.259,.325,.479,.804,118,.364,123,187,8,7,3,0,0,5478/H9D,,season
2026,190,Nick Loftin,loftini01,R,27,KCR,AL,1.5,118,426,371,42,89,27,2,8,45,4,1,41,73,.240,.322,.388,.710,99,.318,98,144,6,6,4,4,0,54H9/673D,,season
2026,191,Carson Kelly,kellyca02,R,31,CHC,NL,1.9,120,425,380,57,98,15,0,10,58,0,1,40,70,.258,.336,.376,.713,97,.324,100,143,11,5,0,0,0,2H/D31,,season
2026,192,Nathaniel Lowe,lowena01,L,30,2TM,2LG,0.5,125,425,377,38,95,22,0,17,64,0,0,38,99,.252,.318,.446,.763,111,.338,113,168,3,2,0,8,1,3DH,,season
2026,192,Nathaniel Lowe,lowena01,L,30,CLE,AL,-0.3,42,149,129,12,29,5,0,5,27,0,0,10,29,.225,.275,.380,.655,84,.294,84,49,1,2,0,8,0,3/H,,stint
2026,192,Nathaniel Lowe,lowena01,L,30,CIN,NL,0.8,83,276,248,26,66,17,0,12,37,0,0,28,70,.266,.341,.480,.820,126,.362,129,119,2,0,0,0,1,D3H,,stint
2026,193,Colt Keith,keithco01,L,24,DET,AL,0.8,140,423,384,51,99,19,4,10,36,6,0,32,84,.258,.322,.406,.728,103,.324,99,156,8,5,0,2,0,5DH3,,season
2026,194,Francisco Alvarez,alvarfr01,R,24,NYM,NL,0.4,113,420,373,38,87,14,0,16,43,0,0,39,129,.233,.311,.399,.710,99,.316,100,149,17,4,0,2,1,2D/H,,season
2026,195,Jake Cronenworth,croneja01,L,32,SDP,NL,0.0,108,420,375,46,85,13,1,7,40,9,2,36,96,.227,.305,.323,.627,77,.291,78,121,3,6,3,0,0,4/35DH6,,season
2026,196,Zach McKinstry,mckinza01,L,31,DET,AL,1.5,128,420,368,42,74,15,4,4,26,3,5,42,68,.201,.290,.296,.586,65,.283,76,109,4,5,3,2,1,946H/5871,,season
2026,197,Gleyber Torres,torregl01,R,29,DET,AL,2.0,96,420,358,57,93,13,0,8,38,0,0,57,81,.260,.364,.363,.727,105,.333,109,130,8,3,0,2,3,4D/H,,season
2026,198,Oneil Cruz,cruzon01,L,27,PIT,NL,2.9,97,419,368,65,103,14,1,20,67,30,7,47,139,.280,.368,.486,.854,131,.387,136,179,5,4,0,0,3,8/DH,,season
2026,199,Gavin Sheets,sheetga01,L,30,SDP,NL,-0.3,124,417,361,46,76,16,0,16,47,4,0,49,85,.211,.312,.388,.700,95,.312,94,140,12,5,0,2,0,37DH/9,,season
2026,200,Joey Ortiz,ortizjo06,R,27,MIL,NL,2.6,134,415,371,49,100,14,4,9,47,9,5,35,82,.270,.328,.402,.730,101,.319,97,149,12,0,4,5,0,65H/34D,,season
2026,201,Angel Martínez,martian02,S,24,CLE,AL,1.1,113,412,385,49,99,24,2,18,62,11,3,13,90,.257,.293,.470,.763,112,.334,110,181,9,7,6,1,0,*79H/8,,season
2026,202,Casey Schmitt,schmica01,R,27,SFG,NL,1.5,98,409,387,47,105,17,1,21,55,9,1,11,81,.271,.301,.483,.784,119,.340,116,187,6,7,0,4,1,75D3/46,,season
2026,203,Byron Buxton,buxtoby01,R,32,MIN,AL,3.4,93,408,370,65,94,18,1,25,46,7,1,30,100,.254,.319,.511,.829,129,.359,126,189,4,6,0,2,2,8D/H,AS,season
2026,204,Adley Rutschman,rutscad01,S,28,2TM,AL,2.4,98,407,362,43,87,26,1,12,59,0,1,38,68,.240,.312,.417,.729,105,.322,105,151,8,2,0,5,0,2D/H,AS,season
2026,204,Adley Rutschman,rutscad01,S,28,BOS,AL,0.5,31,123,115,13,25,7,0,4,12,0,0,8,28,.217,.268,.383,.651,82,.292,82,44,2,0,0,0,0,2/DH,,stint
2026,204,Adley Rutschman,rutscad01,S,28,BAL,AL,1.9,67,284,247,30,62,19,1,8,47,0,1,30,40,.251,.331,.433,.764,116,.335,115,107,6,2,0,5,0,2D/H,,stint
2026,205,Mike Yastrzemski,yastrmi01,L,35,ATL,NL,0.8,138,404,357,51,81,18,1,12,41,1,0,41,97,.227,.312,.384,.696,91,.313,91,137,5,4,0,2,0,*79H/D8,,season
2026,206,Samuel Basallo,basalsa01,L,21,BAL,AL,1.6,112,399,360,40,80,10,1,18,54,0,0,32,106,.222,.291,.406,.696,96,.308,95,146,7,4,0,3,2,2DH3,,season
2026,207,Richie Palacios,palacri01,L,29,TBR,AL,2.0,123,395,341,51,81,14,2,10,57,17,7,46,68,.238,.333,.378,.712,99,.323,100,129,7,4,2,2,0,*4H/D579,,season
2026,208,Colton Cowser,cowseco01,L,26,BAL,AL,2.5,142,392,341,41,77,10,0,13,40,10,4,46,121,.226,.317,.370,.687,95,.309,95,126,2,1,1,3,0,*8H97/D,,season
2026,209,Drew Gilbert,gilbedr01,L,25,SFG,NL,1.7,133,390,338,53,81,14,3,11,43,2,4,38,70,.240,.330,.396,.726,106,.325,111,134,10,9,2,3,2,*8H7/9,,season
2026,210,Jonah Heim,heimjo01,S,31,2TM,2LG,-1.1,105,390,358,34,73,19,0,13,43,0,0,27,70,.204,.262,.366,.627,71,.285,71,131,11,2,0,3,0,2DH/35,,season
2026,210,Jonah Heim,heimjo01,S,31,ATH,AL,-0.9,93,345,319,30,64,15,0,12,35,0,0,22,65,.201,.255,.361,.616,67,.281,68,115,10,2,0,2,0,2DH/35,,stint
2026,210,Jonah Heim,heimjo01,S,31,ATL,NL,-0.2,12,45,39,4,9,4,0,1,8,0,0,5,5,.231,.311,.410,.721,97,.314,93,16,1,0,0,1,0,2,,stint
2026,211,Austin Wells,wellsau01,L,26,NYY,AL,1.2,122,388,334,39,62,7,0,14,32,4,0,48,103,.186,.292,.332,.624,74,.284,71,111,11,3,1,2,2,*2H,,season
2026,212,David Hamilton,hamilda03,L,28,MIL,NL,1.8,120,384,336,48,82,13,3,4,26,30,7,32,86,.244,.314,.336,.650,80,.302,77,113,1,2,13,0,0,564H,,season
2026,213,Spencer Steer,steersp01,R,28,CIN,NL,0.2,98,384,340,54,81,14,0,16,40,3,0,35,86,.238,.319,.421,.739,104,.327,102,143,10,6,0,2,0,3974/H58D,,season
2026,214,Victor Caratini,caratvi01,S,32,MIN,AL,0.1,106,382,327,28,72,10,0,7,44,0,0,34,80,.220,.312,.315,.627,77,.289,78,103,8,13,0,8,1,23H/D,,season
2026,215,Sal Frelick,frelisa01,L,26,MIL,NL,-0.4,110,381,336,36,78,18,0,4,40,7,3,31,38,.232,.298,.321,.619,71,.283,70,108,5,2,2,4,1,9H/7D8,,season
2026,216,Paul Goldschmidt,goldspa01,R,38,NYY,AL,1.3,105,380,345,44,87,13,1,18,52,1,0,29,86,.252,.313,.452,.765,111,.333,107,156,6,3,0,3,2,3HD,,season
2026,217,Carlos Cortes,corteca01,L,29,ATH,AL,-1.0,123,379,341,30,86,16,2,10,43,2,1,31,63,.252,.319,.399,.718,97,.316,93,136,14,4,0,3,0,79DH/1,,season
2026,218,Connor Norby,norbyco01,R,26,2TM,NL,0.8,104,379,327,36,79,23,0,7,33,10,3,40,108,.242,.340,.376,.717,97,.334,105,123,6,10,0,2,0,345D/H,,season
2026,218,Connor Norby,norbyco01,R,26,COL,NL,1.0,39,146,127,19,38,11,0,3,17,4,0,16,38,.299,.384,.457,.840,120,.395,135,58,1,2,0,1,0,4/53HD,,stint
2026,218,Connor Norby,norbyco01,R,26,MIA,NL,-0.2,65,233,200,17,41,12,0,4,16,6,3,24,70,.205,.313,.325,.638,82,.295,86,65,5,8,0,1,0,35D/H,,stint
2026,219,Lane Thomas,thomala02,R,30,2TM,2LG,0.3,118,374,326,37,73,19,0,11,40,9,3,44,93,.224,.318,.383,.702,96,.319,98,125,4,2,0,2,0,8H79/D,,season
2026,219,Lane Thomas,thomala02,R,30,KCR,AL,0.4,97,328,285,31,66,16,0,10,37,7,3,39,78,.232,.326,.393,.719,102,.323,102,112,4,2,0,2,0,89H7/D,,stint
2026,219,Lane Thomas,thomala02,R,30,ATL,NL,0.0,21,46,41,6,7,3,0,1,3,2,0,5,15,.171,.261,.317,.578,59,.291,69,13,0,0,0,0,0,7H/D9,,stint
2026,220,Cole Carrigg,carrico01,S,24,COL,NL,1.1,92,368,329,49,92,22,4,11,52,11,5,28,87,.280,.342,.471,.813,111,.350,107,155,5,5,2,4,2,86/H9,,season
2026,221,Jonny DeLuca,delucjo01,R,27,TBR,AL,1.7,111,366,346,42,91,24,0,9,48,17,6,17,78,.263,.298,.410,.708,96,.318,96,142,11,0,3,0,0,98H/7D,,season
2026,222,José Fermín,fermijo01,R,27,STL,NL,0.6,117,366,323,33,81,17,0,6,41,8,0,30,49,.251,.312,.359,.671,92,.312,96,116,9,2,2,7,0,75H84/69D3,,season
2026,223,Oswald Peraza,perazos02,R,26,LAA,AL,1.3,122,366,337,33,76,12,2,7,25,12,2,17,109,.226,.282,.335,.618,77,.292,82,113,8,10,1,1,0,45H6/D3,,season
2026,224,Ryan Jeffers,jeffery01,R,29,MIN,AL,2.6,91,365,314,49,79,18,2,14,55,1,0,45,66,.252,.349,.455,.804,124,.358,127,143,5,3,0,2,2,2/HD,,season
2026,225,Jorbit Vivas,vivasjo01,L,25,WSN,NL,0.9,121,364,311,32,74,15,1,3,31,2,1,41,53,.238,.331,.322,.652,82,.304,86,100,3,4,3,4,0,45H/1D,,season
2026,226,Dylan Beavers,beavedy01,L,24,BAL,AL,-0.5,104,363,324,41,74,20,0,9,44,5,5,35,99,.228,.307,.373,.680,93,.299,91,121,3,2,1,1,1,79HD/8,,season
2026,227,Braden Montgomery,montgbr01,S,23,CHW,AL,0.3,92,361,319,47,72,16,3,6,38,1,3,38,71,.226,.313,.351,.664,87,.297,87,112,5,3,0,1,0,9/H8D,,season
2026,228,Jorge Soler,solerjo01,R,34,LAA,AL,-0.3,86,361,316,36,64,16,1,12,49,0,0,35,118,.203,.291,.373,.664,90,.303,93,118,10,6,0,4,0,D/9H,,season
2026,229,Jared Triolo,triolja01,R,28,PIT,NL,1.0,124,361,323,34,77,12,0,3,29,13,1,28,71,.238,.308,.303,.612,68,.295,71,98,8,5,2,1,0,65H/398D,,season
2026,230,Hao-Yu Lee,leeha02,R,23,DET,AL,1.1,113,360,326,40,87,19,2,10,46,3,2,30,85,.267,.326,.429,.755,110,.330,107,140,5,0,1,3,1,45H/D6,,season
2026,231,Ryan McMahon,mcmahry01,L,31,NYY,AL,0.0,124,360,328,33,70,14,0,11,41,3,2,28,106,.213,.279,.357,.635,76,.287,75,117,7,2,1,1,0,*5/H6,,season
2026,232,Yainer Diaz,diazya02,R,27,HOU,AL,1.6,97,356,339,37,96,15,1,14,44,0,2,12,56,.283,.312,.457,.769,116,.337,117,155,8,3,0,2,0,2/DH3,,season
2026,233,Kyle Manzardo,manzaky01,L,25,CLE,AL,0.6,102,356,312,40,67,10,1,13,39,0,0,36,114,.215,.306,.378,.684,93,.308,94,118,5,6,0,2,0,3HD,,season
2026,234,Jackson Holliday,hollija01,L,22,BAL,AL,0.2,98,354,315,45,72,12,1,7,30,8,3,34,84,.229,.300,.340,.640,82,.285,77,107,6,0,1,4,2,4H/6D5,,season
2026,235,Austin Martin,martiau01,R,27,MIN,AL,0.8,117,354,299,42,69,17,0,3,24,12,7,44,67,.231,.342,.318,.660,88,.312,96,95,6,8,0,3,0,*79H/8,,season
2026,236,Keibert Ruiz,ruizke01,S,27,WSN,NL,2.2,105,354,332,44,93,24,0,10,48,2,1,16,37,.280,.316,.443,.759,107,.333,106,147,7,3,0,3,1,2/H,,season
2026,237,Luis Rengifo,rengilu01,S,29,2TM,NL,0.5,95,354,312,38,75,12,0,4,36,6,4,34,49,.240,.319,.317,.636,78,.288,77,99,4,3,3,2,1,57H/D43,,season
2026,237,Luis Rengifo,rengilu01,S,29,SDP,NL,0.8,38,145,127,19,37,3,0,4,17,3,2,15,25,.291,.375,.409,.784,121,.347,122,52,2,2,1,0,0,7/D45H,,stint
2026,237,Luis Rengifo,rengilu01,S,29,MIL,NL,-0.3,57,209,185,19,38,9,0,0,19,3,2,19,24,.205,.280,.254,.534,49,.247,45,47,2,1,2,2,1,5H/34D,,stint
2026,238,Matt Chapman,chapmma01,R,33,SFG,NL,2.7,84,352,307,35,72,18,1,7,42,0,2,37,81,.235,.324,.368,.692,97,.311,100,113,6,5,0,3,1,5/D,,season
2026,239,Brady House,housebr01,R,23,WSN,NL,0.6,94,351,317,43,78,18,0,10,45,3,0,28,91,.246,.311,.397,.708,94,.321,96,126,5,3,0,3,0,5HD/3,,season
2026,240,Moisés Ballesteros,ballemo01,L,22,2TM,2LG,-0.7,103,348,314,26,68,10,0,9,35,1,1,29,82,.217,.282,.334,.616,73,.274,69,105,6,1,0,4,0,D2H/3,,season
2026,240,Moisés Ballesteros,ballemo01,L,22,LAA,AL,-0.8,44,173,158,10,32,4,0,3,12,0,1,12,46,.203,.260,.285,.545,57,.244,54,45,5,1,0,2,0,2D/3H,,stint
2026,240,Moisés Ballesteros,ballemo01,L,22,CHC,NL,0.1,59,175,156,16,36,6,0,6,23,1,0,17,36,.231,.303,.385,.687,89,.304,85,60,1,0,0,2,0,DH/2,,stint
2026,241,Tim Tawa,tawati01,R,27,ARI,NL,-0.3,103,347,309,40,74,13,1,11,41,8,4,27,84,.239,.297,.395,.692,91,.309,91,122,8,0,7,4,0,378H5/D49,,season
2026,242,Andruw Monasterio,monasan01,R,29,BOS,AL,0.6,106,344,310,35,73,23,1,6,42,4,4,26,67,.235,.297,.374,.672,89,.298,89,116,8,3,1,4,0,64HD3/51,,season
2026,243,Patrick Bailey,bailepa01,S,27,2TM,2LG,1.1,111,343,308,31,64,8,1,10,37,3,0,28,90,.208,.274,.338,.611,73,.279,72,104,6,1,3,3,0,2H,,season
2026,243,Patrick Bailey,bailepa01,S,27,CLE,AL,1.4,81,254,226,26,52,8,1,9,32,1,0,21,68,.230,.295,.394,.689,93,.311,95,89,3,1,3,3,0,2H,,stint
2026,243,Patrick Bailey,bailepa01,S,27,SFG,NL,-0.3,30,89,82,5,12,0,0,1,5,2,0,7,22,.146,.213,.183,.396,15,.191,9,15,3,0,0,0,0,2,,stint
2026,244,Jared Young,youngja02,L,30,NYM,NL,1.6,103,342,308,46,82,17,3,9,39,3,1,25,63,.266,.330,.429,.759,113,.339,115,132,4,6,0,3,0,3HD/79,,season
2026,245,Maikel Garcia,garcima01,R,26,KCR,AL,2.1,81,340,308,39,82,20,3,3,38,5,4,30,50,.266,.329,.380,.709,99,.310,95,117,10,0,0,2,0,5/H6D,,season
2026,246,Josh Lowe,lowejo01,L,28,LAA,AL,0.1,113,339,307,32,64,11,0,12,29,10,1,25,103,.208,.273,.362,.635,81,.287,78,111,0,3,2,2,1,*798H,,season
2026,247,Jacob Wilson,wilsoja05,R,24,ATH,AL,0.6,80,337,320,37,85,16,1,7,37,4,0,12,39,.266,.298,.388,.685,87,.319,93,124,7,3,1,1,0,6/D,,season
2026,248,Konnor Griffin,griffko01,R,20,PIT,NL,1.9,79,335,308,42,83,15,4,5,31,23,4,20,82,.269,.322,.393,.715,94,.325,91,121,4,5,0,2,0,6/DH,,season
2026,249,Wade Meckler,mecklwa01,L,26,LAA,AL,2.3,97,335,298,43,90,15,1,3,27,8,0,32,62,.302,.375,.389,.765,121,.350,123,116,2,3,2,0,0,79H/D,,season
2026,250,Dane Myers,myersda01,R,30,CIN,NL,0.9,117,334,292,39,75,11,0,8,27,10,0,37,82,.257,.344,.377,.721,101,.336,105,110,4,3,0,2,0,8H/D,,season
2026,251,Andrew Vaughn,vaughan01,R,28,MIL,NL,1.5,104,331,288,33,88,18,2,6,43,0,0,35,53,.306,.390,.444,.834,130,.372,134,128,9,6,0,2,1,3H5/D1,,season
2026,252,Owen Caissie,caissow01,L,23,MIA,NL,-0.2,108,330,291,45,64,14,0,14,58,5,1,27,123,.220,.288,.412,.700,96,.313,97,120,3,4,0,8,0,9DH,,season
2026,253,Joe Mack,mackjo02,L,23,MIA,NL,1.6,105,330,303,40,71,9,0,14,52,0,0,19,82,.234,.282,.403,.685,92,.297,87,122,6,2,4,2,0,2/H,,season
2026,254,Lars Nootbaar,nootbla01,L,28,2TM,NL,0.6,89,330,281,39,67,14,1,8,32,2,1,46,68,.238,.343,.381,.724,105,.322,104,107,6,0,1,2,3,7DH9/8,,season
2026,254,Lars Nootbaar,nootbla01,L,28,STL,NL,0.3,48,183,158,22,37,8,1,3,16,1,1,24,40,.234,.333,.354,.688,97,.310,100,56,4,0,0,1,1,7/98HD,,stint
2026,254,Lars Nootbaar,nootbla01,L,28,ARI,NL,0.3,41,147,123,17,30,6,0,5,16,1,0,22,28,.244,.356,.415,.771,114,.338,111,51,2,0,1,1,2,7D/H9,,stint
2026,255,Curtis Mead,meadcu01,R,25,2TM,2LG,2.1,88,329,285,49,72,17,1,17,48,6,2,39,63,.253,.353,.498,.851,132,.375,135,142,7,5,0,0,0,53H/4D,,season
2026,255,Curtis Mead,meadcu01,R,25,BOS,AL,0.1,1,2,1,0,0,0,0,0,0,0,0,0,1,.000,.500,.000,.500,59,.364,135,0,0,1,0,0,0,/4,,stint
2026,255,Curtis Mead,meadcu01,R,25,WSN,NL,1.9,87,327,284,49,72,17,1,17,48,6,2,39,62,.254,.352,.500,.852,132,.375,135,142,7,4,0,0,0,53H/4D,,stint
2026,256,Tommy Edman,edmanto01,S,31,LAD,NL,1.4,83,327,288,44,70,11,2,8,42,6,3,21,67,.243,.324,.378,.703,94,.333,107,109,4,14,3,1,0,487/H56D,,season
2026,257,Myles Straw,strawmy01,R,31,TOR,AL,0.5,145,327,292,44,71,19,1,3,26,7,2,27,43,.243,.307,.346,.652,80,.302,81,101,4,1,4,3,0,*7H89/1D,,season
2026,258,Griffin Conine,coningr01,L,28,MIA,NL,2.2,93,319,280,44,74,8,0,18,42,4,0,34,93,.264,.354,.486,.840,135,.372,138,136,3,5,0,0,0,93HD7,,season
2026,259,Nick Fortes,forteni01,R,29,TBR,AL,0.9,108,319,294,33,77,17,0,6,35,0,0,12,43,.262,.308,.381,.689,92,.301,85,112,6,8,4,1,0,2H/D,,season
2026,260,Kyle Isbel,isbelky01,L,29,KCR,AL,-0.4,99,319,290,32,64,9,1,6,24,6,0,15,73,.221,.265,.321,.585,64,.270,60,93,8,3,9,2,0,8/H,,season
2026,261,Rhys Hoskins,hoskirh01,R,33,CLE,AL,-0.9,95,317,263,33,47,13,0,13,38,1,0,47,100,.179,.306,.376,.682,93,.309,94,99,4,3,0,4,0,3DH/7,,season
2026,262,Jesús Sánchez,sanchje02,L,28,2TM,2LG,-1.2,105,315,284,24,72,18,0,8,35,1,2,18,75,.254,.311,.401,.713,95,.308,89,114,8,8,0,5,1,79DH,,season
2026,262,Jesús Sánchez,sanchje02,L,28,TOR,AL,-1.0,99,299,269,24,70,18,0,8,35,1,2,17,70,.260,.318,.416,.734,101,.317,95,112,7,8,0,5,1,79HD,,stint
2026,262,Jesús Sánchez,sanchje02,L,28,ARI,NL,-0.3,6,16,15,0,2,0,0,0,0,0,0,1,5,.133,.188,.133,.321,-8,.157,-18,2,1,0,0,0,0,/D,,stint
2026,263,Alejandro Kirk,kirkal01,R,27,TOR,AL,1.6,79,313,277,26,77,8,0,10,43,1,0,33,38,.278,.351,.415,.767,111,.337,107,115,11,0,0,3,5,2/HD,,season
2026,264,Michael Conforto,confomi01,L,33,CHC,NL,0.6,112,309,266,32,63,16,0,15,44,1,0,35,80,.237,.330,.466,.796,117,.348,116,124,7,4,0,4,3,DH97,,season
2026,265,Denzer Guzmán,guzmade01,R,22,LAA,AL,-0.5,86,300,279,33,61,9,0,8,33,2,1,17,76,.219,.266,.337,.603,72,.269,69,94,4,1,2,0,0,5/H6,,season
2026,266,Henry Davis,davishe01,R,26,PIT,NL,0.5,97,298,256,33,44,6,0,10,38,3,1,28,63,.172,.272,.313,.585,59,.271,58,80,6,8,3,2,0,2/HD,,season
2026,267,Nolan Gorman,gormano01,L,26,STL,NL,-0.3,84,298,262,26,49,6,0,9,33,0,1,33,95,.187,.275,.313,.588,68,.262,65,82,1,0,0,3,2,5DH/3,,season
2026,268,Dominic Smith,smithdo02,L,31,ATL,NL,0.0,107,298,267,40,68,6,1,9,46,0,0,23,48,.255,.313,.386,.699,92,.316,94,103,6,2,1,5,1,DH/37,,season
2026,269,Masataka Yoshida,yoshima02,L,32,BOS,AL,0.7,87,297,263,34,72,16,1,5,28,2,0,28,33,.274,.347,.399,.746,111,.337,113,105,1,3,0,3,1,DH/7,,season
2026,270,Mark Vientos,vientma01,R,26,NYM,NL,-1.2,87,295,274,28,58,11,0,13,41,0,0,15,71,.212,.258,.394,.652,81,.280,74,108,12,3,0,3,0,3HD/5,,season
2026,271,Jeremiah Jackson,jacksje02,R,26,BAL,AL,0.1,102,293,277,29,60,11,0,10,45,2,2,10,69,.217,.247,.365,.611,72,.271,69,101,11,2,1,3,1,4H/7D59,,season
2026,272,Matt Vierling,vierlma01,R,29,DET,AL,-0.9,92,291,266,24,55,13,3,5,31,4,2,19,49,.207,.255,.335,.590,64,.262,58,89,5,0,1,5,0,89H7/5D,,season
2026,273,Blaze Alexander,alexabl01,R,27,BAL,AL,1.8,93,289,261,35,79,13,2,4,31,10,3,19,63,.303,.358,.414,.772,120,.347,120,108,5,4,2,1,1,546/789H,,season
2026,274,Spencer Jones,jonessp01,L,25,NYY,AL,1.0,86,289,261,36,64,13,1,11,40,10,3,25,105,.245,.313,.429,.742,105,.334,106,112,0,1,0,1,1,897H/D,,season
2026,275,Tyler Freeman,freemty01,R,27,COL,NL,-2.0,79,288,255,29,63,6,1,3,23,6,4,11,34,.247,.317,.314,.630,67,.292,67,80,15,15,7,0,0,94HD/8,,season
2026,276,José Tena,tenajo01,L,25,WSN,NL,-0.5,114,288,257,36,57,13,2,7,25,6,2,27,90,.222,.302,.370,.672,85,.300,82,95,7,3,0,1,0,DH47/9516,,season
2026,277,Luke Raley,raleylu01,L,31,SEA,AL,0.0,95,287,262,28,59,9,1,15,39,1,2,15,93,.225,.284,.439,.723,105,.316,105,115,1,7,2,1,1,9H/8D7,,season
2026,278,Esmerlyn Valdéz,valdees01,R,22,PIT,NL,0.9,72,287,241,40,56,14,1,17,47,0,1,42,108,.232,.345,.510,.855,130,.370,131,123,6,1,0,3,0,9/7H3,,season
2026,279,Aaron Judge,judgeaa01,R,34,NYY,AL,1.9,66,285,237,45,57,10,0,18,41,5,3,43,85,.241,.360,.511,.871,140,.378,141,121,9,2,0,1,5,9/D,AS,season
2026,280,Taylor Trammell,trammta01,L,28,HOU,AL,-0.6,98,285,252,29,49,10,2,8,22,4,3,28,90,.194,.285,.345,.630,79,.278,75,87,3,4,1,0,1,78H9/D,,season
2026,281,Carlos Narváez,narvaca01,R,27,2TM,AL,-0.9,95,285,248,22,40,7,0,3,10,2,0,19,90,.161,.241,.226,.467,34,.229,36,56,7,8,7,3,0,2/H4D,,season
2026,281,Carlos Narváez,narvaca01,R,27,BOS,AL,-0.3,62,197,171,17,32,6,0,3,10,1,0,14,66,.187,.260,.275,.535,52,.254,54,47,6,4,5,3,0,2/DH,,stint
2026,281,Carlos Narváez,narvaca01,R,27,BAL,AL,-0.6,33,88,77,5,8,1,0,0,0,1,0,5,24,.104,.198,.117,.315,-7,.174,-4,9,1,4,2,0,0,2/4H,,stint
2026,282,Max Muncy,muncyma02,R,23,ATH,AL,-1.2,82,284,256,31,59,9,2,9,30,3,2,21,91,.230,.296,.387,.682,87,.300,82,99,6,4,0,3,0,5D/H76,,season
2026,283,Ryan Waldschmidt,waldsry01,R,23,ARI,NL,0.8,81,284,250,30,64,15,2,3,22,7,2,22,85,.256,.325,.368,.693,93,.313,93,92,5,5,3,3,0,87/HD,,season
2026,284,Ben Williamson,willibe03,R,25,TBR,AL,0.9,87,284,259,32,62,10,1,3,26,8,1,22,54,.239,.304,.320,.624,76,.287,72,83,6,2,1,0,0,46H/51D,,season
2026,285,Daniel Schneemann,schneda04,L,29,CLE,AL,0.9,90,282,258,29,53,11,0,6,29,6,2,24,84,.205,.273,.318,.591,67,.270,66,82,5,0,0,0,0,85H4/697,,season
2026,286,Marcell Ozuna,ozunama01,R,35,PIT,NL,-1.0,70,280,251,22,51,7,0,8,29,0,0,27,80,.203,.286,.327,.612,67,.281,66,82,5,2,0,0,1,D/H,,season
2026,287,Luis Torrens,torrelu01,R,30,NYM,NL,2.1,90,277,252,36,60,14,0,9,41,1,0,17,58,.238,.296,.401,.696,95,.305,90,101,3,4,3,1,0,2/H13D,,season
2026,288,Randal Grichuk,grichra01,R,34,2TM,AL,1.3,116,277,262,40,75,25,2,14,44,0,0,11,61,.286,.314,.557,.871,139,.367,133,146,4,1,0,3,2,HD79,,season
2026,288,Randal Grichuk,grichra01,R,34,NYY,AL,-0.3,16,33,31,8,6,4,0,0,2,0,0,1,10,.194,.212,.323,.535,47,.228,34,10,0,0,0,1,0,7/DH9,,stint
2026,288,Randal Grichuk,grichra01,R,34,CHW,AL,1.6,100,244,231,32,69,21,2,14,42,0,0,10,51,.299,.328,.589,.917,151,.385,147,136,4,1,0,2,2,HD79,,stint
2026,289,Edouard Julien,julieed01,L,27,COL,NL,-1.0,88,276,236,37,49,9,1,3,20,5,3,39,71,.208,.322,.292,.615,63,.292,67,69,6,1,0,0,0,4H3/D,,season
2026,290,Will Smith,smithwi05,R,31,LAD,NL,1.8,73,276,235,35,61,9,0,10,34,0,0,34,45,.260,.355,.426,.781,115,.343,113,100,5,3,0,4,0,2H/D,,season
2026,291,Ryan Vilade,viladry01,R,27,TBR,AL,0.8,95,276,243,28,60,8,2,11,43,3,1,26,65,.247,.324,.432,.756,110,.342,115,105,4,3,1,3,1,9H374/D5,,season
2026,292,Logan O'Hoppe,ohopplo01,R,26,2TM,AL,-1.0,85,274,251,25,55,9,0,4,24,0,0,17,67,.219,.275,.303,.578,66,.260,63,76,6,3,1,2,0,2/DH,,season
2026,292,Logan O'Hoppe,ohopplo01,R,26,TEX,AL,0.0,10,18,17,5,6,1,0,0,1,0,0,0,4,.353,.333,.412,.745,116,.321,110,7,0,0,0,1,0,/DH2,,stint
2026,292,Logan O'Hoppe,ohopplo01,R,26,LAA,AL,-1.0,75,256,234,20,49,8,0,4,23,0,0,17,63,.209,.271,.295,.565,63,.256,60,69,6,3,1,1,0,2/H,,stint
2026,293,Nick Sogard,sogarni01,S,28,BOS,AL,1.2,65,273,236,28,60,14,1,5,19,1,1,30,56,.254,.340,.386,.725,106,.329,110,91,3,1,5,1,0,43/56HD,,season
2026,294,TJ Friedl,friedtj01,L,30,CIN,NL,-1.0,91,272,239,20,41,6,1,4,13,5,1,22,63,.172,.255,.255,.510,43,.237,37,61,3,5,5,1,0,87/H,,season
2026,295,Gary Sánchez,sanchga02,R,33,MIL,NL,0.4,85,271,221,36,46,10,1,11,36,0,0,46,58,.208,.351,.412,.762,110,.338,110,91,8,3,0,1,1,2DH/31,,season
2026,296,Alex Freeland,freelal01,S,24,LAD,NL,1.2,89,269,231,32,54,9,0,4,21,4,0,32,74,.234,.327,.325,.652,81,.301,81,75,8,1,3,2,0,4H/65,,season
2026,297,Brandon Valenzuela,valenbr01,S,25,TOR,AL,1.4,90,268,237,28,53,9,0,8,22,2,0,28,68,.224,.307,.363,.670,84,.305,83,86,4,1,1,1,0,2H/3D,,season
2026,298,Nicky Lopez,lopezni01,L,31,2TM,2LG,0.1,99,268,235,25,63,5,1,1,24,5,3,12,44,.268,.320,.311,.631,85,.284,84,73,5,7,12,2,1,46H/7519,,season
2026,298,Nicky Lopez,lopezni01,L,31,TEX,AL,0.2,95,263,230,24,63,5,1,1,24,5,3,12,42,.274,.327,.317,.644,89,.290,88,73,5,7,12,2,1,46H/719,,stint
2026,298,Nicky Lopez,lopezni01,L,31,CHC,NL,-0.1,4,5,5,1,0,0,0,0,0,0,0,0,2,.000,.000,.000,.000,-100,.000,-131,0,0,0,0,0,0,/5H4,,stint
2026,299,Ryan Kreidler,kreidry01,R,28,MIN,AL,0.6,105,267,243,33,53,9,3,8,29,4,4,21,61,.218,.286,.379,.664,85,.290,82,92,6,2,1,0,0,6H84/57,,season
2026,300,Christian Vázquez,vazquch01,R,35,HOU,AL,0.4,86,266,242,22,50,7,0,7,25,1,0,18,53,.207,.261,.322,.583,65,.262,61,78,3,0,5,1,1,2/HD,,season
2026,301,Donovan Walton,waltodo01,L,32,2TM,AL,1.4,91,266,228,36,60,14,1,9,32,3,2,28,45,.263,.361,.452,.813,126,.358,127,103,9,7,3,0,0,4H65/D,,season
2026,301,Donovan Walton,waltodo01,L,32,ATH,AL,0.8,59,169,137,22,31,6,1,6,20,3,2,23,27,.226,.365,.416,.781,115,.351,119,57,8,7,2,0,0,46H/5,,stint
2026,301,Donovan Walton,waltodo01,L,32,LAA,AL,0.6,32,97,91,14,29,8,0,3,12,0,0,5,18,.319,.354,.505,.860,144,.372,142,46,1,0,1,0,0,5/4DH,,stint
2026,302,Trevor Story,storytr01,R,33,BOS,AL,0.3,63,263,249,24,59,14,0,5,29,5,0,11,86,.237,.270,.353,.623,75,.289,77,88,7,1,0,2,1,6/D,,season
2026,303,Cooper Pratt,prattco01,R,21,MIL,NL,1.7,73,262,224,33,63,7,2,3,34,19,3,26,46,.281,.351,.371,.722,100,.337,101,83,10,2,3,7,0,6/H,,season
2026,304,Freddy Fermin,fermifr01,R,31,SDP,NL,0.9,95,261,228,22,45,13,0,4,21,1,1,21,55,.197,.271,.307,.578,62,.268,64,70,4,3,4,3,0,2/HD,,season
2026,305,Pedro Ramírez,ramirpe01,S,22,CHC,NL,1.5,79,261,237,36,61,12,2,6,32,9,1,20,48,.257,.315,.401,.716,96,.324,95,95,4,1,1,2,2,45HD/37,,season
2026,306,Tyler O'Neill,oneilty01,R,31,BAL,AL,0.5,85,260,231,31,49,8,0,10,23,1,0,27,72,.212,.300,.377,.677,92,.306,92,87,5,2,0,0,0,9HD,,season
2026,307,Kerry Carpenter,carpeke01,L,28,DET,AL,-0.6,81,259,231,27,48,5,2,13,36,0,0,18,75,.208,.276,.416,.692,91,.304,88,96,2,5,0,3,0,9DH/7,,season
2026,308,Adolis García,garciad02,R,33,PHI,NL,-0.8,67,259,231,21,45,8,1,7,21,3,0,21,84,.195,.270,.329,.599,61,.272,55,76,2,4,0,3,0,9/H8,,season
2026,309,Víctor Mesa Jr.,mesavi01,L,24,TBR,AL,3.0,78,258,231,37,60,8,3,14,33,9,4,23,51,.260,.328,.502,.830,129,.357,125,116,2,1,2,1,0,9/H78D,,season
2026,310,Miguel Andujar,andujmi01,R,31,SDP,NL,-0.2,74,254,239,24,62,20,2,5,22,2,2,11,38,.259,.303,.423,.726,101,.312,97,101,12,4,0,0,2,DH/53,,season
2026,311,Agustín Ramírez,ramirag01,R,24,MIA,NL,-0.2,71,251,222,31,53,10,1,5,24,4,1,26,60,.239,.323,.360,.683,94,.311,96,80,10,2,0,1,1,D2H,,season
2026,312,Esteury Ruiz,ruizes01,R,27,MIA,NL,0.2,108,251,210,37,45,12,1,6,16,33,8,25,81,.214,.331,.367,.697,98,.340,107,77,0,12,2,1,0,9H87/D,,season
2026,313,Dalton Rushing,rushida01,L,25,LAD,NL,1.4,79,251,222,37,55,12,0,12,36,0,0,23,74,.248,.331,.464,.795,117,.349,117,103,2,5,0,1,0,2H/3D,,season
2026,314,Miguel Amaya,amayami01,R,27,CHC,NL,1.3,82,250,211,35,49,11,0,6,28,0,0,23,67,.232,.337,.370,.707,96,.330,104,78,8,11,3,1,0,2D/H3,,season
2026,315,Miguel Rojas,rojasmi02,R,37,LAD,NL,0.6,104,249,223,22,60,16,0,4,23,1,1,15,26,.269,.312,.395,.706,94,.312,92,88,9,2,2,7,0,4H6/513D,,season
2026,316,Jose Siri,sirijo01,R,30,LAA,AL,0.6,107,249,227,35,54,10,0,9,31,9,1,15,80,.238,.293,.401,.694,97,.314,96,91,9,3,3,1,2,78H/9D,,season
2026,317,Justin Foscue,foscuju01,R,27,TEX,AL,1.4,99,246,224,26,61,13,1,11,34,0,0,17,62,.272,.333,.487,.820,136,.357,134,109,3,4,0,1,0,4HD/3,,season
2026,318,Edmundo Sosa,sosaed01,R,30,PHI,NL,0.8,83,246,227,29,55,10,2,8,43,4,0,7,53,.242,.280,.410,.690,83,.316,86,93,6,6,1,3,0,756H4/D,,season
2026,319,Anthony Volpe,volpean01,R,25,NYY,AL,1.2,70,246,220,24,54,12,1,2,28,12,4,25,56,.245,.321,.336,.658,84,.303,84,74,2,0,0,1,0,64/H5,,season
2026,320,Hunter Feduccia,feduchu01,L,29,2TM,2LG,0.6,92,246,213,21,48,9,1,3,19,0,0,27,59,.225,.314,.319,.633,78,.288,75,68,2,1,4,1,0,2/H3D,,season
2026,320,Hunter Feduccia,feduchu01,L,29,TBR,AL,0.6,60,160,141,15,33,7,1,2,12,0,0,14,44,.234,.306,.340,.646,81,.289,76,48,2,1,3,1,0,2/HD,,stint
2026,320,Hunter Feduccia,feduchu01,L,29,LAD,NL,0.0,32,86,72,6,15,2,0,1,7,0,0,13,15,.208,.329,.278,.607,71,.288,73,20,0,0,1,0,0,2/H3,,stint
2026,321,Luis Campusano,campulu01,R,27,SDP,NL,1.8,70,245,213,23,57,12,0,8,30,0,0,29,52,.268,.363,.437,.800,124,.357,127,93,6,3,0,0,0,2D/H,,season
2026,322,Austin Hedges,hedgeau01,R,33,CLE,AL,1.0,77,245,213,25,53,10,0,6,25,1,1,25,44,.249,.328,.380,.708,101,.326,107,81,5,1,4,2,0,2/1H,,season
2026,323,Amed Rosario,rosaram01,R,30,NYY,AL,-0.2,87,244,227,28,54,6,1,10,34,3,1,14,57,.238,.279,.405,.684,88,.309,90,92,1,0,0,3,0,5H/4D97,,season
2026,324,Ke'Bryan Hayes,hayeske01,R,29,CIN,NL,-0.9,94,242,227,19,32,2,1,5,9,1,0,13,48,.141,.194,.225,.419,17,.207,17,51,7,2,0,0,0,5/H,,season
2026,325,Josh Smith,smithjo11,L,28,2TM,AL,-0.5,79,242,211,23,43,5,1,6,15,4,1,25,56,.204,.292,.322,.614,75,.285,77,68,4,2,2,2,1,45H7/D39,,season
2026,325,Josh Smith,smithjo11,L,28,TEX,AL,-0.7,45,154,136,8,29,3,1,1,8,3,1,16,29,.213,.299,.272,.571,68,.267,70,37,2,1,0,1,1,4/H57D3,,stint
2026,325,Josh Smith,smithjo11,L,28,TOR,AL,0.2,34,88,75,15,14,2,0,5,7,1,0,9,27,.187,.279,.413,.692,88,.317,91,31,2,1,2,1,0,745/H9,,stint
2026,326,Colt Emerson,emersco01,L,20,SEA,AL,-0.1,69,241,221,24,42,6,1,8,23,3,1,15,83,.190,.246,.335,.581,66,.256,60,74,3,2,1,2,0,65/DH,,season
2026,327,Marcelo Mayer,mayerma01,L,23,2TM,2LG,-0.2,75,241,216,19,45,10,0,3,22,3,0,18,50,.208,.275,.296,.571,63,.268,63,64,5,3,0,3,0,46H/5D,,season
2026,327,Marcelo Mayer,mayerma01,L,23,BOS,AL,-0.1,70,228,205,19,45,10,0,3,22,3,0,16,44,.220,.282,.312,.594,69,.277,69,64,5,3,0,3,0,46/H,,stint
2026,327,Marcelo Mayer,mayerma01,L,23,SFG,NL,-0.2,5,13,11,0,0,0,0,0,0,0,0,2,6,.000,.154,.000,.154,-51,.108,-47,0,0,0,0,0,0,/5DH4,,stint
2026,328,Roman Anthony,anthoro01,L,22,BOS,AL,1.5,54,240,210,24,52,11,3,5,15,2,0,29,64,.248,.342,.400,.742,110,.331,108,84,2,1,0,0,1,7D/9H,,season
2026,329,Brett Sullivan,sullibr01,L,32,COL,NL,0.3,82,237,218,23,49,13,1,7,33,1,2,13,40,.225,.268,.390,.658,70,.281,60,85,4,1,2,3,0,2H/1D3,,season
2026,330,Connor Wong,wongco01,R,30,BOS,AL,0.6,76,237,209,22,49,12,0,4,25,3,1,17,57,.234,.309,.349,.658,87,.296,84,73,7,6,4,1,0,2/HD,,season
2026,331,Tyrone Taylor,tayloty01,R,32,2TM,NL,1.6,96,237,215,34,59,16,0,11,38,3,2,14,40,.274,.322,.502,.824,127,.350,123,108,1,2,4,2,0,7H89/D,,season
2026,331,Tyrone Taylor,tayloty01,R,32,NYM,NL,0.8,67,159,145,22,35,8,0,10,28,0,2,9,31,.241,.290,.503,.794,119,.332,115,73,0,1,4,0,0,H789/D,,stint
2026,331,Tyrone Taylor,tayloty01,R,32,CHC,NL,0.8,29,78,70,12,24,8,0,1,10,3,0,5,9,.343,.385,.500,.885,142,.386,138,35,1,1,0,2,0,7/H89D,,stint
2026,332,Elias Díaz,diazel01,R,35,2TM,AL,1.1,86,236,217,20,50,13,0,7,34,0,0,9,58,.230,.263,.387,.650,86,.286,83,84,2,2,4,4,1,2D/H,,season
2026,332,Elias Díaz,diazel01,R,35,TEX,AL,0.7,76,213,195,17,45,11,0,5,29,0,0,8,53,.231,.263,.364,.627,81,.273,75,71,2,2,4,4,1,2D/H,,stint
2026,332,Elias Díaz,diazel01,R,35,KCR,AL,0.3,10,23,22,3,5,2,0,2,5,0,0,1,5,.227,.261,.591,.852,131,.396,154,13,0,0,0,0,0,2,,stint
2026,333,Brice Matthews,matthbr01,R,24,HOU,AL,0.2,84,233,214,23,43,5,1,7,22,4,4,16,74,.201,.255,.332,.587,66,.257,61,71,3,0,2,1,0,874H/5,,season
2026,334,Alejandro Osuna,osunaal02,L,23,TEX,AL,0.2,83,231,202,27,53,6,0,1,25,5,2,19,35,.262,.352,.307,.659,95,.310,101,62,3,9,1,0,0,7H89/D,,season
2026,335,Alika Williams,willial04,R,27,ATH,AL,1.8,88,231,215,29,58,20,1,4,16,2,1,10,50,.270,.307,.428,.735,100,.322,97,92,6,2,3,1,0,64H/5,,season
2026,336,Luis Robert Jr.,roberlu01,R,28,2TM,2LG,1.0,61,230,204,26,45,5,0,11,26,2,3,24,55,.221,.300,.407,.707,98,.317,103,83,6,0,0,2,0,8/7HD,,season
2026,336,Luis Robert Jr.,roberlu01,R,28,BAL,AL,0.0,3,12,11,2,2,1,0,1,3,0,0,1,2,.182,.250,.545,.795,119,.333,112,6,1,0,0,0,0,/87,,stint
2026,336,Luis Robert Jr.,roberlu01,R,28,NYM,NL,0.9,58,218,193,24,43,4,0,10,23,2,3,23,53,.223,.303,.399,.702,96,.316,102,77,5,0,0,2,0,8/7HD,,stint
2026,337,Mickey Gasper,gaspemi01,S,30,BOS,AL,1.2,67,225,191,26,48,9,1,10,24,0,1,27,39,.251,.357,.466,.823,132,.363,134,89,3,5,1,1,0,D2H3,,season
2026,338,Andrés Chaparro,chapaan01,R,27,WSN,NL,0.9,82,224,194,34,50,13,0,11,37,0,0,25,53,.258,.357,.495,.852,133,.381,141,96,5,5,0,0,0,3HD/5,,season
2026,339,Danny Jansen,janseda01,R,31,TEX,AL,0.9,66,224,194,20,39,9,1,7,25,1,1,18,55,.201,.295,.366,.661,92,.293,91,71,6,8,4,0,1,2/HD,,season
2026,340,Jacob Gonzalez,gonzaja01,L,24,2TM,2LG,-0.2,80,223,206,21,46,9,0,7,31,2,1,11,42,.223,.275,.369,.644,76,.283,70,76,5,4,1,1,0,63H5,,season
2026,340,Jacob Gonzalez,gonzaja01,L,24,CHW,AL,0.3,30,97,86,11,21,4,0,2,17,0,0,8,22,.244,.323,.360,.683,92,.308,91,31,0,2,1,0,0,3/H5,,stint
2026,340,Jacob Gonzalez,gonzaja01,L,24,PIT,NL,-0.5,50,126,120,10,25,5,0,5,14,2,1,3,20,.208,.238,.375,.613,64,.264,54,45,5,2,0,1,0,65H/3,,stint
2026,341,Jasson Domínguez,dominja01,S,23,NYY,AL,-0.2,57,222,209,22,47,12,0,6,14,8,1,10,48,.225,.267,.368,.635,75,.289,71,77,1,2,0,0,0,9D/7H,,season
2026,342,Luisangel Acuña,acunajo01,R,24,CHW,AL,-0.4,102,221,207,22,47,4,0,2,13,17,6,9,43,.227,.260,.275,.536,51,.245,43,57,5,1,2,2,0,68H/D147,,season
2026,343,José Fernández,fernajo06,R,22,ARI,NL,0.2,72,221,203,26,52,9,0,3,16,9,2,11,50,.256,.301,.345,.646,80,.308,86,70,3,2,5,0,0,D53H/6,,season
2026,344,Brenton Doyle,doylebr02,R,28,2TM,2LG,0.0,86,219,206,34,48,7,1,5,14,14,4,12,72,.233,.275,.350,.625,68,.288,65,72,2,0,1,0,0,8H/D,,season
2026,344,Brenton Doyle,doylebr02,R,28,CHW,AL,0.3,41,90,89,12,23,2,1,4,9,5,2,0,30,.258,.258,.438,.697,92,.307,89,39,2,0,1,0,0,8H/D,,stint
2026,344,Brenton Doyle,doylebr02,R,28,COL,NL,-0.4,45,129,117,22,25,5,0,1,5,9,2,12,42,.214,.287,.282,.569,51,.275,48,33,0,0,0,0,0,8/H,,stint
2026,345,Jorge Mateo,mateojo01,R,31,2TM,2LG,-0.3,96,218,204,40,41,7,0,5,18,19,4,11,69,.201,.244,.309,.553,53,.255,43,63,3,1,1,1,0,6HD/4157,,season
2026,345,Jorge Mateo,mateojo01,R,31,TBR,AL,-1.0,31,81,75,11,10,1,0,1,7,9,3,3,28,.133,.175,.187,.362,2,.172,-12,14,1,1,1,1,0,6/4HD5,,stint
2026,345,Jorge Mateo,mateojo01,R,31,ATL,NL,0.7,65,137,129,29,31,6,0,4,11,10,1,8,41,.240,.285,.380,.665,82,.303,75,49,2,0,0,0,0,6H/D147,,stint
2026,346,Christian Koss,kossch01,R,28,SFG,NL,0.2,69,217,199,27,44,6,0,4,12,5,0,9,56,.221,.262,.312,.573,63,.267,61,62,3,2,7,0,0,65/H41D,,season
2026,347,Edgar Quero,queroed01,S,23,CHW,AL,-0.9,69,217,187,14,38,1,0,3,19,1,0,18,43,.203,.284,.257,.540,54,.253,52,48,5,5,2,5,0,2H/D,,season
2026,348,Derek Hill,hillde01,R,30,2TM,2LG,1.3,116,216,199,30,48,5,1,11,31,13,4,13,69,.241,.291,.442,.733,98,.330,99,88,3,1,3,0,0,*98H7/D3,,season
2026,348,Derek Hill,hillde01,R,30,CHW,AL,-0.1,50,90,80,11,17,1,0,4,8,7,4,7,29,.213,.284,.375,.659,84,.288,80,30,1,1,2,0,0,9H78/D,,stint
2026,348,Derek Hill,hillde01,R,30,PHI,NL,1.4,66,126,119,19,31,4,1,7,23,6,0,6,40,.261,.296,.487,.783,107,.361,112,58,2,0,1,0,0,89H/7D3,,stint
2026,349,Christian Encarnacion-Strand,encarch01,R,26,BAL,AL,1.4,58,213,195,25,54,13,0,11,39,1,1,11,55,.277,.325,.513,.838,134,.360,133,100,6,4,1,2,1,5/HD3,,season
2026,350,Luis Lara,laralu01,S,21,MIL,NL,1.0,61,212,191,25,47,8,2,1,26,3,2,18,46,.246,.311,.325,.636,76,.285,73,62,2,1,0,2,0,98/H7D,,season
2026,351,David Fry,fryda01,R,30,CLE,AL,0.0,90,210,180,23,35,6,0,8,20,0,0,28,58,.194,.310,.361,.671,90,.301,89,65,4,2,0,0,1,H793D/25,,season
2026,352,Pedro Pagés,pagespe02,R,27,STL,NL,0.2,81,208,188,14,40,6,0,4,12,2,0,12,56,.213,.265,.309,.573,64,.258,59,58,5,2,4,2,0,2/31DH,,season
2026,353,Ramón Laureano,laurera01,R,31,SDP,NL,0.1,53,206,182,23,37,6,2,7,21,7,2,20,65,.203,.286,.374,.660,84,.293,80,68,1,2,0,2,0,7/9HD,,season
2026,354,Eli White,whiteel04,R,32,2TM,2LG,1.5,96,204,191,27,47,9,1,6,29,5,1,11,45,.246,.289,.398,.687,89,.322,97,76,2,1,0,1,0,9H78/D4,,season
2026,354,Eli White,whiteel04,R,32,BOS,AL,0.3,27,60,58,10,16,3,0,1,12,1,1,2,14,.276,.300,.379,.679,91,.305,95,22,0,0,0,0,0,8/H79D4,,stint
2026,354,Eli White,whiteel04,R,32,ATL,NL,1.1,69,144,133,17,31,6,1,5,17,4,0,9,31,.233,.285,.406,.691,88,.328,98,54,2,1,0,1,0,97H8/D,,stint
2026,355,Drew Romo,romodr01,S,24,CHW,AL,-0.4,60,203,177,17,25,5,0,7,16,1,0,20,47,.141,.239,.288,.527,48,.252,50,51,4,3,2,1,0,2/H3,,season
2026,356,Brent Rooker,rookebr01,R,31,ATH,AL,-0.4,48,203,180,20,36,4,0,10,29,2,0,19,65,.200,.281,.389,.670,82,.298,78,70,3,2,0,2,1,D/97H,,season
2026,357,Max Clark,clarkma04,L,21,DET,AL,1.2,50,202,176,27,49,11,3,3,23,5,1,18,41,.278,.357,.426,.783,119,.347,116,75,3,4,3,1,1,8/H,,season
2026,358,Lourdes Gurriel Jr.,gurrilo01,R,32,ARI,NL,-0.7,51,201,186,13,39,9,0,2,22,1,0,10,38,.210,.254,.290,.544,51,.248,47,54,2,2,0,3,0,7D/H,,season
2026,359,Noelvi Marté,marteno01,R,24,CIN,NL,-1.5,63,201,190,19,36,7,0,6,15,7,2,10,52,.189,.229,.321,.550,51,.247,44,61,4,0,0,1,0,9/H8D,,season
2026,360,Tyler Heineman,heinety01,S,35,2TM,AL,-0.5,75,200,177,15,31,3,1,1,10,1,0,5,30,.175,.223,.220,.444,26,.210,18,39,8,6,12,0,0,2/1HD,,season
2026,360,Tyler Heineman,heinety01,S,35,TOR,AL,-0.3,31,87,78,6,12,1,0,1,6,0,0,2,19,.154,.205,.205,.410,14,.190,-1,16,2,3,4,0,0,2/1HD,,stint
2026,360,Tyler Heineman,heinety01,S,35,LAA,AL,-0.2,44,113,99,9,19,2,1,0,4,1,0,3,11,.192,.238,.232,.470,36,.227,33,23,6,3,8,0,0,2/1,,stint
2026,361,Blaze Jordan,jordabl01,R,23,STL,NL,0.3,58,199,186,16,46,8,4,3,28,0,0,7,30,.247,.276,.382,.658,86,.291,85,71,8,2,0,4,0,53/H,,season
2026,362,Matt Shaw,shawma01,R,24,CHC,NL,0.7,76,199,171,25,41,9,3,5,24,4,2,20,35,.240,.327,.415,.742,103,.327,102,71,2,3,3,2,0,H9D4/5738,,season
2026,363,Javier Báez,baezja01,R,33,DET,AL,-0.5,58,196,187,25,45,12,1,3,20,1,2,6,41,.241,.270,.364,.634,76,.274,69,68,7,2,0,1,0,6847/H9,,season
2026,364,Adrian Del Castillo,delcaad01,L,26,ARI,NL,-0.9,63,196,180,18,35,6,0,5,24,1,0,13,56,.194,.247,.311,.559,55,.260,55,56,5,0,2,1,0,D2H/31,,season
2026,365,Victor Scott II,scottvi01,L,25,STL,NL,-0.4,80,195,166,19,32,4,0,2,9,12,5,16,46,.193,.270,.253,.523,51,.243,47,42,4,2,10,1,0,87/H9D,,season
2026,366,Leo Jiménez,jimenle01,R,25,MIA,NL,-0.8,66,194,166,18,33,4,0,2,14,1,0,18,38,.199,.306,.259,.565,63,.269,66,43,7,8,1,1,0,5H3/D46,,season
2026,367,Alex Call,callal02,R,31,LAD,NL,0.2,87,193,161,24,37,8,0,1,19,1,1,23,35,.230,.347,.298,.645,81,.309,90,48,2,7,0,2,0,7H98/D,,season
2026,368,Tommy White,whiteto01,R,23,ATH,AL,-0.3,55,193,187,19,48,5,0,3,10,0,1,5,34,.257,.275,.332,.606,66,.265,58,62,5,0,0,1,0,35/HD,,season
2026,369,Petey Halpin,halpipe01,L,24,CLE,AL,0.0,82,191,174,27,39,4,1,4,14,10,1,9,35,.224,.269,.328,.596,68,.277,63,57,1,2,5,1,0,8H/9,,season
2026,370,Bryan Torres,torrebr01,L,28,STL,NL,-0.1,74,189,166,17,38,1,2,4,19,2,0,18,39,.229,.309,.331,.640,84,.295,86,55,0,2,1,2,0,7H4/D518,,season
2026,371,Tristan Gray,graytr01,L,30,MIN,AL,-0.7,66,188,173,16,39,5,0,4,29,2,0,10,60,.225,.267,.324,.591,66,.269,62,56,2,1,1,3,0,65/H43,,season
2026,372,Kyle Higashioka,higasky01,R,36,TEX,AL,0.7,56,186,165,20,36,4,0,7,18,0,0,19,47,.218,.306,.370,.676,96,.313,104,61,5,2,0,0,0,2/DH1,,season
2026,373,Isiah Kiner-Falefa,kineris01,R,31,BOS,AL,1.6,66,183,161,23,39,5,0,2,16,8,2,19,27,.242,.322,.311,.633,81,.298,82,50,3,0,3,0,0,46/5HD3,,season
2026,374,Yohendrick Piñango,pinanyo01,L,24,TOR,AL,-0.7,58,180,169,12,44,8,0,5,20,0,0,11,44,.260,.306,.396,.702,92,.308,87,67,6,0,0,0,0,79H/D,,season
2026,375,Weston Wilson,wilsowe01,R,31,2TM,AL,-0.6,72,179,160,23,33,5,0,4,13,6,1,18,57,.206,.291,.313,.603,74,.281,74,50,2,1,0,0,0,5/H913D7,,season
2026,375,Weston Wilson,wilsowe01,R,31,SEA,AL,-0.5,53,133,121,17,24,4,0,3,10,4,0,12,46,.198,.271,.306,.576,66,.270,66,37,2,0,0,0,0,5/9H3D17,,stint
2026,375,Weston Wilson,wilsowe01,R,31,BAL,AL,-0.1,19,46,39,6,9,1,0,1,3,2,1,6,11,.231,.348,.333,.681,96,.314,99,13,0,1,0,0,0,5/1H7,,stint
2026,376,Jahmai Jones,jonesja08,R,28,2TM,AL,-0.3,93,179,158,20,33,6,1,6,16,3,2,17,58,.209,.302,.373,.675,89,.305,91,59,3,4,0,0,0,DH/79,,season
2026,376,Jahmai Jones,jonesja08,R,28,DET,AL,-1.1,57,105,95,7,13,2,0,2,7,0,2,10,35,.137,.219,.221,.440,24,.205,25,21,3,0,0,0,0,DH/79,,stint
2026,376,Jahmai Jones,jonesja08,R,28,BOS,AL,0.8,36,74,63,13,20,4,1,4,9,3,0,7,23,.317,.419,.603,1.022,186,.446,184,38,0,4,0,0,0,DH/7,,stint
2026,377,Brett Bateman,batembr01,L,24,TOR,AL,2.0,40,177,154,27,50,7,1,2,11,3,0,18,34,.325,.400,.422,.822,127,.369,127,65,0,2,2,1,0,89/7H,,season
2026,378,Jordan Beck,beckjo01,R,25,COL,NL,-1.0,62,176,162,16,32,8,2,1,11,2,1,13,55,.198,.256,.290,.546,43,.247,33,47,5,0,0,1,0,97H,,season
2026,379,Thomas Saggese,saggeth01,R,24,STL,NL,-0.4,56,176,158,25,37,5,1,4,14,4,2,13,49,.234,.295,.354,.650,85,.290,84,56,4,2,0,3,0,6754/HD,,season
2026,380,Wenceel Pérez,perezwe01,S,26,DET,AL,-0.7,53,175,161,22,29,4,1,7,17,3,1,14,29,.180,.246,.348,.594,64,.263,58,56,1,0,0,0,0,98/H7D,,season
2026,381,Anthony Seigler,seiglan01,S,27,BOS,AL,0.5,49,173,150,21,37,12,1,3,13,2,0,18,28,.247,.327,.400,.727,105,.330,107,60,3,1,2,2,0,4/HD5,,season
2026,382,Jorge Barrosa,barrojo01,S,25,2TM,2LG,0.5,104,173,144,30,28,12,1,2,12,3,0,17,46,.194,.287,.333,.620,73,.291,74,48,1,2,9,1,0,89H7/D,,season
2026,382,Jorge Barrosa,barrojo01,S,25,HOU,AL,0.0,7,14,10,2,1,1,0,0,0,0,0,3,4,.100,.308,.200,.508,49,.258,56,2,0,0,1,0,0,/789,,stint
2026,382,Jorge Barrosa,barrojo01,S,25,ARI,NL,0.5,97,159,134,28,27,11,1,2,12,3,0,14,42,.201,.285,.343,.628,74,.294,76,46,1,2,8,1,0,8H97/D,,stint
2026,383,Samad Taylor,taylosa04,R,27,SDP,NL,0.8,46,172,149,26,47,4,2,2,18,12,3,18,44,.315,.391,.409,.800,126,.362,126,61,2,1,3,1,0,7/9HD4,,season
2026,384,Jake Rogers,rogerja03,R,31,4TM,AL,0.1,58,171,143,17,23,4,1,4,14,1,0,23,51,.161,.276,.287,.563,59,.260,56,41,4,1,1,3,0,2/1H,,season
2026,384,Jake Rogers,rogerja03,R,31,DET,AL,0.0,34,110,93,11,15,2,1,3,9,1,0,13,31,.161,.266,.301,.567,59,.259,54,28,0,1,1,2,0,2/1H,,stint
2026,384,Jake Rogers,rogerja03,R,31,CHW,AL,-0.2,18,46,39,2,4,0,0,1,3,0,0,7,16,.103,.239,.179,.419,20,.207,20,7,3,0,0,0,0,2,,stint
2026,384,Jake Rogers,rogerja03,R,31,BOS,AL,0.2,3,9,6,4,3,2,0,0,2,0,0,2,2,.500,.556,.833,1.389,288,.535,254,5,0,0,0,1,0,/2,,stint
2026,384,Jake Rogers,rogerja03,R,31,BAL,AL,0.0,3,6,5,0,1,0,0,0,0,0,0,1,2,.200,.333,.200,.533,57,.267,65,1,1,0,0,0,0,/2,,stint
2026,385,James Outman,outmaja01,L,29,2TM,AL,-0.3,94,170,157,23,27,4,2,5,17,6,3,10,71,.172,.235,.318,.554,54,.245,47,50,0,3,0,0,0,87H9/D,,season
2026,385,James Outman,outmaja01,L,29,DET,AL,0.0,45,100,93,14,17,0,1,5,14,2,1,5,42,.183,.240,.366,.606,67,.263,59,34,0,2,0,0,0,8/9H7,,stint
2026,385,James Outman,outmaja01,L,29,MIN,AL,-0.3,49,70,64,9,10,4,1,0,3,4,2,5,29,.156,.229,.250,.479,35,.219,29,16,0,1,0,0,0,87H/9D,,stint
2026,386,Starling Marte,martest01,R,37,KCR,AL,-0.7,59,168,153,15,37,5,0,2,14,2,2,9,41,.242,.298,.314,.611,73,.271,68,48,4,4,0,2,0,9DH/7,,season
2026,387,George Lombard Jr.,lombage02,R,21,NYY,AL,1.1,42,166,152,23,36,4,1,7,22,2,1,10,44,.237,.285,.414,.699,92,.303,86,63,1,1,1,2,0,6,,season
2026,388,Jonah Cox,coxjo01,R,24,SFG,NL,1.1,61,165,147,26,38,4,2,4,16,16,4,10,63,.259,.306,.395,.700,98,.314,92,58,0,0,7,0,0,84H/7D,,season
2026,389,Drew Cavanaugh,cavandr01,L,24,SFG,NL,0.4,58,162,140,9,33,4,1,1,12,1,0,18,47,.236,.323,.300,.623,79,.288,80,42,4,0,4,0,0,2H/D,,season
2026,390,James McCann,mccanja02,R,36,ARI,NL,0.4,50,162,152,17,43,6,0,7,28,0,0,6,42,.283,.313,.461,.773,112,.339,113,70,6,1,2,1,0,2/31HD,,season
2026,391,Nick Allen,allenni02,R,27,HOU,AL,1.2,93,161,144,25,40,6,0,3,14,2,0,10,32,.278,.323,.382,.705,100,.323,103,55,3,1,3,3,0,46H5/D,,season
2026,392,John Rave,ravejo01,L,28,KCR,AL,1.0,52,161,142,26,33,8,1,6,13,8,1,17,38,.232,.314,.430,.744,107,.337,106,61,2,0,2,0,0,98H/7D,,season
2026,393,Daniel Susac,susacda01,R,25,SFG,NL,0.5,53,161,144,11,35,8,1,3,22,2,2,8,36,.243,.289,.375,.664,88,.292,86,54,4,3,2,4,0,2/H5,,season
2026,394,Edwin Arroyo,arroyed01,S,22,CIN,NL,-0.7,50,160,148,14,33,4,1,0,5,1,1,6,38,.223,.266,.264,.529,49,.256,54,39,0,3,2,1,0,4/56H,,season
2026,395,Brendan Donovan,donovbr01,L,29,SEA,AL,0.5,39,159,137,12,38,7,1,3,15,1,1,15,23,.277,.371,.409,.780,125,.346,126,56,5,6,0,1,0,5/4DH,,season
2026,396,Rafael Flores,florera03,R,25,PIT,NL,1.2,46,159,144,17,39,6,0,11,25,0,0,15,44,.271,.340,.542,.881,136,.377,135,78,2,0,0,0,1,23/H1,,season
2026,397,Endy Rodríguez,rodrien01,S,26,PIT,NL,0.8,45,159,135,20,36,6,0,7,20,6,1,23,41,.267,.373,.467,.840,128,.376,130,63,4,0,0,0,0,2/H3D,,season
2026,398,Darell Hernaiz,hernada04,R,24,ATH,AL,-0.6,56,157,137,13,32,3,0,1,9,3,0,16,31,.234,.316,.277,.594,66,.276,61,38,1,1,2,1,0,654/H9D,,season
2026,399,Jose Trevino,trevijo01,R,33,CIN,NL,-0.3,48,156,152,12,33,3,0,5,19,0,1,1,29,.217,.221,.336,.556,52,.247,49,51,3,0,2,1,0,2/1H3,,season
2026,400,Blake Dunn,dunnbl01,R,27,CIN,NL,1.1,38,155,142,20,40,7,1,2,7,6,3,10,33,.282,.335,.387,.723,101,.319,99,55,2,2,0,1,0,89/H7D,,season
2026,401,Jake Meyers,meyerja02,R,30,HOU,AL,0.1,57,153,141,15,30,7,0,3,11,1,2,10,31,.213,.268,.326,.594,69,.282,80,46,3,1,0,1,0,8H/71D,,season
2026,402,Drew Millas,milladr01,S,28,WSN,NL,-0.6,50,152,130,18,24,4,0,2,11,0,1,14,37,.185,.277,.262,.539,50,.248,46,34,1,3,2,1,0,2/H,,season
2026,403,Davis Schneider,schneda03,R,27,TOR,AL,-0.1,68,152,121,20,18,6,0,5,15,1,0,28,50,.149,.311,.322,.634,75,.301,81,39,1,1,1,1,0,7H4/D,,season
2026,404,Graham Pauley,paulegr01,L,25,MIA,NL,-0.1,61,150,138,15,29,9,1,4,25,1,1,8,37,.210,.257,.377,.634,77,.278,74,52,4,1,2,1,0,53/H,,season
2026,405,Sung-Mun Song,songsu01,L,29,SDP,NL,-0.2,77,150,128,21,25,4,0,1,17,13,4,18,30,.195,.293,.250,.543,55,.256,49,32,3,0,3,1,1,46H5/D,,season
2026,406,Jimmy Crooks,crookji01,L,24,STL,NL,-0.5,52,149,134,10,24,6,0,5,14,0,0,9,48,.179,.255,.336,.591,68,.262,64,45,2,5,0,1,0,2/DH,,season
2026,407,Mitch Garver,garvemi01,R,35,SEA,AL,0.5,50,149,126,17,22,3,0,4,15,1,0,22,49,.175,.302,.294,.596,73,.303,93,37,2,1,0,0,0,2H/D,,season
2026,408,Víctor Robles,roblevi01,R,29,SEA,AL,-0.1,65,149,133,15,34,3,2,0,9,10,2,9,22,.256,.315,.308,.623,81,.300,86,41,4,3,3,1,0,98/7H1D,,season
2026,409,Héctor Rodríguez,rodrihe05,L,22,CIN,NL,0.2,40,148,140,16,33,4,2,6,17,0,2,7,39,.236,.277,.421,.698,91,.298,88,59,0,1,0,0,0,9/HD8,,season
2026,410,Adam Frazier,fraziad01,L,34,LAA,AL,0.5,66,147,129,19,31,9,1,1,13,3,2,11,39,.240,.315,.349,.664,91,.298,91,45,1,3,4,0,2,4H/7D1,,season
2026,411,Gabriel Arias,ariasga01,R,26,3TM,2LG,0.4,50,147,139,14,34,3,0,5,13,4,0,8,60,.245,.286,.374,.660,85,.294,79,52,1,0,0,0,1,56/H34,,season
2026,411,Gabriel Arias,ariasga01,R,26,2TM,NL,0.0,8,13,12,1,3,0,0,0,2,0,0,1,3,.250,.308,.250,.558,58,.255,52,3,0,0,0,0,0,/6H34,,stint
2026,411,Gabriel Arias,ariasga01,R,26,CLE,AL,0.4,42,134,127,13,31,3,0,5,11,4,0,7,57,.244,.284,.386,.669,88,.298,82,49,1,0,0,0,1,56/H43,,stint
2026,411,Gabriel Arias,ariasga01,R,26,NYM,NL,-0.2,2,5,5,0,0,0,0,0,0,0,0,0,1,.000,.000,.000,.000,-100,.000,-126,0,0,0,0,0,0,/36,,stint
2026,411,Gabriel Arias,ariasga01,R,26,CHC,NL,0.2,6,8,7,1,3,0,0,0,2,0,0,1,2,.429,.500,.429,.929,161,.414,164,3,0,0,0,0,0,/6H34,,stint
2026,412,Dustin Harris,harridu01,L,26,3TM,2LG,0.9,44,147,128,22,37,4,4,0,19,10,1,11,20,.289,.352,.383,.735,108,.338,105,49,0,3,2,3,0,79/H8D,,season
2026,412,Dustin Harris,harridu01,L,26,2TM,AL,0.0,17,52,43,6,10,1,1,0,5,4,0,6,7,.233,.333,.302,.636,83,.314,83,13,0,1,1,1,0,7/9H,,stint
2026,412,Dustin Harris,harridu01,L,26,CHW,AL,0.2,6,16,12,2,3,1,0,0,1,2,0,4,1,.250,.438,.333,.771,122,.397,133,4,0,0,0,0,0,/9H7,,stint
2026,412,Dustin Harris,harridu01,L,26,HOU,AL,-0.2,11,36,31,4,7,0,1,0,4,2,0,2,6,.226,.286,.290,.576,65,.275,61,9,0,1,1,1,0,7/9H,,stint
2026,412,Dustin Harris,harridu01,L,26,SDP,NL,0.9,27,95,85,16,27,3,3,0,14,6,1,5,13,.318,.362,.424,.785,120,.352,117,36,0,2,1,2,0,79/H8D,,stint
2026,413,Leo Rivas,rivasle01,S,28,SEA,AL,-0.4,50,146,122,10,18,3,1,0,11,2,0,16,41,.148,.264,.189,.452,34,.226,37,23,3,4,2,2,0,56/HD14,,season
2026,414,Max Kepler,keplema01,L,33,ARI,NL,-0.7,41,145,132,11,27,7,0,2,15,0,0,11,32,.205,.262,.303,.565,57,.249,48,40,3,0,0,2,1,7/HD,,season
2026,415,Jorge Polanco,polanjo01,S,32,NYM,NL,-1.4,37,145,135,7,20,5,0,2,6,0,0,9,36,.148,.201,.230,.431,22,.200,16,31,2,0,1,0,0,D/3H,,season
2026,416,LaMonte Wade Jr.,wadela01,L,32,HOU,AL,-0.1,55,145,126,18,26,6,0,4,19,0,0,19,36,.206,.310,.349,.660,88,.303,91,44,0,0,0,0,0,7H3/91,,season
2026,417,MJ Melendez,melenmj01,L,27,NYM,NL,-0.2,56,144,120,14,23,5,1,4,11,0,1,17,50,.192,.315,.350,.665,88,.296,88,42,0,5,1,1,0,D7H/9,,season
2026,418,Kyle Teel,teelky01,L,24,CHW,AL,0.8,39,144,119,21,25,3,0,5,26,0,0,19,51,.210,.336,.361,.697,97,.330,107,43,2,4,1,1,0,2/HD,,season
2026,419,Tyler Tolbert,tolbety01,R,28,KCR,AL,1.1,77,144,126,32,37,5,0,3,8,22,4,12,29,.294,.357,.405,.762,114,.364,115,51,3,1,4,1,0,H6947/8D15,,season
2026,420,Osleivis Basabe,basabos01,R,25,SFG,NL,-0.5,46,143,129,13,26,3,0,5,13,2,2,9,29,.202,.268,.341,.609,72,.270,71,44,0,3,1,1,0,45/H6D,,season
2026,421,Ha-Seong Kim,kimha01,R,30,ATL,NL,-0.9,50,143,127,10,15,1,1,0,9,2,0,14,37,.118,.211,.142,.353,0,.179,-7,18,1,1,1,0,0,6/H,,season
2026,422,Christian Moore,moorech03,R,23,LAA,AL,-1.2,37,143,131,5,25,4,1,2,18,1,3,10,47,.191,.252,.282,.534,54,.230,48,37,4,1,0,1,0,4/7DH,,season
2026,423,Tommy Troy,troyto01,R,24,ARI,NL,0.1,45,143,129,23,28,3,1,4,9,1,0,13,34,.217,.289,.349,.638,77,.297,81,45,0,0,1,0,0,78/HD4,,season
2026,424,Carlos Correa,correca01,R,31,HOU,AL,1.3,32,141,122,22,34,8,0,3,16,1,0,18,26,.279,.369,.418,.787,124,.355,126,51,5,0,0,1,1,65,,season
2026,425,Ben Malgeri,malgebe01,R,26,DET,AL,1.0,59,139,119,18,30,5,0,5,20,5,0,17,36,.252,.353,.420,.773,116,.351,115,50,0,2,0,1,0,97H/8D,,season
2026,426,Abimelec Ortiz,ortizab01,L,24,WSN,NL,-0.5,44,136,128,16,24,5,0,5,14,0,0,7,36,.188,.228,.344,.572,55,.246,44,44,1,0,0,1,1,3DH,,season
2026,427,Ángel Genao,genaoan01,S,22,CLE,AL,0.4,42,135,123,15,26,4,0,2,6,1,0,11,21,.211,.281,.293,.574,64,.269,65,36,3,1,0,0,0,45/6H,,season
2026,428,Matt Wallner,wallnma01,L,28,MIN,AL,-1.3,34,135,120,14,20,3,0,4,10,0,1,10,53,.167,.259,.292,.551,55,.250,53,35,2,5,0,0,0,9/H,,season
2026,429,Eduardo Valencia,valened01,R,26,DET,AL,1.7,41,134,125,24,43,14,0,7,20,0,0,6,31,.344,.383,.624,1.007,176,.438,183,78,4,2,0,0,0,D2H/3,,season
2026,430,Jordan Lawlar,lawlajo01,R,23,ARI,NL,0.8,43,133,121,17,31,5,1,6,16,5,1,5,39,.256,.318,.463,.781,114,.351,118,56,1,6,1,0,0,87/H4,,season
2026,431,Hyeseong Kim,kimhy02,L,27,LAD,NL,0.5,43,131,116,16,30,3,1,1,11,5,1,12,31,.259,.323,.328,.651,81,.296,76,38,2,0,0,2,0,64/7H,,season
2026,432,Yoán Moncada,moncayo01,S,31,LAA,AL,-0.2,41,130,111,9,21,1,1,3,10,1,0,17,45,.189,.308,.297,.605,75,.283,77,33,2,2,0,0,0,5/HD,,season
2026,433,Rob Refsnyder,refsnro01,R,35,SEA,AL,-1.0,53,129,114,9,16,1,0,4,11,0,0,8,37,.140,.211,.254,.465,34,.207,25,29,2,3,1,3,1,DH9/7,,season
2026,434,Joey Bart,bartjo01,R,29,3TM,2LG,0.5,44,128,112,13,24,4,0,4,13,0,0,7,35,.214,.305,.357,.662,81,.304,85,40,1,8,0,1,0,2/HD,,season
2026,434,Joey Bart,bartjo01,R,29,2TM,NL,0.4,41,119,106,13,24,4,0,4,13,0,0,6,31,.226,.303,.377,.680,85,.309,88,40,1,6,0,1,0,2/HD,,stint
2026,434,Joey Bart,bartjo01,R,29,CHW,AL,0.1,3,9,6,0,0,0,0,0,0,0,0,1,4,.000,.333,.000,.333,5,.239,43,0,0,2,0,0,0,/2H,,stint
2026,434,Joey Bart,bartjo01,R,29,PIT,NL,-0.1,21,62,58,9,15,1,0,2,6,0,0,2,21,.259,.290,.379,.670,81,.291,74,22,0,1,0,1,0,2/HD,,stint
2026,434,Joey Bart,bartjo01,R,29,ATL,NL,0.5,20,57,48,4,9,3,0,2,7,0,0,4,10,.188,.316,.375,.691,90,.329,103,18,1,5,0,0,0,2/HD,,stint
2026,435,Jim Jarvis,jarviji01,L,25,ATL,NL,0.6,38,124,111,10,23,5,1,1,11,0,1,8,23,.207,.267,.297,.564,56,.265,60,33,0,1,4,0,0,6/H,,season
2026,436,Kaelen Culpepper,culpeka01,R,23,MIN,AL,0.5,32,123,112,15,31,5,0,3,11,1,0,6,25,.277,.333,.402,.735,106,.326,103,45,4,4,0,1,0,6,,season
2026,437,Nick Castellanos,casteni01,R,34,SDP,NL,-1.0,39,122,115,9,22,5,0,4,20,2,0,5,34,.191,.221,.339,.560,55,.258,53,39,1,0,0,2,1,9/DH73,,season
2026,438,Turner Hill,hilltu01,L,27,SFG,NL,0.4,33,122,103,13,23,7,0,1,16,2,1,13,20,.223,.311,.320,.632,81,.284,79,33,1,2,0,4,0,7/H8D,,season
2026,439,Joey Loperfido,loperjo01,L,27,HOU,AL,0.1,40,121,103,13,22,7,1,1,12,1,1,14,32,.214,.311,.330,.641,83,.284,79,34,2,1,1,1,1,7H/89,,season
2026,440,Colby Thomas,thomaco03,R,25,ATH,AL,-0.7,55,121,114,11,23,3,0,4,11,1,1,4,37,.202,.235,.333,.569,55,.254,49,38,3,1,2,0,0,9H7/D8,,season
2026,441,Alek Thomas,thomaal01,L,26,2TM,NL,-0.1,35,120,113,13,21,10,0,2,13,4,0,4,27,.186,.227,.327,.554,52,.257,48,37,5,2,1,0,0,8/H,,season
2026,441,Alek Thomas,thomaal01,L,26,LAD,NL,-0.1,7,20,19,1,4,1,0,0,3,0,0,1,4,.211,.250,.263,.513,42,.278,67,5,2,0,0,0,0,/8H,,stint
2026,441,Alek Thomas,thomaal01,L,26,ARI,NL,0.0,28,100,94,12,17,9,0,2,10,4,0,3,23,.181,.222,.340,.563,54,.253,44,32,3,2,1,0,0,8,,stint
2026,442,Shay Whitcomb,whitcsh01,R,27,2TM,2LG,0.0,48,120,114,8,23,3,0,4,13,1,1,4,35,.202,.229,.333,.562,58,.258,61,38,2,0,2,0,0,5H/436D7,,season
2026,442,Shay Whitcomb,whitcsh01,R,27,HOU,AL,0.0,17,24,23,2,3,0,0,2,5,0,0,1,11,.130,.167,.391,.558,53,.237,45,9,0,0,0,0,0,H/536D7,,stint
2026,442,Shay Whitcomb,whitcsh01,R,27,SFG,NL,0.0,31,96,91,6,20,3,0,2,8,1,1,3,24,.220,.245,.319,.563,59,.263,65,29,2,0,2,0,0,5/43H,,stint
2026,443,Pavin Smith,smithpa04,L,30,ARI,NL,-0.7,39,118,105,12,20,3,0,3,12,2,0,12,24,.190,.271,.305,.576,61,.265,57,32,2,0,0,1,0,3D/H,,season
2026,444,Sean Murphy,murphse01,R,31,ATL,NL,-0.1,32,117,106,11,18,4,0,3,10,0,0,11,36,.170,.248,.292,.540,49,.267,59,31,1,0,0,0,0,2/D,,season
2026,445,Nick Yorke,yorkeni01,R,24,PIT,NL,-0.5,40,117,104,7,22,4,0,1,12,1,0,9,26,.212,.284,.279,.563,55,.261,50,29,3,2,1,1,0,5H/937D,,season
2026,446,Lenyn Sosa,sosale01,R,26,2TM,AL,-0.9,40,117,113,11,22,7,0,1,9,0,0,1,25,.195,.207,.283,.490,34,.222,27,32,2,1,1,1,0,43/DH,,season
2026,446,Lenyn Sosa,sosale01,R,26,CHW,AL,-0.3,12,33,33,2,7,3,0,0,3,0,0,0,7,.212,.212,.303,.515,43,.224,32,10,0,0,0,0,0,/DH34,,stint
2026,446,Lenyn Sosa,sosale01,R,26,TOR,AL,-0.6,28,84,80,9,15,4,0,1,6,0,0,1,18,.188,.205,.275,.480,31,.221,25,22,2,1,1,1,0,43/HD,,stint
2026,447,Will Benson,bensowi01,L,28,CIN,NL,-0.2,51,114,96,11,18,3,1,3,6,1,1,16,38,.188,.310,.333,.643,80,.287,77,32,0,1,0,0,1,9H/78D,,season
2026,448,Harry Ford,fordha01,R,23,WSN,NL,0.3,37,114,97,16,18,6,0,3,10,3,0,16,28,.186,.307,.340,.647,79,.300,78,33,2,1,0,0,0,2/HD,,season
2026,449,Josh Rojas,rojasjo01,L,32,KCR,AL,0.6,42,114,105,11,24,4,0,2,14,1,0,5,16,.229,.268,.324,.592,66,.272,64,34,0,1,2,1,0,5H/D641,,season
2026,450,Víctor Bericoto,bericvi01,R,24,SFG,NL,-0.5,40,113,110,9,26,5,0,5,15,1,2,3,31,.236,.257,.418,.675,88,.281,82,46,3,0,0,0,0,79/HD3,,season
2026,451,Brandon Lockridge,lockrbr01,R,29,MIL,NL,0.3,39,113,101,13,28,5,0,0,12,6,1,11,33,.277,.348,.327,.675,88,.320,91,33,0,0,1,0,0,7/8H93,,season
2026,452,Nelson Velázquez,velazne01,R,27,2TM,2LG,-0.4,52,113,101,12,19,4,0,6,18,0,0,9,38,.188,.257,.406,.663,86,.284,80,41,0,1,0,2,0,7HD/9,,season
2026,452,Nelson Velázquez,velazne01,R,27,HOU,AL,-0.4,18,30,27,2,3,0,0,2,6,0,0,2,13,.111,.167,.333,.500,38,.213,28,9,0,0,0,1,0,H7/9D,,stint
2026,452,Nelson Velázquez,velazne01,R,27,STL,NL,0.0,34,83,74,10,16,4,0,4,12,0,0,7,25,.216,.289,.432,.722,103,.310,98,32,0,1,0,1,0,7HD/9,,stint
2026,453,Harrison Bader,baderha01,R,32,SFG,NL,0.2,30,111,106,10,18,5,0,5,14,0,0,4,34,.170,.198,.358,.557,54,.244,50,38,3,0,0,1,0,8/H,,season
2026,454,Everson Pereira,pereiev01,R,25,2TM,2LG,0.0,38,111,98,10,23,5,0,5,12,1,0,6,37,.235,.309,.439,.748,108,.329,107,43,3,5,1,1,0,98/7HD,,season
2026,454,Everson Pereira,pereiev01,R,25,CHW,AL,0.0,27,88,80,8,18,5,0,4,11,1,0,5,30,.225,.284,.438,.722,99,.315,95,35,2,2,0,1,0,9/8DH7,,stint
2026,454,Everson Pereira,pereiev01,R,25,STL,NL,0.0,11,23,18,2,5,0,0,1,1,0,0,1,7,.278,.409,.444,.854,145,.387,156,8,1,3,1,0,0,/78H,,stint
2026,455,Juan Brito,britoju02,S,24,2TM,2LG,0.0,32,111,102,13,26,6,0,3,14,1,0,7,25,.255,.306,.402,.708,97,.313,94,41,3,1,0,1,0,4/596H,,season
2026,455,Juan Brito,britoju02,S,24,CLE,AL,-0.4,15,56,51,7,9,4,0,0,3,0,0,4,17,.176,.250,.255,.505,44,.234,41,13,1,1,0,0,0,4/H,,stint
2026,455,Juan Brito,britoju02,S,24,CIN,NL,0.4,17,55,51,6,17,2,0,3,11,1,0,3,8,.333,.364,.549,.913,150,.394,148,28,2,0,0,1,0,4/596,,stint
2026,456,Joshua Báez,baezjo02,R,23,STL,NL,0.1,29,108,100,18,23,7,0,7,18,2,1,4,33,.230,.278,.510,.788,119,.338,119,51,0,3,0,1,0,7/H9,,season
2026,457,Tyler Callihan,callity01,L,26,PIT,NL,-0.6,37,107,95,13,20,4,2,3,15,1,0,9,38,.211,.283,.389,.672,81,.296,75,37,0,1,1,1,0,9/37H451D,,season
2026,458,Christopher Morel,morelch01,R,27,2TM,NL,-0.7,36,105,98,6,17,4,0,1,6,1,0,6,35,.173,.229,.245,.473,34,.216,27,24,0,1,0,0,0,3D/H75,,season
2026,458,Christopher Morel,morelch01,R,27,MIA,NL,-0.6,22,73,68,3,11,3,0,0,1,1,0,4,28,.162,.219,.206,.425,22,.199,15,14,0,1,0,0,0,3/DH,,stint
2026,458,Christopher Morel,morelch01,R,27,NYM,NL,-0.1,14,32,30,3,6,1,0,1,5,0,0,2,7,.200,.250,.333,.583,63,.253,54,10,0,0,0,0,0,/3HD75,,stint
2026,459,Charles McAdoo,mcadoch01,R,24,TOR,AL,0.3,35,102,94,11,24,4,0,2,12,2,0,7,25,.255,.304,.362,.666,83,.313,87,34,3,0,0,1,0,43/5H7D,,season
2026,460,Blake Perkins,perkibl01,S,29,MIL,NL,0.0,55,101,89,14,14,6,0,1,11,3,1,10,22,.157,.250,.258,.508,41,.262,54,23,1,1,1,0,0,8H9/7D,,season
2026,461,Ramón Urías,uriasra01,R,32,STL,NL,0.3,43,100,86,14,13,3,0,4,9,0,1,9,18,.151,.260,.326,.586,67,.268,72,28,3,4,0,1,0,5H/436,,season
2026,462,Austin Hays,haysau01,R,30,2TM,2LG,-0.4,37,100,96,14,26,3,0,3,13,0,1,3,26,.271,.290,.396,.686,91,.304,93,38,3,0,0,1,1,7DH/9,,season
2026,462,Austin Hays,haysau01,R,30,CHW,AL,-0.4,12,44,43,3,10,1,0,1,7,0,1,1,13,.233,.250,.326,.576,61,.231,44,14,1,0,0,0,1,7/9DH,,stint
2026,462,Austin Hays,haysau01,R,30,SDP,NL,0.0,25,56,53,11,16,2,0,2,6,0,0,2,13,.302,.321,.453,.774,115,.361,130,24,2,0,0,1,0,DH/79,,stint
2026,463,Jase Bowen,bowenja01,R,25,SDP,NL,-0.3,82,99,93,14,14,2,1,2,7,6,1,3,39,.151,.194,.258,.452,26,.209,14,24,0,2,1,0,0,79H/8D,,season
2026,464,Leo Bernal,bernale01,S,22,STL,NL,0.8,23,98,93,11,26,3,0,4,18,0,1,5,25,.280,.316,.441,.757,114,.335,120,41,1,0,0,0,0,2/D3,,season
2026,465,Bo Naylor,naylobo01,L,26,2TM,2LG,-0.6,31,98,91,5,14,2,0,3,10,0,0,7,24,.154,.214,.275,.489,37,.220,31,25,2,0,0,0,0,2/H3,,season
2026,465,Bo Naylor,naylobo01,L,26,CLE,AL,-0.7,28,90,84,4,12,2,0,2,7,0,0,6,21,.143,.200,.238,.438,24,.199,17,20,2,0,0,0,0,2/H,,stint
2026,465,Bo Naylor,naylobo01,L,26,MIL,NL,0.1,3,8,7,1,2,0,0,1,3,0,0,1,3,.286,.375,.714,1.089,192,.453,192,5,0,0,0,0,0,/23,,stint
2026,466,Jake Fraley,fraleja01,L,31,TBR,AL,-0.2,31,97,88,6,19,7,0,2,5,3,0,9,29,.216,.289,.364,.652,82,.298,78,32,1,0,0,0,0,9/HD,,season
2026,467,Jhonny Pereda,peredjh01,R,30,SEA,AL,0.4,30,97,87,11,25,1,0,2,8,0,0,8,19,.287,.351,.368,.718,108,.324,110,32,1,1,0,1,0,2/1,,season
2026,468,Cody Freeman,freemco01,R,25,TEX,AL,0.2,35,96,84,8,21,1,1,1,6,1,1,8,15,.250,.323,.321,.644,89,.296,94,27,2,1,3,0,0,54/H7,,season
2026,469,Giancarlo Stanton,stantmi03,R,36,NYY,AL,0.1,24,96,90,8,23,6,0,3,14,1,0,6,29,.256,.302,.422,.724,100,.328,102,38,2,0,0,0,0,D/H,,season
2026,470,Rafael Marchán,marchra01,S,27,PHI,NL,-0.7,34,95,91,5,9,0,0,2,6,0,0,2,15,.099,.137,.165,.302,-19,.157,-25,15,2,2,0,0,0,2/H,,season
2026,471,Kiké Hernández,hernaen02,R,34,LAD,NL,0.1,40,94,88,12,20,4,0,4,12,0,0,6,28,.227,.277,.409,.686,86,.297,81,36,1,0,0,0,0,53/87H41,,season
2026,472,Alan Roden,rodenal01,L,26,MIN,AL,0.3,32,94,79,7,23,5,0,1,14,0,0,12,12,.291,.376,.392,.769,117,.371,137,31,1,0,1,2,0,9/H7D,,season
2026,473,J.C. Escarra,escarjc01,L,31,NYY,AL,0.1,32,92,85,8,16,5,1,0,7,0,0,6,18,.188,.239,.271,.510,42,.248,47,23,1,0,0,1,0,2/H,,season
2026,474,Ali Sánchez,sanchal04,R,29,NYY,AL,0.2,51,92,86,7,21,2,0,1,8,0,1,1,25,.244,.275,.302,.577,61,.275,70,26,2,3,1,1,0,2/H,,season
2026,475,Adael Amador,amadoad01,S,23,COL,NL,0.5,26,91,80,17,22,5,0,4,16,0,0,9,12,.275,.356,.488,.843,119,.360,114,39,0,1,1,0,1,4/DH,,season
2026,476,Rodolfo Durán,duranro02,R,28,SDP,NL,-0.1,38,91,82,8,12,4,0,3,8,0,0,7,24,.146,.222,.305,.527,46,.235,39,25,3,1,1,0,0,2/H1,,season
2026,477,Kahlil Watson,watsoka01,L,23,CLE,AL,0.0,27,91,88,6,21,6,0,1,11,9,1,3,32,.239,.264,.341,.605,70,.284,64,30,2,0,0,0,0,9/8H,,season
2026,478,Braden Shewmake,shewmbr01,L,28,2TM,2LG,0.3,34,91,85,12,22,5,0,3,10,1,0,2,16,.259,.270,.424,.693,93,.298,85,36,2,0,2,2,0,564/H,,season
2026,478,Braden Shewmake,shewmbr01,L,28,HOU,AL,0.3,30,83,78,10,20,4,0,3,9,0,0,2,13,.256,.272,.423,.695,94,.299,88,33,2,0,2,1,0,65/4H,,stint
2026,478,Braden Shewmake,shewmbr01,L,28,MIL,NL,0.0,4,8,7,2,2,1,0,0,1,1,0,0,3,.286,.250,.429,.679,83,.288,52,3,0,0,0,1,0,/54,,stint
2026,479,Grant McCray,mccragr01,L,25,SFG,NL,0.0,42,90,76,14,11,2,1,2,4,8,0,11,27,.145,.253,.276,.529,51,.271,51,21,0,0,3,0,1,79H8/D,,season
2026,480,Walker Jenkins,jenkiwa01,L,21,MIN,AL,0.1,25,89,80,13,17,2,0,4,10,1,1,7,19,.213,.284,.388,.672,87,.292,82,31,2,1,1,0,0,8/HD,,season
2026,481,Gabriel Rincones Jr.,rincoga01,L,25,PHI,NL,-0.7,29,89,84,7,14,4,0,2,7,0,0,2,29,.167,.202,.286,.488,30,.223,22,24,2,2,0,1,0,9/H,,season
2026,482,Austin Wynns,wynnsau01,R,35,3TM,2LG,-0.2,34,89,82,4,12,0,0,1,1,0,0,5,24,.146,.195,.183,.378,7,.198,12,15,0,0,2,0,0,2/DH,,season
2026,482,Austin Wynns,wynnsau01,R,35,2TM,AL,0.0,28,75,68,4,11,0,0,1,1,0,0,5,20,.162,.219,.206,.425,21,.223,31,14,0,0,2,0,0,2/DH,,stint
2026,482,Austin Wynns,wynnsau01,R,35,ATH,AL,-0.4,14,43,39,3,3,0,0,0,0,0,0,3,10,.077,.143,.077,.220,-37,.136,-38,3,0,0,1,0,0,2,,stint
2026,482,Austin Wynns,wynnsau01,R,35,TEX,AL,0.4,14,32,29,1,8,0,0,1,1,0,0,2,10,.276,.323,.379,.702,104,.341,124,11,0,0,1,0,0,2/DH,,stint
2026,482,Austin Wynns,wynnsau01,R,35,ATL,NL,-0.1,6,14,14,0,1,0,0,0,0,0,0,0,4,.071,.071,.071,.143,-60,.064,-85,1,0,0,0,0,0,/2,,stint
2026,483,Max Schuemann,schuema01,R,29,NYY,AL,-0.2,42,87,72,17,14,6,0,2,8,3,2,12,21,.194,.333,.361,.694,94,.313,96,26,0,3,0,0,0,7H9/86145D,,season
2026,484,Bryan De La Cruz,delacbr01,R,29,PHI,NL,0.0,34,86,75,10,21,4,0,2,12,0,0,7,18,.280,.349,.413,.762,105,.343,107,31,2,2,0,2,0,97H,,season
2026,485,Denzel Clarke,clarkde02,R,26,ATH,AL,-0.4,39,85,74,6,11,1,0,0,6,4,0,8,28,.149,.232,.162,.394,11,.203,1,12,1,0,3,0,0,8/H,,season
2026,486,Braxton Fulford,fulfobr01,R,27,COL,NL,-0.3,46,85,74,12,13,4,0,1,7,4,0,8,34,.176,.259,.270,.529,40,.273,44,20,0,1,0,2,0,H2D/7,,season
2026,487,Travis d'Arnaud,darnatr01,R,37,LAA,AL,0.1,32,84,76,7,12,3,0,1,3,0,0,6,24,.158,.238,.237,.475,37,.233,44,18,1,2,0,0,0,2/HD,,season
2026,488,Eric Haase,haaseer01,R,33,SFG,NL,0.0,29,84,74,8,12,3,0,4,9,0,0,6,28,.162,.235,.365,.599,68,.260,60,27,1,1,3,0,0,2/7H,,season
2026,489,Andrew McCutchen,mccutan01,R,39,TEX,AL,-0.4,37,83,73,8,14,2,0,1,5,0,0,9,22,.192,.277,.260,.537,58,.257,64,19,0,0,0,1,0,DH/79,,season
2026,490,Joey Wiemer,wiemejo01,R,27,WSN,NL,0.7,32,83,70,16,20,5,1,3,12,1,0,12,29,.286,.398,.514,.912,150,.392,146,36,2,1,0,0,0,98H/D1,,season
2026,491,Jarred Kelenic,kelenja01,L,26,2TM,AL,-0.3,36,83,73,5,16,2,0,1,6,0,1,10,31,.219,.313,.288,.601,73,.270,71,21,0,0,0,0,0,9H7/8,,season
2026,491,Jarred Kelenic,kelenja01,L,26,CHW,AL,-0.3,19,59,53,3,12,2,0,1,4,0,0,6,20,.226,.305,.321,.626,77,.281,73,17,0,0,0,0,0,9/H,,stint
2026,491,Jarred Kelenic,kelenja01,L,26,TEX,AL,0.0,17,24,20,2,4,0,0,0,2,0,1,4,11,.200,.333,.200,.533,61,.242,68,4,0,0,0,0,0,7H/89,,stint
2026,492,Zach Dezenzo,dezenza01,R,26,HOU,AL,0.2,35,82,75,11,16,4,0,1,3,1,0,7,31,.213,.280,.307,.587,68,.279,72,23,1,0,0,0,0,7H/D,,season
2026,493,Brian Serven,servebr01,R,31,ATH,AL,0.1,28,82,78,8,14,1,0,5,14,0,0,3,21,.179,.220,.385,.604,62,.260,53,30,2,1,0,0,0,2/DH,,season
2026,494,Andrew Knizner,kniznan01,R,31,SFG,NL,-0.4,29,80,73,8,16,4,0,2,4,0,0,4,14,.219,.288,.356,.644,82,.287,81,26,3,3,0,0,0,2/H,,season
2026,495,Zac Veen,veenza01,L,24,COL,NL,-0.3,36,79,69,10,16,3,1,3,13,2,0,7,31,.232,.312,.435,.746,93,.342,97,30,0,1,2,0,0,7H9/8D,,season
2026,496,Brett Callahan,callabr01,L,24,DET,AL,-0.1,32,77,69,4,15,3,1,1,8,0,0,6,25,.217,.286,.333,.619,73,.288,77,23,0,1,0,1,0,7H/9D,,season
2026,497,John Peck,peckjo01,R,23,DET,AL,-0.1,23,77,65,3,11,1,0,0,7,5,1,9,16,.169,.286,.185,.470,36,.253,45,12,2,2,0,1,0,6/H,,season
2026,498,Sterlin Thompson,thompst01,L,25,COL,NL,-0.3,27,77,69,7,16,4,0,2,10,0,0,5,21,.232,.312,.377,.688,80,.305,75,26,3,3,0,0,0,7D/9H,,season
2026,499,Austin Slater,slateau01,R,33,3TM,2LG,-0.1,28,74,65,6,15,3,0,0,3,4,0,8,21,.231,.311,.277,.588,68,.289,70,18,1,0,0,1,0,9H/7D,,season
2026,499,Austin Slater,slateau01,R,33,2TM,NL,-0.2,21,49,43,4,9,1,0,0,2,1,0,5,15,.209,.286,.233,.518,49,.260,56,10,1,0,0,1,0,9H/7D,,stint
2026,499,Austin Slater,slateau01,R,33,TBR,AL,0.0,7,25,22,2,6,2,0,0,1,3,0,3,6,.273,.360,.364,.724,104,.347,98,8,0,0,0,0,0,/97H,,stint
2026,499,Austin Slater,slateau01,R,33,MIA,NL,0.0,12,28,23,1,4,0,0,0,1,1,0,4,9,.174,.286,.174,.460,35,.234,36,4,0,0,0,1,0,/9H,,stint
2026,499,Austin Slater,slateau01,R,33,NYM,NL,-0.1,9,21,20,3,5,1,0,0,1,0,0,1,6,.250,.286,.300,.586,66,.294,83,6,1,0,0,0,0,/H7D9,,stint
2026,500,Romy González,gonzaro01,R,29,BOS,AL,-0.4,19,73,65,7,12,3,1,1,7,1,1,5,21,.185,.264,.308,.572,62,.253,57,20,3,2,1,0,0,/D34H,,season
2026,501,Alex Jackson,jacksal02,R,30,MIN,AL,0.4,33,73,69,12,21,4,0,1,5,0,0,2,24,.304,.342,.406,.748,110,.324,103,28,0,2,0,0,0,2/H3D1,,season
2026,502,Brock Rodden,roddebr01,S,26,SEA,AL,-0.5,30,72,61,8,12,3,1,0,4,0,2,10,24,.197,.306,.279,.584,71,.268,80,17,0,0,0,1,0,56/H4D,,season
2026,503,Bryce Teodosio,teodobr01,R,27,LAA,AL,-0.2,42,72,66,7,13,2,0,0,6,5,1,5,26,.197,.254,.227,.481,40,.228,32,15,1,0,1,0,0,78/H9D,,season
2026,504,Rece Hinds,hindsre01,R,25,3TM,2LG,-0.7,25,71,63,2,9,5,0,0,6,0,0,5,32,.143,.211,.222,.433,23,.197,13,14,1,1,0,2,0,9/H87D,,season
2026,504,Rece Hinds,hindsre01,R,25,2TM,NL,-0.4,13,38,35,2,4,3,0,0,5,0,0,1,19,.114,.158,.200,.358,-1,.160,-15,7,0,1,0,1,0,9/DH,,stint
2026,504,Rece Hinds,hindsre01,R,25,BAL,AL,-0.3,12,33,28,0,5,2,0,0,1,0,0,4,13,.179,.273,.250,.523,51,.240,47,7,1,0,0,1,0,/98H7,,stint
2026,504,Rece Hinds,hindsre01,R,25,MIA,NL,-0.1,1,2,2,0,0,0,0,0,0,0,0,0,1,.000,.000,.000,.000,-100,.000,-126,0,0,0,0,0,0,/D,,stint
2026,504,Rece Hinds,hindsre01,R,25,CIN,NL,-0.3,12,36,33,2,4,3,0,0,5,0,0,1,18,.121,.167,.212,.379,5,.169,-9,7,0,1,0,1,0,9/HD,,stint
2026,505,Joshua Kuroda-Grauer,kurodjo01,R,23,ATH,AL,0.6,20,70,67,8,25,7,0,1,4,0,1,2,10,.373,.400,.522,.922,152,.407,162,35,4,1,0,0,0,5/46H,,season
2026,506,Ronny Simón,simonro01,S,26,PIT,NL,0.0,20,66,61,11,16,3,0,1,4,4,0,4,11,.262,.308,.361,.668,82,.309,75,22,4,0,1,0,0,9/DH7,,season
2026,507,Cam Cauley,cauleca01,R,23,TEX,AL,-0.4,34,65,58,10,12,3,1,1,1,1,0,5,15,.207,.281,.345,.626,82,.294,87,20,2,1,1,0,0,H48/967D,,season
2026,508,Sean Keys,keysse01,L,23,TOR,AL,0.0,24,65,59,8,12,2,0,2,9,0,0,3,21,.203,.250,.339,.589,61,.273,62,20,0,1,0,1,0,3/DH75,,season
2026,509,Garrett Stubbs,stubbga01,L,33,PHI,NL,-0.5,35,65,59,11,9,0,0,0,3,0,0,3,15,.153,.215,.153,.368,2,.177,-11,9,0,2,0,1,0,2/H13D57,,season
2026,510,Nick Madrigal,madrini01,R,29,2TM,AL,0.6,19,63,54,8,15,2,0,0,3,1,1,7,3,.278,.365,.315,.680,97,.320,107,17,1,1,0,1,0,4/5DH6,,season
2026,510,Nick Madrigal,madrini01,R,29,TBR,AL,-0.1,4,11,10,1,3,1,0,0,1,0,0,0,0,.300,.273,.400,.673,86,.279,70,4,0,0,0,1,0,/46H,,stint
2026,510,Nick Madrigal,madrini01,R,29,LAA,AL,0.7,15,52,44,7,12,1,0,0,2,1,1,7,3,.273,.385,.295,.680,100,.328,115,13,1,1,0,0,0,/45DH,,stint
2026,511,Zack Short,shortza01,R,31,2TM,2LG,-0.3,29,62,50,4,7,2,0,0,2,0,0,8,19,.140,.262,.180,.442,28,.219,25,9,0,1,1,2,0,6/4H1,,season
2026,511,Zack Short,shortza01,R,31,DET,AL,0.1,23,46,36,3,6,2,0,0,2,0,0,7,12,.167,.304,.222,.527,51,.255,53,8,0,1,0,2,0,6/H4,,stint
2026,511,Zack Short,shortza01,R,31,NYM,NL,-0.4,6,16,14,1,1,0,0,0,0,0,0,1,7,.071,.133,.071,.205,-40,.107,-60,1,0,0,1,0,0,/461H,,stint
2026,512,Yohel Pozo,pozoyo01,R,29,2TM,2LG,0.1,37,62,60,4,15,1,0,1,7,1,0,1,9,.250,.258,.317,.575,63,.300,88,19,6,0,0,1,0,2H/D3,,season
2026,512,Yohel Pozo,pozoyo01,R,29,BAL,AL,0.3,19,29,27,4,7,0,0,1,2,1,0,1,6,.259,.276,.370,.646,82,.318,96,10,1,0,0,1,0,2/H,,stint
2026,512,Yohel Pozo,pozoyo01,R,29,STL,NL,-0.1,18,33,33,0,8,1,0,0,5,0,0,0,3,.242,.242,.273,.515,47,.284,80,9,5,0,0,0,0,/HD23,,stint
2026,513,Santiago Espinal,espinsa01,R,31,LAD,NL,0.0,36,60,56,5,15,3,0,1,7,0,0,1,8,.268,.276,.375,.651,78,.283,69,21,5,0,2,1,0,54H/3D,,season
2026,514,Ryan Ward,wardry01,L,28,LAD,NL,0.2,20,60,55,8,12,4,0,3,12,0,0,5,17,.218,.283,.455,.738,100,.316,94,25,2,0,0,0,0,7/3DH,,season
2026,515,Christian Franklin,frankch02,R,26,BAL,AL,0.2,21,59,50,6,9,2,0,0,1,3,0,7,15,.180,.305,.220,.525,53,.267,57,11,1,2,0,0,0,7/8HD,,season
2026,516,Lázaro Montes,montela01,L,21,SEA,AL,0.1,21,59,52,7,11,2,0,4,11,0,0,7,24,.212,.305,.481,.786,123,.331,115,25,3,0,0,0,1,9/HD7,,season
2026,517,Luis Urías,uriaslu01,R,29,TOR,AL,0.5,26,59,52,5,13,3,0,3,8,0,0,6,10,.250,.322,.481,.803,118,.345,113,25,2,0,0,1,0,4/H,,season
2026,518,Nate Eaton,eatonna01,R,29,BOS,AL,0.3,23,58,48,4,7,2,0,1,6,2,0,8,15,.146,.293,.250,.543,56,.271,62,12,0,2,0,0,0,/8H7D9,,season
2026,519,Jonathan India,indiajo01,R,29,KCR,AL,0.2,17,58,48,8,8,1,0,2,8,0,0,8,13,.167,.310,.313,.623,76,.306,90,15,0,2,0,0,0,4/H,,season
2026,520,Ronny Mauricio,mauriro01,S,25,NYM,NL,-0.2,19,58,56,6,11,1,0,3,6,0,0,1,19,.196,.224,.375,.599,65,.258,58,21,1,1,0,0,0,6/45HD,,season
2026,521,Brian Navarreto,navarbr01,R,31,MIA,NL,0.0,31,58,50,8,7,3,0,1,3,0,0,2,20,.140,.200,.260,.460,29,.204,16,13,0,2,3,1,0,2/H,,season
2026,522,Jesús Rodríguez,rodrije02,R,24,SFG,NL,-0.1,22,58,51,7,12,3,0,2,8,1,1,5,8,.235,.316,.412,.728,105,.317,106,21,2,1,1,0,0,2/H794D,,season
2026,523,Lucas Spence,spenclu01,L,23,HOU,AL,0.2,18,58,53,8,11,2,0,4,10,0,2,4,22,.208,.276,.472,.748,108,.306,105,25,0,1,0,0,0,8/H,,season
2026,524,Sebastián Rivero,riverse01,R,27,LAA,AL,0.1,24,57,53,5,13,2,0,0,8,0,0,3,12,.245,.286,.283,.569,65,.258,61,15,1,0,1,0,0,2/H,,season
2026,525,Billy Cook,cookbi01,R,27,PIT,NL,-0.4,86,54,52,12,9,1,1,0,2,6,1,1,21,.173,.204,.231,.434,19,.208,2,12,0,1,0,0,0,8H97/3D,,season
2026,526,LuJames Groover,groovlu01,R,24,ARI,NL,-0.2,15,54,48,4,8,2,0,1,4,0,0,5,11,.167,.259,.271,.530,48,.246,46,13,3,1,0,0,0,/3D5,,season
2026,527,Zach Cole,coleza01,L,25,HOU,AL,-0.1,19,53,51,4,8,1,0,3,8,0,0,1,21,.157,.189,.353,.542,50,.235,43,18,0,1,0,0,0,7/8H9D,,season
2026,528,Eric Wagaman,wagamer01,R,28,NYM,NL,-0.3,26,52,47,5,9,0,0,2,5,0,0,4,12,.191,.269,.319,.588,66,.265,63,15,1,1,0,0,0,H3/D579,,season
2026,529,Chadwick Tromp,trompch01,R,31,2TM,2LG,-0.5,21,51,49,2,8,1,0,0,4,0,0,0,13,.163,.160,.184,.344,-4,.150,-23,9,3,0,1,1,0,2/1,,season
2026,529,Chadwick Tromp,trompch01,R,31,BAL,AL,-0.4,9,24,24,1,3,0,0,0,1,0,0,0,6,.125,.125,.125,.250,-28,.113,-43,3,3,0,0,0,0,/21,,stint
2026,529,Chadwick Tromp,trompch01,R,31,ATL,NL,-0.2,12,27,25,1,5,1,0,0,3,0,0,0,7,.200,.192,.240,.432,19,.183,-5,6,0,0,1,1,0,2,,stint
2026,530,Orlando Arcia,arciaor01,R,31,MIN,AL,0.0,19,50,48,6,13,1,0,1,2,0,1,2,8,.271,.300,.354,.654,84,.279,78,17,3,0,0,0,0,6/4H351,,season
2026,531,Jhostynxon García,garcijh01,R,23,PIT,NL,-0.8,20,50,48,2,8,1,0,0,2,0,0,1,16,.167,.200,.188,.388,7,.178,-7,9,1,1,0,0,0,8/79DH,,season
2026,532,Patrick Wisdom,wisdopa01,R,34,SEA,AL,-0.7,19,50,47,3,5,1,0,1,4,0,0,3,21,.106,.160,.191,.351,1,.151,-15,9,0,0,0,0,1,5/3HD,,season
2026,533,Brett Harris,harribr02,R,28,3TM,2LG,-0.3,20,50,43,3,6,2,0,0,2,0,0,3,16,.140,.245,.186,.431,25,.210,23,8,2,3,1,0,0,5/3H4,,season
2026,533,Brett Harris,harribr02,R,28,2TM,AL,-0.1,6,9,6,0,0,0,0,0,0,0,0,1,2,.000,.333,.000,.333,4,.239,41,0,1,2,0,0,0,/5H34,,stint
2026,533,Brett Harris,harribr02,R,28,ATH,AL,0.1,5,6,4,0,0,0,0,0,0,0,0,1,2,.000,.333,.000,.333,3,.238,38,0,0,1,0,0,0,/5H4,,stint
2026,533,Brett Harris,harribr02,R,28,BOS,AL,-0.1,1,3,2,0,0,0,0,0,0,0,0,0,0,.000,.333,.000,.333,6,.243,47,0,1,1,0,0,0,/3,,stint
2026,533,Brett Harris,harribr02,R,28,SFG,NL,-0.2,14,41,37,3,6,2,0,0,2,0,0,2,14,.162,.225,.216,.441,27,.204,19,8,1,1,1,0,0,/35H,,stint
2026,534,Bryce Johnson,johnsbr03,S,30,SDP,NL,-0.1,32,49,45,5,8,2,0,0,2,5,1,3,18,.178,.229,.222,.451,28,.222,19,10,1,0,1,0,0,H/978D,,season
2026,535,Buddy Kennedy,kennebu01,R,27,2TM,2LG,-0.4,25,49,43,4,5,1,0,0,1,0,0,5,15,.116,.224,.140,.364,7,.202,21,6,0,1,0,0,0,5/H4D13,,season
2026,535,Buddy Kennedy,kennebu01,R,27,SEA,AL,-0.1,5,11,10,2,1,1,0,0,0,0,0,1,4,.100,.182,.200,.382,10,.260,64,2,0,0,0,0,0,/54H,,stint
2026,535,Buddy Kennedy,kennebu01,R,27,SFG,NL,-0.3,20,38,33,2,4,0,0,0,1,0,0,4,11,.121,.237,.121,.358,6,.185,8,4,0,1,0,0,0,5/HD134,,stint
2026,536,Emmanuel Rodríguez,rodriem01,L,23,MIN,AL,0.7,13,48,45,3,8,2,1,2,5,0,1,3,16,.178,.229,.400,.629,73,.298,92,18,0,0,0,0,0,/789H,,season
2026,537,Sam Haggerty,haggesa01,S,32,TEX,AL,-0.3,35,47,44,3,7,1,0,0,1,2,0,2,16,.159,.213,.182,.395,17,.194,12,8,1,1,0,0,0,7H/81D,,season
2026,538,Yohandy Morales,moralyo01,R,24,WSN,NL,0.3,17,47,47,10,12,4,0,4,10,1,0,0,15,.255,.255,.596,.851,126,.361,122,28,1,0,0,0,0,3/HD,,season
2026,539,Carlos Jorge,jorgeca01,L,22,CIN,NL,0.1,17,46,42,5,8,0,1,1,1,2,1,4,13,.190,.261,.310,.570,58,.270,64,13,0,0,0,0,0,8/H97D,,season
2026,540,Nick Morabito,morabni01,R,23,NYM,NL,0.0,19,46,41,4,8,2,0,0,4,1,2,3,16,.195,.283,.244,.527,51,.231,51,10,0,2,0,0,0,7/HD89,,season
2026,541,Connor Joe,joeco01,R,33,SEA,AL,0.0,21,45,39,2,7,2,0,1,3,2,0,6,15,.179,.289,.308,.597,73,.304,87,12,1,0,0,0,0,9/H37,,season
2026,542,Luke Maile,mailelu01,R,35,KCR,AL,-0.2,17,45,41,2,7,2,0,1,5,0,0,4,14,.171,.244,.293,.537,51,.244,46,12,2,0,0,0,0,2/1H,,season
2026,543,Will Wagner,wagnewi01,L,27,SDP,NL,0.0,16,45,35,5,9,1,0,0,0,0,0,10,7,.257,.422,.286,.708,105,.354,126,10,2,0,0,0,1,D/4H5,,season
2026,544,Tsung-Che Cheng,chengts01,L,24,BOS,AL,-0.2,14,44,39,7,10,1,0,0,5,0,2,4,14,.256,.318,.282,.600,73,.247,67,11,1,0,0,1,0,6/H,,season
2026,545,Sandy León,leonsa01,S,37,ATL,NL,-0.6,21,44,44,0,4,0,0,0,0,0,0,0,18,.091,.091,.091,.182,-49,.082,-73,4,0,0,0,0,0,2,,season
2026,546,Kameron Misner,misneka01,L,28,KCR,AL,-0.7,18,44,41,2,9,1,0,0,4,3,1,2,17,.220,.256,.244,.500,42,.231,32,10,0,0,1,0,0,/8H97D,,season
2026,547,Brewer Hicklen,hicklbr01,R,30,ATL,NL,0.1,19,43,35,8,9,5,0,0,3,0,0,8,16,.257,.395,.400,.795,121,.378,139,14,0,0,0,0,0,9/H78D,,season
2026,548,Josue De Paula,depaujo03,L,21,LAD,NL,0.5,11,42,31,7,10,3,1,1,7,1,1,11,5,.323,.500,.581,1.081,198,.459,201,18,1,0,0,0,0,/D7H,,season
2026,549,Tyler Locklear,locklty01,R,25,ARI,NL,0.1,15,42,36,8,10,3,0,1,6,1,0,4,9,.278,.357,.444,.802,122,.356,121,16,3,1,0,1,0,3/HD,,season
2026,550,Ray Delgado,delgara02,L,26,HOU,AL,0.1,19,41,37,4,9,1,0,1,4,0,0,3,7,.243,.300,.351,.651,85,.291,82,13,0,0,1,0,0,/456H,,season
2026,551,Gage Workman,workmga01,L,26,2TM,2LG,-0.5,18,41,41,3,7,4,0,2,8,0,0,0,17,.171,.171,.415,.585,57,.244,46,17,1,0,0,0,0,5/H4D7,,season
2026,551,Gage Workman,workmga01,L,26,DET,AL,-0.5,16,38,38,3,6,3,0,2,5,0,0,0,16,.158,.158,.395,.553,48,.231,36,15,0,0,0,0,0,5/H4D,,stint
2026,551,Gage Workman,workmga01,L,26,SDP,NL,0.0,2,3,3,0,1,1,0,0,3,0,0,0,1,.333,.333,.667,1.000,172,.417,169,2,1,0,0,0,0,/57H,,stint
2026,552,Michael Arroyo,arroymi01,R,21,SEA,AL,0.4,14,40,34,5,12,2,0,1,4,2,0,5,6,.353,.425,.500,.925,166,.437,181,17,0,0,0,1,0,/4H7D,,season
2026,553,Ethan Salas,salaset01,L,20,SDP,NL,0.2,16,40,39,6,10,0,1,2,5,0,0,1,9,.256,.275,.462,.737,102,.311,95,18,0,0,0,0,0,2/HD,,season
2026,554,Carson Williams,willica02,R,23,TBR,AL,-0.5,16,40,37,7,4,1,0,1,6,0,0,2,13,.108,.154,.216,.370,2,.167,-12,8,1,0,1,0,0,/64HD5,,season
2026,555,Deyvison De Los Santos,delosde01,R,23,MIA,NL,-0.5,17,39,38,0,5,2,0,0,0,0,0,0,10,.132,.154,.184,.338,-4,.150,-18,7,1,1,0,0,0,3/HD,,season
2026,556,Nate Furman,furmana01,L,24,SFG,NL,-0.2,22,39,32,2,4,0,0,0,3,0,0,5,10,.125,.243,.125,.368,9,.192,8,4,1,0,2,0,0,4/HD,,season
2026,557,Parker Meadows,meadopa01,L,26,DET,AL,0.1,12,39,36,3,9,1,1,0,2,3,0,2,10,.250,.308,.333,.641,80,.304,75,12,0,1,0,0,0,8/H,,season
2026,558,Félix Reyes,reyesfe01,R,25,PHI,NL,-0.6,12,38,38,2,6,1,0,1,2,0,0,0,9,.158,.158,.263,.421,11,.179,-10,10,1,0,0,0,0,/7359H,,season
2026,559,George Valera,valerge01,L,25,CLE,AL,-0.2,13,38,37,1,8,3,0,0,6,0,0,1,8,.216,.237,.297,.534,51,.261,60,11,1,0,0,0,0,/79HD,,season
2026,560,Junior Pérez,perezju03,R,24,CHW,AL,-0.1,22,36,35,5,6,0,0,3,6,0,1,1,14,.171,.194,.429,.623,69,.248,59,15,0,0,0,0,0,7/8H9D,,season
2026,561,Jerar Encarnacion,encarje01,R,28,SFG,NL,-0.4,17,35,34,1,6,1,0,0,0,0,0,1,8,.176,.200,.206,.406,16,.182,6,7,1,0,0,0,0,/9H3D7,,season
2026,562,Michael Helman,helmami01,R,30,TEX,AL,-0.3,16,35,30,2,5,1,0,1,2,0,0,1,6,.167,.235,.300,.535,55,.237,49,9,0,2,1,1,0,/86H97,,season
2026,563,Eloy Jiménez,jimenel02,R,29,TOR,AL,-0.1,12,35,31,2,9,0,0,0,3,0,0,3,7,.290,.343,.290,.633,77,.290,74,9,1,0,0,1,0,/DH,,season
2026,564,César Prieto,prietce01,L,27,STL,NL,-0.7,15,35,34,1,2,0,0,0,0,1,0,1,4,.059,.086,.059,.145,-57,.076,-74,2,2,0,0,0,0,/5H64,,season
2026,565,Sam Huff,huffsa01,R,28,BAL,AL,-0.3,14,34,33,1,4,2,0,0,1,0,0,1,19,.121,.147,.182,.329,-7,.145,-21,6,0,0,0,0,0,2/H,,season
2026,566,Reese McGuire,mcguire01,L,31,CHW,AL,-0.5,11,34,29,1,5,0,0,0,3,0,0,2,9,.172,.273,.172,.445,29,.224,30,5,0,2,1,0,0,2/1H,,season
2026,567,Chad Stevens,stevech02,R,27,COL,NL,-0.3,16,34,28,1,1,0,0,0,3,0,0,5,13,.036,.176,.036,.212,-39,.129,-51,1,0,0,0,1,0,4/H56,,season
2026,568,Tanner Murray,murrata01,R,26,CHW,AL,0.0,13,33,28,2,6,0,0,1,3,0,0,2,7,.214,.281,.321,.603,69,.307,90,9,0,1,1,1,1,/756H,,season
2026,569,P.J. Higgins,higgipj01,R,33,CIN,NL,-0.1,13,32,26,1,6,1,0,0,4,0,0,2,8,.231,.276,.269,.545,53,.247,41,7,1,0,3,1,0,2/1,,season
2026,570,Tommy Pham,phamth01,R,38,2TM,2LG,-0.3,16,31,26,5,3,0,0,1,3,0,0,5,11,.115,.258,.231,.489,40,.237,41,6,0,0,0,0,0,/7DH,,season
2026,570,Tommy Pham,phamth01,R,38,CHW,AL,0.1,7,17,13,4,3,0,0,1,3,0,0,4,4,.231,.412,.462,.873,146,.391,150,6,0,0,0,0,0,/DH,,stint
2026,570,Tommy Pham,phamth01,R,38,NYM,NL,-0.4,9,14,13,1,0,0,0,0,0,0,0,1,7,.000,.071,.000,.071,-77,.050,-90,0,0,0,0,0,0,/7H,,stint
2026,571,Miles Mastrobuoni,mastrmi01,L,30,SEA,AL,-0.1,13,30,26,3,5,0,0,0,1,0,0,2,10,.192,.241,.192,.434,28,.204,22,5,0,0,1,1,0,/59374H,,season
2026,572,Rikuu Nishida,nishiri01,L,25,CHW,AL,0.0,12,30,29,3,7,0,0,0,2,0,0,0,5,.241,.241,.241,.483,37,.236,39,7,0,0,1,0,0,9/48H,,season
2026,573,Andrew Pinckney,pinckan01,R,25,WSN,NL,0.2,17,29,25,7,7,0,1,1,3,1,1,1,10,.280,.310,.480,.790,114,.317,101,12,0,1,0,2,0,/7H98,,season
2026,574,Jared Serna,sernaja01,R,24,MIA,NL,-0.3,16,29,26,3,4,2,0,0,2,0,0,2,8,.154,.207,.231,.438,24,.193,13,6,2,0,0,1,0,4/H,,season
2026,575,Kevin Alcántara,alcanke01,R,23,CHC,NL,-0.2,24,28,25,6,6,0,0,1,6,0,1,2,11,.240,.286,.360,.646,77,.265,71,9,1,0,0,1,0,H/D789,,season
2026,576,Eliezer Alfonzo,alfonel02,S,26,LAD,NL,-0.2,13,28,28,3,5,2,0,0,4,0,0,0,3,.179,.179,.250,.429,17,.186,1,7,0,0,0,0,0,2/DH,,season
2026,577,Addison Barger,bargead01,L,26,TOR,AL,-0.2,9,28,22,2,1,1,0,0,2,0,0,5,7,.045,.214,.091,.305,-11,.170,-11,2,1,0,0,1,0,/9H,,season
2026,578,Tyler Black,blackty01,L,25,MIL,NL,0.1,9,28,27,2,9,4,0,0,7,0,0,1,7,.333,.357,.481,.839,129,.358,124,13,1,0,0,0,0,/DH37,,season
2026,579,Ben Rortvedt,rortvbe01,L,28,LAD,NL,-0.1,16,28,27,0,5,0,0,0,1,0,0,0,9,.185,.185,.185,.370,3,.167,-16,5,0,0,1,0,0,2/DH,,season
2026,580,Michael Stefanic,stefami01,R,30,ATH,AL,-0.2,18,28,26,3,9,1,0,0,4,0,0,2,6,.346,.393,.385,.777,116,.350,116,10,0,0,0,0,0,H/45D6,,season
2026,581,Michael Toglia,toglimi01,S,27,CIN,NL,-0.5,10,28,26,2,3,2,0,0,1,0,0,2,12,.115,.179,.192,.371,4,.172,-7,5,1,0,0,0,0,/379H,,season
2026,582,Scott Bandura,bandusc01,L,24,SFG,NL,-0.1,12,27,26,2,5,1,0,0,0,1,0,1,16,.192,.222,.231,.453,30,.211,21,6,0,0,0,0,0,/79DH,,season
2026,583,Stuart Fairchild,faircst01,R,30,2TM,AL,0.1,15,27,19,4,3,0,0,0,1,2,0,7,14,.158,.407,.158,.565,69,.323,92,3,0,1,0,0,0,/8H97D,,season
2026,583,Stuart Fairchild,faircst01,R,30,SEA,AL,0.0,1,0,0,1,0,0,0,0,0,0,0,0,0,,,,,,,,0,0,0,0,0,0,/H,,stint
2026,583,Stuart Fairchild,faircst01,R,30,CLE,AL,0.1,14,27,19,3,3,0,0,0,1,2,0,7,14,.158,.407,.158,.565,69,.323,92,3,0,1,0,0,0,/89H7D,,stint
2026,584,Otto Kemp,kempot01,R,26,PHI,NL,-0.7,13,27,25,0,2,0,0,0,0,0,0,1,10,.080,.148,.080,.228,-36,.120,-52,2,0,1,0,0,0,7/H4,,season
2026,585,Chuckie Robinson,robinch04,R,31,LAD,NL,-0.4,8,26,23,1,2,0,0,0,1,0,0,0,5,.087,.087,.087,.174,-52,.079,-99,2,0,0,3,0,0,/2DH,,season
2026,586,Carlos Santana,santaca01,S,40,ARI,NL,-0.5,8,26,24,1,2,1,0,0,0,0,0,2,8,.083,.154,.125,.279,-21,.137,-32,3,0,0,0,0,0,/3,,season
2026,587,Andy Ibáñez,ibanean01,R,33,2TM,2LG,-0.6,14,26,23,1,2,0,0,0,5,0,0,1,3,.087,.115,.087,.202,-43,.131,-37,2,0,0,0,2,0,/4H573D,,season
2026,587,Andy Ibáñez,ibanean01,R,33,ATH,AL,-0.3,11,18,17,1,2,0,0,0,3,0,0,1,2,.118,.167,.118,.284,-20,.190,3,2,0,0,0,0,0,/4H53D,,stint
2026,587,Andy Ibáñez,ibanean01,R,33,NYM,NL,-0.3,3,8,6,0,0,0,0,0,2,0,0,0,1,.000,.000,.000,.000,-100,.000,-127,0,0,0,0,2,0,/75,,stint
2026,588,Daz Cameron,camerda01,R,29,TOR,AL,-0.2,8,25,24,3,5,1,0,1,3,0,0,0,7,.208,.200,.375,.575,54,.241,39,9,0,0,0,1,0,/78H,,season
2026,589,Jonatan Clase,clasejo01,S,24,TOR,AL,0.3,9,25,22,4,6,0,0,2,6,0,0,3,8,.273,.360,.545,.905,145,.392,146,12,0,0,0,0,0,/78H,,season
2026,590,CJ Kayfus,kayfucj01,L,24,CLE,AL,0.0,9,25,22,4,4,1,0,1,2,0,0,2,8,.182,.280,.364,.644,81,.289,80,8,0,1,0,0,0,/79H,,season
2026,591,Joey Meneses,menesjo01,R,34,ATH,AL,-0.6,9,25,20,1,3,0,0,0,2,0,0,3,4,.150,.280,.150,.430,23,.221,26,3,3,1,0,1,0,/3DH7,,season
2026,592,Cooper Ingle,ingleco01,L,24,CLE,AL,-0.4,7,24,21,1,2,0,0,0,2,0,0,3,12,.095,.208,.095,.304,-10,.163,-9,2,0,0,0,0,0,/7D,,season
2026,593,Greg Jones,jonesgr02,S,28,MIL,NL,-0.6,12,24,23,0,2,0,0,0,1,1,1,0,10,.087,.087,.087,.174,-52,.063,-86,2,0,0,1,0,0,/79H4,,season
2026,594,Will Brennan,brennwi02,L,28,SFG,NL,-0.5,11,23,23,0,2,0,0,0,0,0,0,0,3,.087,.087,.087,.174,-50,.079,-68,2,1,0,0,0,0,/79HD,,season
2026,595,César Salazar,salazce01,L,30,HOU,AL,-0.2,9,22,18,0,1,0,0,0,1,0,0,3,3,.056,.227,.056,.283,-13,.169,-3,1,0,1,0,0,0,/21,,season
2026,596,Jonathan Ornelas,orneljo01,R,26,2TM,2LG,-0.4,9,22,21,1,4,0,0,0,1,0,0,1,11,.190,.227,.190,.418,17,.192,5,4,1,0,0,0,0,/47H6,,season
2026,596,Jonathan Ornelas,orneljo01,R,26,ATH,AL,-0.2,6,13,12,0,2,0,0,0,0,0,0,1,7,.167,.231,.167,.397,12,.185,0,2,1,0,0,0,0,/47H6,,stint
2026,596,Jonathan Ornelas,orneljo01,R,26,MIL,NL,-0.2,3,9,9,1,2,0,0,0,1,0,0,0,4,.222,.222,.222,.444,24,.201,12,2,0,0,0,0,0,/4,,stint
2026,597,Oswaldo Cabrera,cabreos01,S,27,2TM,2LG,-0.4,6,22,20,1,2,1,0,0,0,1,0,0,9,.100,.100,.150,.250,-31,.120,-74,3,0,0,2,0,0,/5746,,season
2026,597,Oswaldo Cabrera,cabreos01,S,27,NYY,AL,-0.3,3,11,9,0,0,0,0,0,0,0,0,0,4,.000,.000,.000,.000,-100,.000,-180,0,0,0,2,0,0,/54,,stint
2026,597,Oswaldo Cabrera,cabreos01,S,27,CIN,NL,-0.2,3,11,11,1,2,1,0,0,0,1,0,0,5,.182,.182,.273,.455,25,.218,11,3,0,0,0,0,0,/576,,stint
2026,598,Luis Matos,matoslu02,R,24,MIL,NL,-0.1,9,21,20,1,4,0,0,0,0,0,0,1,7,.200,.238,.200,.438,23,.205,15,4,1,0,0,0,0,/9H7D,,season
2026,599,Ryan Ritter,rittery01,R,25,COL,NL,-0.1,16,21,19,2,3,0,0,0,1,0,0,1,8,.158,.200,.158,.358,-4,.170,-27,3,1,0,1,0,0,4/H65D,,season
2026,600,Ben Ross,rossbe01,R,25,MIN,AL,-0.3,10,21,21,5,4,2,1,0,1,1,0,0,11,.190,.190,.381,.571,56,.250,43,8,0,0,0,0,0,/6H4D5,,season
2026,601,Jeimer Candelario,candeje01,S,32,LAA,AL,-0.2,7,20,18,3,2,2,0,0,0,0,0,1,8,.111,.200,.222,.422,21,.197,19,4,1,1,0,0,0,/H35D,,season
2026,602,Kyler Fedko,fedkoky01,R,26,MIN,AL,-0.4,14,19,16,1,0,0,0,0,1,0,1,2,8,.000,.105,.000,.105,-67,.047,-74,0,0,0,0,1,0,/H879D,,season
2026,603,Aramis Garcia,garciar01,R,33,ARI,NL,-0.2,8,19,19,2,3,0,0,1,2,0,0,0,6,.158,.158,.316,.474,28,.201,14,6,0,0,0,0,0,/2,,season
2026,604,Ivan Johnson,johnsiv01,S,27,CIN,NL,-0.2,16,19,16,0,1,0,0,0,0,2,0,3,7,.063,.211,.063,.273,-19,.184,-16,1,0,0,0,0,0,/H457D,,season
2026,605,Heston Kjerstad,kjershe01,L,27,BAL,AL,-0.2,11,19,19,1,4,1,0,0,2,0,0,0,9,.211,.211,.263,.474,34,.209,25,5,0,0,0,0,0,/H9,,season
2026,606,José Azócar,azocajo01,R,30,ATL,NL,0.3,11,18,17,2,6,2,0,0,0,1,0,1,4,.353,.389,.471,.859,136,.381,131,8,0,0,0,0,0,/9H78,,season
2026,607,Will Banfield,banfiwi01,R,26,CIN,NL,-0.1,10,18,17,1,3,1,0,0,1,0,0,0,5,.176,.167,.235,.402,11,.170,-8,4,0,0,0,1,0,2/H,,season
2026,608,Bo Davidson,davidbo02,L,23,SFG,NL,0.1,5,18,16,2,6,0,0,0,1,1,0,1,5,.375,.389,.375,.764,120,.337,107,6,0,0,0,1,0,/9D,,season
2026,609,Kyren Paris,parisky01,R,24,LAA,AL,-0.5,8,18,15,0,0,0,0,0,0,0,0,3,8,.000,.167,.000,.167,-46,.116,-39,0,1,0,0,0,0,/7H89,,season
2026,610,Kyle Farmer,farmeky01,R,35,ATL,NL,-0.1,13,17,16,2,4,1,0,0,3,0,0,0,4,.250,.235,.313,.548,50,.233,35,5,0,0,0,1,0,/H5D46,,season
2026,611,Daniel Johnson,johnsda07,L,30,HOU,AL,-0.2,8,17,14,1,2,0,0,0,0,0,0,2,3,.143,.294,.143,.437,30,.231,41,2,1,1,0,0,0,/87,,season
2026,612,Hayden Senger,sengeha01,R,29,NYM,NL,-0.1,7,17,15,2,2,0,0,1,2,0,0,0,4,.133,.133,.333,.467,26,.195,1,5,0,0,2,0,0,/2,,season
2026,613,Matthew Lugo,lugoma01,R,25,KCR,AL,-0.1,9,15,14,0,2,0,0,0,0,0,0,1,6,.143,.200,.143,.343,-1,.161,-13,2,0,0,0,0,0,/79DH,,season
2026,614,Dylan Moore,mooredy01,R,33,PHI,NL,-0.2,13,15,12,3,0,0,0,0,0,1,0,3,6,.000,.200,.000,.200,-39,.156,-37,0,0,0,0,0,0,H/3178D4,,season
2026,615,Ryan Mountcastle,mountry01,R,29,BAL,AL,-0.1,8,15,14,0,4,1,0,0,1,0,0,1,2,.286,.333,.357,.690,97,.305,92,5,0,0,0,0,0,/H3D,,season
2026,616,Johnathan Rodríguez,rodrijo10,R,26,BAL,AL,-0.2,7,15,11,0,2,1,0,0,2,0,0,3,6,.182,.333,.273,.606,76,.284,77,3,1,0,0,1,0,/9HD,,season
2026,617,Andrew Velazquez,velazan01,S,31,KCR,AL,-0.2,6,15,15,0,1,0,0,0,0,1,0,0,2,.067,.067,.067,.133,-62,.070,-88,1,0,0,0,0,0,/64,,season
2026,618,Trey Mancini,mancitr01,R,34,LAA,AL,0.0,5,14,13,1,4,0,1,0,4,0,0,0,3,.308,.286,.462,.747,111,.307,96,6,1,0,0,1,0,/3DH,,season
2026,619,Vidal Bruján,brujavi01,S,28,NYM,NL,-0.1,9,13,11,4,1,0,0,0,1,0,1,1,1,.091,.167,.091,.258,-24,.083,-49,1,0,0,1,0,0,/6H7,,season
2026,620,Collin Price,priceco01,R,26,HOU,AL,0.0,7,13,12,1,2,1,0,0,0,0,0,1,6,.167,.231,.250,.481,37,.220,32,3,0,0,0,0,0,/2H3D,,season
2026,621,Gustavo Campero,campegu01,S,28,LAA,AL,0.1,4,12,11,0,4,1,0,0,2,0,0,0,4,.364,.333,.455,.788,124,.331,113,5,0,0,0,1,0,/7,,season
2026,622,Oliver Dunn,dunnol01,L,28,TBR,AL,-0.2,9,12,11,4,1,0,0,0,1,0,0,1,3,.091,.167,.091,.258,-25,.125,-38,1,0,0,0,0,0,/H65D,,season
2026,623,Gabriel González,gonzaga03,R,22,MIN,AL,0.1,7,11,8,2,2,0,0,0,0,0,0,2,2,.250,.455,.250,.705,106,.431,179,2,0,1,0,0,0,/H79,,season
2026,624,B.J. Murray,murrabj01,S,26,CHC,NL,-0.2,7,11,11,0,1,0,0,0,0,0,0,0,4,.091,.091,.091,.182,-49,.073,-80,1,0,0,0,0,0,/3HD,,season
2026,625,Kenny Piper,piperke01,R,27,TBR,AL,0.3,14,11,9,4,2,0,0,1,2,1,0,2,3,.222,.364,.556,.919,153,.417,152,5,0,0,0,0,0,2/H,,season
2026,626,Rowdy Tellez,tellero01,L,31,ATL,NL,0.0,7,11,10,2,2,0,0,1,4,0,0,1,3,.200,.273,.500,.773,108,.329,104,5,0,0,0,0,0,/H3D,,season
2026,627,Ryan Bliss,blissry01,R,26,SEA,AL,0.0,3,10,8,0,1,0,0,0,1,0,0,1,3,.125,.200,.125,.325,-3,.160,-6,1,0,0,0,1,0,/4DH,,season
2026,628,Justin Dean,deanju01,R,29,CHC,NL,0.2,17,10,8,3,3,0,1,0,3,1,0,2,4,.375,.500,.625,1.125,209,.503,211,5,0,0,0,0,0,/98H7D,,season
2026,629,Jace Jung,jungja01,L,25,DET,AL,0.0,5,10,8,2,2,0,0,0,0,0,0,2,2,.250,.400,.250,.650,88,.321,99,2,0,0,0,0,0,/D4,,season
2026,630,Nick Solak,solakni01,R,31,SDP,NL,-0.1,4,10,7,0,1,0,0,0,1,0,0,1,0,.143,.300,.143,.443,30,.223,32,1,0,1,0,1,0,/DH,,season
2026,631,James Triantos,trianja01,R,23,CHC,NL,-0.1,7,9,8,2,1,0,0,0,0,0,0,1,2,.125,.222,.125,.347,0,.178,-5,1,0,0,0,0,0,/4HD,,season
2026,632,Eddys Leonard,leonaed01,R,25,SFG,NL,-0.2,3,8,8,0,2,1,0,0,0,0,0,0,2,.250,.250,.375,.625,75,.269,67,3,0,0,0,0,0,/7,,season
2026,633,Cristian Pache,pachecr01,R,27,NYM,NL,-0.1,15,8,8,2,1,0,0,0,0,0,0,0,4,.125,.125,.125,.250,-29,.113,-47,1,0,0,0,0,0,/7HD89,,season
2026,634,Steward Berroa,berrost01,S,27,PHI,NL,-0.1,6,7,7,0,1,0,0,0,1,0,0,0,4,.143,.143,.143,.286,-22,.129,-44,1,0,0,0,0,0,/897,,season
2026,635,Corey Julks,julksco01,R,30,DET,AL,0.1,4,7,7,1,2,1,0,0,0,0,0,0,1,.286,.286,.429,.714,97,.309,91,3,0,0,0,0,0,/9DH,,season
2026,636,Jared Oliva,olivaja01,R,30,SFG,NL,0.0,7,7,7,1,1,0,0,0,0,1,0,0,1,.143,.143,.143,.286,-18,.164,-31,1,1,0,0,0,0,/8H7,,season
2026,637,José Barrero,garcijo02,R,28,BAL,AL,-0.1,2,6,6,0,1,0,0,0,0,0,0,0,3,.167,.167,.167,.333,-4,.151,-16,1,0,0,0,0,0,/46,,season
2026,638,Jonah Bride,bridejo01,R,30,TEX,AL,0.0,2,6,5,0,1,0,0,0,0,0,0,1,2,.200,.333,.200,.533,61,.267,71,1,0,0,0,0,0,/5,,season
2026,639,Vimael Machín,machivi01,L,32,COL,NL,0.0,3,6,6,0,3,0,0,0,0,0,0,0,2,.500,.500,.500,1.000,164,.451,180,3,0,0,0,0,0,/5H,,season
2026,640,Logan Porter,portelo01,R,30,2TM,2LG,0.1,3,6,4,2,1,1,0,0,0,0,0,2,2,.250,.500,.500,1.000,189,.442,191,2,0,0,0,0,0,/2H,,season
2026,640,Logan Porter,portelo01,R,30,LAA,AL,0.1,2,6,4,1,1,1,0,0,0,0,0,2,2,.250,.500,.500,1.000,189,.442,191,2,0,0,0,0,0,/2,,stint
2026,640,Logan Porter,portelo01,R,30,SFG,NL,0.0,1,0,0,1,0,0,0,0,0,0,0,0,0,,,,,,,,0,0,0,0,0,0,/H,,stint
2026,641,Aaron Sabato,sabataa01,R,27,MIN,AL,-0.2,3,6,6,0,0,0,0,0,0,0,0,0,3,.000,.000,.000,.000,-100,.000,-126,0,1,0,0,0,0,/3H,,season
2026,642,Will Wilson,wilsowi03,R,27,SEA,AL,0.1,2,6,5,1,1,0,0,1,2,0,0,1,1,.200,.333,.800,1.133,214,.457,203,4,0,0,0,0,0,/5,,season
2026,643,Luken Baker,bakerlu01,R,29,ARI,NL,-0.1,3,5,5,0,1,0,0,0,0,0,0,0,3,.200,.200,.200,.400,12,.181,0,1,0,0,0,0,0,/3H,,season
2026,644,Trei Cruz,cruztr01,S,27,DET,AL,-0.3,2,5,5,0,0,0,0,0,0,0,0,0,3,.000,.000,.000,.000,-100,.000,-128,0,0,0,0,0,0,/79,,season
2026,645,Shawn Ross,rosssh01,R,26,PIT,NL,0.1,2,5,5,1,1,0,0,1,2,0,0,0,2,.200,.200,.800,1.000,156,.405,153,4,0,0,0,0,0,/23,,season
2026,646,Jihwan Bae,baeji01,L,26,MIL,NL,0.1,4,4,2,1,1,0,0,0,0,1,0,0,1,.500,.667,.500,1.167,230,.593,280,1,0,1,1,0,0,/4HD,,season
2026,647,Dylan Carlson,carlsdy01,S,27,CHC,NL,-0.2,3,4,4,1,0,0,0,0,0,0,0,0,2,.000,.000,.000,.000,-100,.000,-133,0,0,0,0,0,0,/H79D,,season
2026,648,Scott Kingery,kingesc01,R,32,CHC,NL,-0.2,8,4,4,2,1,0,0,0,0,1,0,0,0,.250,.250,.250,.500,39,.287,30,1,0,0,0,0,0,/HD45,,season
2026,649,Davis Wendzel,wendzda01,R,29,PIT,NL,-0.1,2,4,4,0,0,0,0,0,0,0,0,0,0,.000,.000,.000,.000,-100,.000,-135,0,0,0,0,0,0,/34H,,season
2026,650,Blake Hunt,huntbl01,R,27,SDP,NL,0.0,2,3,3,0,0,0,0,0,0,0,0,0,3,.000,.000,.000,.000,-100,.000,-126,0,0,0,0,0,0,/2,,season
2026,651,Rudy Martin,martiru02,L,30,TOR,AL,-0.1,2,3,2,0,0,0,0,0,0,0,0,1,1,.000,.333,.000,.333,3,.233,32,0,1,0,0,0,0,/7DH,,season
2026,652,Omar Martínez,martiom01,L,24,LAA,AL,0.0,5,3,3,0,1,0,0,0,0,0,0,0,1,.333,.333,.333,.667,93,.302,91,1,0,0,0,0,0,/2H,,season
2026,653,Jair Camargo,camarja01,R,26,ATL,NL,0.1,1,2,2,1,1,1,0,0,0,0,0,0,1,.500,.500,1.000,1.500,301,.625,317,2,0,0,0,0,0,/2H,,season
2026,654,Jeferson Quero,queroje01,R,23,MIL,NL,0.0,1,2,1,0,0,0,0,0,0,0,0,1,0,.000,.500,.000,.500,55,.349,117,0,0,0,0,0,0,/2,,season
2026,655,Jack Brannigan,brannja01,R,25,PIT,NL,0.0,2,1,1,0,0,0,0,0,0,0,0,0,1,.000,.000,.000,.000,-100,.000,-125,0,0,0,0,0,0,/5H,,season
2026,656,Maverick Handley,handlma01,R,28,BAL,AL,0.0,1,1,1,0,0,0,0,0,0,0,0,0,1,.000,.000,.000,.000,-100,.000,-136,0,0,0,0,0,0,/H,,season
2026,657,DaShawn Keirsey Jr.,keirsda01,L,29,ATL,NL,0.1,4,1,1,3,1,0,0,0,0,0,0,0,0,1.000,1.000,1.000,2.000,456,.903,500,1,0,0,0,0,0,/H89,,season
2026,658,Víctor Mederos,medervi01,R,25,ATL,NL,0.0,3,1,1,0,1,0,0,0,2,0,0,0,0,1.000,1.000,1.000,2.000,456,.806,433,1,0,0,0,0,0,1,,season
2026,659,Miles Mikolas,mikolmi01,R,37,WSN,NL,0.0,2,1,0,1,0,0,0,0,1,0,0,0,0,,,,,,,,0,0,0,1,0,0,1/H,,season
2026,660,Michael Siani,sianimi01,L,26,BAL,AL,0.0,1,1,1,0,0,0,0,0,0,0,0,0,0,.000,.000,.000,.000,-100,.000,-136,0,0,0,0,0,0,/8,,season
2026,661,Randy Vásquez,vasqura02,R,27,SDP,NL,0.0,1,1,1,0,0,0,0,0,0,0,0,0,0,.000,.000,.000,.000,-100,.000,-117,0,0,0,0,0,0,1,,season
2026,662,Luke Williams,willilu01,R,29,ATL,NL,-0.1,2,1,0,0,0,0,0,0,0,0,0,1,0,,1.000,,,,.699,358,0,0,0,0,0,0,/47H,,season
2026,663,Aaron Ashby,ashbyaa01,R,28,MIL,NL,0.0,1,0,0,0,0,0,0,0,0,0,0,0,0,,,,,,,,0,0,0,0,0,0,1,,season
2026,664,Javier Assad,assadja01,R,28,CHC,NL,0.0,1,0,0,0,0,0,0,0,0,0,0,0,0,,,,,,,,0,0,0,0,0,0,1,,season
2026,665,Bryan Baker,bakerbr01,R,31,TBR,AL,0.0,1,0,0,0,0,0,0,0,0,0,0,0,0,,,,,,,,0,0,0,0,0,0,1,AS,season
2026,666,David Bednar,bednada01,L,31,NYY,AL,0.0,1,0,0,0,0,0,0,0,0,0,0,0,0,,,,,,,,0,0,0,0,0,0,1,,season
2026,667,Clayton Beeter,beetecl01,R,27,WSN,NL,0.0,4,0,0,0,0,0,0,0,0,0,0,0,0,,,,,,,,0,0,0,0,0,0,1,,season
2026,668,Jake Bird,birdja01,R,30,WSN,NL,0.0,1,0,0,0,0,0,0,0,0,0,0,0,0,,,,,,,,0,0,0,0,0,0,/1,,season
2026,669,Paul Blackburn,blackpa01,R,32,NYY,AL,0.0,1,0,0,0,0,0,0,0,0,0,0,0,0,,,,,,,,0,0,0,0,0,0,1,,season
2026,670,Kyle Bradish,bradiky01,R,29,BAL,AL,0.0,1,0,0,0,0,0,0,0,0,0,0,0,0,,,,,,,,0,0,0,0,0,0,1,,season
2026,671,Blas Castaño,castabl01,R,27,COL,NL,0.0,1,0,0,0,0,0,0,0,0,0,0,0,0,,,,,,,,0,0,0,0,0,0,1,,season
2026,672,Aroldis Chapman,chapmar01,L,38,BOS,AL,0.0,2,0,0,0,0,0,0,0,0,0,0,0,0,,,,,,,,0,0,0,0,0,0,1,AS,season
2026,673,Aaron Civale,civalaa01,R,31,CHC,NL,0.0,1,0,0,0,0,0,0,0,0,0,0,0,0,,,,,,,,0,0,0,0,0,0,1,,season
2026,674,Taylor Clarke,clarkta01,R,33,ARI,NL,0.0,1,0,0,0,0,0,0,0,0,0,0,0,0,,,,,,,,0,0,0,0,0,0,1,,season
2026,675,Fernando Cruz,cruzfe01,S,36,NYY,AL,0.0,1,0,0,0,0,0,0,0,0,0,0,0,0,,,,,,,,0,0,0,0,0,0,1,,season
2026,676,Jack Dreyer,dreyeja01,R,27,LAD,NL,0.0,1,0,0,0,0,0,0,0,0,0,0,0,0,,,,,,,,0,0,0,0,0,0,1,,season
2026,677,Jhoan Duran,duranjh01,R,28,PHI,NL,0.0,1,0,0,0,0,0,0,0,0,0,0,0,0,,,,,,,,0,0,0,0,0,0,1,AS,season
2026,678,Brandon Eisert,eiserbr01,L,28,CHW,AL,0.0,1,0,0,0,0,0,0,0,0,0,0,0,0,,,,,,,,0,0,0,0,0,0,1,,season
2026,679,Lucas Erceg,erceglu01,L,31,KCR,AL,0.0,1,0,0,0,0,0,0,0,0,0,0,0,0,,,,,,,,0,0,0,0,0,0,1,,season
2026,680,Carlos Estévez,estevca01,R,33,KCR,AL,0.0,1,0,0,0,0,0,0,0,0,0,0,0,0,,,,,,,,0,0,0,0,0,0,/1,,season
2026,681,Pete Fairbanks,fairbpe01,R,32,MIA,NL,0.0,1,0,0,0,0,0,0,0,0,0,0,0,0,,,,,,,,0,0,0,0,0,0,1,,season
2026,682,Nick Frasso,frassni01,R,27,COL,NL,0.0,1,0,0,0,0,0,0,0,0,0,0,0,0,,,,,,,,0,0,0,0,0,0,1,,season
2026,683,Didier Fuentes,fuentdi01,R,21,ATL,NL,0.0,3,0,0,0,0,0,0,0,0,0,0,0,0,,,,,,,,0,0,0,0,0,0,1,,season
2026,684,Brandyn Garcia,garcibr02,L,26,ARI,NL,0.0,1,0,0,0,0,0,0,0,0,0,0,0,0,,,,,,,,0,0,0,0,0,0,1,,season
2026,685,Rico Garcia,garciri01,R,32,BAL,AL,0.0,1,0,0,0,0,0,0,0,0,0,0,0,0,,,,,,,,0,0,0,0,0,0,1,,season
2026,686,Cade Gibson,gibsoca01,L,28,MIA,NL,0.0,2,0,0,0,0,0,0,0,0,0,0,0,0,,,,,,,,0,0,0,0,0,0,1,,season
2026,687,J.T. Ginn,ginnjt01,R,27,ATH,AL,0.0,1,0,0,0,0,0,0,0,0,0,0,0,0,,,,,,,,0,0,0,0,0,0,1,,season
2026,688,Josh Hader,haderjo01,L,32,HOU,AL,0.0,2,0,0,0,0,0,0,0,0,0,0,0,0,,,,,,,,0,0,0,0,0,0,1,,season
2026,689,DL Hall,halldl01,L,27,MIL,NL,0.0,1,0,0,0,0,0,0,0,0,0,0,0,0,,,,,,,,0,0,0,0,0,0,1,,season
2026,690,Edgardo Henriquez,henried01,R,24,LAD,NL,0.0,1,0,0,0,0,0,0,0,0,0,0,0,0,,,,,,,,0,0,0,0,0,0,1,,season
2026,691,Sam Hentges,hentgsa01,L,29,SFG,NL,0.0,1,0,0,0,0,0,0,0,0,0,0,0,0,,,,,,,,0,0,0,0,0,0,1,,season
2026,692,Jimmy Herget,hergeji01,R,32,COL,NL,0.0,1,0,0,0,0,0,0,0,0,0,0,0,0,,,,,,,,0,0,0,0,0,0,1,,season
2026,693,Jaden Hill,hillja01,R,26,COL,NL,0.0,1,0,0,0,0,0,0,0,0,0,0,0,0,,,,,,,,0,0,0,0,0,0,1,,season
2026,694,Brant Hurter,hurtebr01,L,27,DET,AL,0.0,1,0,0,0,0,0,0,0,0,0,0,0,0,,,,,,,,0,0,0,0,0,0,1,,season
2026,695,Raisel Iglesias,iglesra01,R,36,ATL,NL,0.0,7,0,0,0,0,0,0,0,0,0,0,0,0,,,,,,,,0,0,0,0,0,0,1,AS,season
2026,696,Kenley Jansen,janseke01,S,38,DET,AL,0.0,1,0,0,0,0,0,0,0,0,0,0,0,0,,,,,,,,0,0,0,0,0,0,1,,season
2026,697,Merrill Kelly,kellyme01,R,37,ARI,NL,0.0,1,0,0,0,0,0,0,0,0,0,0,0,0,,,,,,,,0,0,0,0,0,0,1,,season
2026,698,William Kempner,kempnwi01,R,25,MIA,NL,0.0,1,0,0,0,0,0,0,0,0,0,0,0,0,,,,,,,,0,0,0,0,0,0,/1,,season
2026,699,Zak Kent,kentza01,R,28,WSN,NL,0.0,1,0,0,0,0,0,0,0,0,0,0,0,0,,,,,,,,0,0,0,0,0,0,/1,,season
2026,700,Orion Kerkering,kerkeor01,R,25,PHI,NL,0.0,1,0,0,0,0,0,0,0,0,0,0,0,0,,,,,,,,0,0,0,0,0,0,1,,season
2026,701,Tyler Kinley,kinlety01,R,35,ATL,NL,0.0,2,0,0,0,0,0,0,0,0,0,0,0,0,,,,,,,,0,0,0,0,0,0,1,,season
2026,702,Alex Lange,langeal01,R,30,KCR,AL,0.0,1,0,0,0,0,0,0,0,0,0,0,0,0,,,,,,,,0,0,0,0,0,0,1,,season
2026,703,Jacob Latz,latzja01,R,30,TEX,AL,0.0,1,0,0,0,0,0,0,0,0,0,0,0,0,,,,,,,,0,0,0,0,0,0,1,AS,season
2026,704,Jonathan Loáisiga,loaisjo01,R,31,ARI,NL,0.0,1,0,0,0,0,0,0,0,0,0,0,0,0,,,,,,,,0,0,0,0,0,0,1,,season
2026,705,Reynaldo López,lopezre01,R,32,ATL,NL,0.0,1,0,0,0,0,0,0,0,0,0,0,0,0,,,,,,,,0,0,0,0,0,0,1,,season
2026,706,Brad Lord,lordbr02,R,26,WSN,NL,0.0,3,0,0,0,0,0,0,0,0,0,0,0,0,,,,,,,,0,0,0,0,0,0,1,,season
2026,707,Trevor Megill,megiltr01,L,32,MIL,NL,0.0,2,0,0,0,0,0,0,0,0,0,0,0,0,,,,,,,,0,0,0,0,0,0,1,,season
2026,708,Owen Miller,milleow01,R,29,CHC,NL,0.0,1,0,0,0,0,0,0,0,0,0,0,0,0,,,,,,,,0,0,0,0,0,0,/4,,season
2026,709,Jordan Montgomery,montgjo01,L,33,TEX,AL,0.0,1,0,0,0,0,0,0,0,0,0,0,0,0,,,,,,,,0,0,0,0,0,0,1,,season
2026,710,Owen Murphy,murphow01,R,22,ATL,NL,0.0,1,0,0,0,0,0,0,0,0,0,0,0,0,,,,,,,,0,0,0,0,0,0,/1,,season
2026,711,Riley O'Brien,obrieri01,R,31,STL,NL,0.0,2,0,0,0,0,0,0,0,0,0,0,0,0,,,,,,,,0,0,0,0,0,0,1,AS,season
2026,712,Daniel Palencia,palenda01,R,26,CHC,NL,0.0,1,0,0,0,0,0,0,0,0,0,0,0,0,,,,,,,,0,0,0,0,0,0,1,,season
2026,713,Chad Patrick,patrich01,R,27,MIL,NL,0.0,1,0,0,0,0,0,0,0,0,0,0,0,0,,,,,,,,0,0,0,0,0,0,1,,season
2026,714,Nate Pearson,pearsna01,R,29,KCR,AL,0.0,1,0,0,0,0,0,0,0,0,0,0,0,0,,,,,,,,0,0,0,0,0,0,1,,season
2026,715,Wandy Peralta,peralwa01,L,34,SDP,NL,0.0,1,0,0,0,0,0,0,0,0,0,0,0,0,,,,,,,,0,0,0,0,0,0,1,,season
2026,716,Jack Perkins,perkija01,R,26,ATH,AL,0.0,1,0,0,0,0,0,0,0,0,0,0,0,0,,,,,,,,0,0,0,0,0,0,1,,season
2026,717,Orlando Ribalta,ribalor01,R,28,WSN,NL,0.0,2,0,0,0,0,0,0,0,0,0,0,0,0,,,,,,,,0,0,0,0,0,0,1,,season
2026,718,Trevor Richards,richatr01,R,33,CHW,AL,0.0,1,0,0,0,0,0,0,0,0,0,0,0,0,,,,,,,,0,0,0,0,0,0,1,,season
2026,719,JR Ritchie,ritchjr01,R,23,ATL,NL,0.0,1,0,0,0,0,0,0,0,0,0,0,0,0,,,,,,,,0,0,0,0,0,0,1,,season
2026,720,Ryan Rolison,rolisry01,R,28,CHC,NL,0.0,1,0,0,0,0,0,0,0,0,0,0,0,0,,,,,,,,0,0,0,0,0,0,1,,season
2026,721,Erik Sabrowski,sabroer01,R,28,CLE,AL,0.0,1,0,0,0,0,0,0,0,0,0,0,0,0,,,,,,,,0,0,0,0,0,0,1,,season
2026,722,Paxton Schultz,schulpa01,L,28,WSN,NL,0.0,1,0,0,0,0,0,0,0,0,0,0,0,0,,,,,,,,0,0,0,0,0,0,1,,season
2026,723,Connor Seabold,seaboco01,R,30,KCR,AL,0.0,1,0,0,0,0,0,0,0,0,0,0,0,0,,,,,,,,0,0,0,0,0,0,/1,,season
2026,724,Kodai Senga,sengako01,L,33,NYM,NL,0.0,1,0,0,0,0,0,0,0,0,0,0,0,0,,,,,,,,0,0,0,0,0,0,1,,season
2026,725,Antonio Senzatela,senzaan01,R,31,COL,NL,0.0,1,0,0,0,0,0,0,0,0,0,0,0,0,,,,,,,,0,0,0,0,0,0,1,,season
2026,726,Chase Shugart,shugach01,L,29,PHI,NL,0.0,2,0,0,0,0,0,0,0,0,0,0,0,0,,,,,,,,0,0,0,0,0,0,1,,season
2026,727,Cade Smith,smithca06,R,27,CLE,AL,0.0,2,0,0,0,0,0,0,0,0,0,0,0,0,,,,,,,,0,0,0,0,0,0,1,AS,season
2026,728,Dylan Smith,smithdy01,R,26,SFG,NL,0.0,2,0,0,0,0,0,0,0,0,0,0,0,0,,,,,,,,0,0,0,0,0,0,1,,season
2026,729,George Soriano,soriage01,R,27,STL,NL,0.0,2,0,0,0,0,0,0,0,0,0,0,0,0,,,,,,,,0,0,0,0,0,0,1,,season
2026,730,Gabe Speier,speiega01,L,31,SEA,AL,0.0,1,0,0,0,0,0,0,0,0,0,0,0,0,,,,,,,,0,0,0,0,0,0,1,,season
2026,731,Ryne Stanek,stanery01,R,34,STL,NL,0.0,1,0,0,0,0,0,0,0,0,0,0,0,0,,,,,,,,0,0,0,0,0,0,1,,season
2026,732,Robert Suarez,suarero01,R,35,ATL,NL,0.0,3,0,0,0,0,0,0,0,0,0,0,0,0,,,,,,,,0,0,0,0,0,0,1,,season
2026,733,Caleb Thielbar,thielca01,R,39,CHC,NL,0.0,1,0,0,0,0,0,0,0,0,0,0,0,0,,,,,,,,0,0,0,0,0,0,1,,season
2026,734,Trent Thornton,thorntr01,R,32,CHC,NL,0.0,1,0,0,0,0,0,0,0,0,0,0,0,0,,,,,,,,0,0,0,0,0,0,1,,season
2026,735,Abner Uribe,uribeab01,R,26,MIL,NL,0.0,1,0,0,0,0,0,0,0,0,0,0,0,0,,,,,,,,0,0,0,0,0,0,1,,season
2026,736,Ricky Vanasco,vanasri01,R,27,DET,AL,0.0,1,0,0,0,0,0,0,0,0,0,0,0,0,,,,,,,,0,0,0,0,0,0,/1,,season
2026,737,Gus Varland,varlagu01,L,29,WSN,NL,0.0,1,0,0,0,0,0,0,0,0,0,0,0,0,,,,,,,,0,0,0,0,0,0,1,,season
2026,738,Luis Vázquez,vazqulu01,R,26,BAL,AL,0.0,1,0,0,1,0,0,0,0,0,0,0,0,0,,,,,,,,0,0,0,0,0,0,/5H,,season
2026,739,Alex Vesia,vesiaal01,L,30,LAD,NL,0.0,1,0,0,0,0,0,0,0,0,0,0,0,0,,,,,,,,0,0,0,0,0,0,1,,season
2026,740,Will Vest,vestwi01,R,31,DET,AL,0.0,1,0,0,0,0,0,0,0,0,0,0,0,0,,,,,,,,0,0,0,0,0,0,1,,season
2026,741,Victor Vodnik,vodnivi01,R,26,COL,NL,0.0,1,0,0,0,0,0,0,0,0,0,0,0,0,,,,,,,,0,0,0,0,0,0,1,,season
2026,742,Jacob Waguespack,wagueja01,R,32,DET,AL,0.0,2,0,0,0,0,0,0,0,0,0,0,0,0,,,,,,,,0,0,0,0,0,0,1,,season
2026,743,Austin Warren,warreau01,R,30,NYM,NL,0.0,1,0,0,0,0,0,0,0,0,0,0,0,0,,,,,,,,0,0,0,0,0,0,1,,season
2026,744,Luke Weaver,weavelu01,R,32,NYM,NL,0.0,1,0,0,0,0,0,0,0,0,0,0,0,0,,,,,,,,0,0,0,0,0,0,1,,season
2026,745,Jacob Webb,webbja01,R,32,CHC,NL,0.0,1,0,0,0,0,0,0,0,0,0,0,0,0,,,,,,,,0,0,0,0,0,0,1,,season
2026,746,Garrett Whitlock,whitlga01,R,30,BOS,AL,0.0,1,0,0,0,0,0,0,0,0,0,0,0,0,,,,,,,,0,0,0,0,0,0,1,,season
2026,747,Jordan Wicks,wicksjo01,L,26,CHC,NL,0.0,1,0,0,0,0,0,0,0,0,0,0,0,0,,,,,,,,0,0,0,0,0,0,/1,,season
2026,748,Devin Williams,willide03,R,31,NYM,NL,0.0,1,0,0,0,0,0,0,0,0,0,0,0,0,,,,,,,,0,0,0,0,0,0,1,,season
2026,749,Keaton Winn,winnke01,R,28,SFG,NL,0.0,1,0,0,0,0,0,0,0,0,0,0,0,0,,,,,,,,0,0,0,0,0,0,1,,season
