Year,Player,PlayerID,Throws,Rk,Age,Team,Lg,W,L,W-L%,ERA,G,GS,GF,CG,SHO,SV,IP,H,R,ER,HR,BB,IBB,SO,HBP,BK,WP,BF,ERA+,FIP,WHIP,H9,HR9,BB9,SO9,SO/W,WAR,Awards,RowType
2026,Sandy Alcantara,alcansa01,R,1,30,MIA,NL,13,11,.542,3.89,35,33,2,1,1,2,213.0,204,97,92,24,59,0,152,9,3,2,890,103,4.10,1.235,8.6,1.0,2.5,6.4,2.58,2.8,,season
2026,Cristopher Sánchez,sanchcr01,L,2,29,PHI,NL,18,7,.720,2.91,33,33,0,1,1,0,207.0,204,73,67,19,45,0,231,6,0,4,857,155,2.80,1.203,8.9,0.8,2.0,10.0,5.13,8.0,AS,season
2026,Michael Wacha,wachami01,R,3,34,KCR,AL,9,10,.474,3.32,32,32,0,0,0,0,200.2,168,82,74,30,54,1,158,7,0,5,812,126,4.38,1.106,7.5,1.3,2.4,7.1,2.93,4.1,AS,season
2026,Cam Schlittler,schlica01,R,4,25,NYY,AL,14,6,.700,1.95,33,33,0,0,0,0,193.2,129,52,42,16,49,0,239,6,0,0,761,215,2.56,0.919,6.0,0.7,2.3,11.1,4.88,7.1,AS,season
2026,Eduardo Rodríguez,rodried05,L,5,33,ARI,NL,16,7,.696,2.89,32,32,0,0,0,0,189.2,173,68,61,19,62,0,143,1,1,1,788,143,3.89,1.239,8.2,0.9,2.9,6.8,2.31,4.7,AS,season
2026,Tanner Bibee,bibeeta01,R,6,27,CLE,AL,7,15,.318,4.36,33,33,0,0,0,0,188.0,175,95,91,29,55,0,148,7,0,4,780,93,4.52,1.223,8.4,1.4,2.6,7.1,2.69,1.7,,season
2026,Reid Detmers,detmere01,L,7,26,LAA,AL,7,8,.467,3.36,32,32,0,0,0,0,185.0,144,72,69,19,48,0,211,5,0,4,740,120,3.02,1.038,7.0,0.9,2.3,10.3,4.40,4.1,,season
2026,Michael King,kingmi01,R,8,31,SDP,NL,12,10,.545,3.21,32,32,0,0,0,0,185.0,148,68,66,20,70,0,159,13,1,2,757,127,4.13,1.178,7.2,1.0,3.4,7.7,2.27,4.2,,season
2026,Yoshinobu Yamamoto,yamamyo01,R,9,27,LAD,NL,14,9,.609,2.53,28,28,0,1,0,0,185.0,119,55,52,20,42,1,182,7,0,2,708,165,3.33,0.870,5.8,1.0,2.0,8.9,4.33,5.8,AS,season
2026,Gavin Williams,williga01,R,10,26,CLE,AL,14,8,.636,3.76,32,32,0,0,0,0,184.1,144,81,77,28,61,0,248,6,0,9,746,108,3.48,1.112,7.0,1.4,3.0,12.1,4.07,2.9,,season
2026,Parker Messick,messipa01,L,11,25,CLE,AL,12,9,.571,2.55,31,31,0,0,0,0,183.1,143,56,52,17,48,2,191,4,1,6,731,160,3.07,1.042,7.0,0.8,2.4,9.4,3.98,6.1,AS,season
2026,Logan Gilbert,gilbelo01,R,12,29,SEA,AL,12,11,.522,3.81,31,31,0,0,0,0,182.0,153,77,77,29,48,2,197,7,0,5,737,103,3.92,1.104,7.6,1.4,2.4,9.7,4.10,3.1,,season
2026,Shane Baz,bazsh01,R,13,27,BAL,AL,6,15,.286,4.11,31,31,0,1,0,0,179.2,179,92,82,15,63,1,154,6,0,6,769,99,3.63,1.347,9.0,0.8,3.2,7.7,2.44,1.4,,season
2026,Nolan McLean,mcleano01,R,14,24,NYM,NL,12,10,.545,3.16,31,31,0,0,0,0,179.2,140,75,63,17,70,0,194,15,0,2,747,128,3.59,1.169,7.0,0.9,3.5,9.7,2.77,3.0,,season
2026,Jesús Luzardo,luzarje01,L,15,28,PHI,NL,14,5,.737,2.87,29,29,0,1,1,0,178.2,141,65,57,15,52,0,221,11,1,8,727,157,2.78,1.080,7.1,0.8,2.6,11.1,4.25,6.3,AS,season
2026,Taj Bradley,bradlta01,R,16,25,MIN,AL,12,6,.667,3.73,31,31,0,0,0,0,178.1,142,74,74,23,76,0,205,4,0,7,748,114,3.83,1.222,7.2,1.2,3.8,10.3,2.70,4.3,,season
2026,Kevin Gausman,gausmke01,R,17,35,2TM,2LG,9,12,.429,4.51,32,32,0,0,0,0,177.2,179,96,89,26,47,1,184,1,3,2,750,97,3.74,1.272,9.1,1.3,2.4,9.3,3.91,1.2,,season
2026,Kevin Gausman,gausmke01,R,17,35,TOR,AL,5,10,.333,4.38,23,23,0,0,0,0,127.1,128,68,62,15,36,1,127,1,3,1,540,101,3.51,1.288,9.0,1.1,2.5,9.0,3.53,1.1,,stint
2026,Kevin Gausman,gausmke01,R,17,35,CHC,NL,4,2,.667,4.83,9,9,0,0,0,0,50.1,51,28,27,11,11,0,57,0,0,1,210,88,4.33,1.232,9.1,2.0,2.0,10.2,5.18,0.1,,stint
2026,Noah Cameron,camerno01,L,18,26,KCR,AL,9,8,.529,4.11,31,30,1,1,1,0,177.1,160,87,81,21,58,1,158,5,0,3,746,102,3.93,1.229,8.1,1.1,2.9,8.0,2.72,1.9,,season
2026,Nick Martinez,martini01,R,19,35,TBR,AL,15,5,.750,2.94,30,30,0,1,0,0,177.1,164,58,58,22,25,0,108,3,0,5,706,144,3.97,1.066,8.3,1.1,1.3,5.5,4.32,4.2,AS,season
2026,José Soriano,soriajo02,R,20,27,2TM,AL,12,8,.600,3.91,32,32,0,0,0,0,177.1,155,83,77,18,73,1,169,9,0,5,745,106,3.90,1.286,7.9,0.9,3.7,8.6,2.32,2.5,,season
2026,José Soriano,soriajo02,R,20,27,TOR,AL,3,2,.600,5.30,10,10,0,0,0,0,54.1,58,34,32,6,16,0,42,5,0,4,234,83,4.15,1.362,9.6,1.0,2.7,7.0,2.63,-0.2,,stint
2026,José Soriano,soriajo02,R,20,27,LAA,AL,9,6,.600,3.29,22,22,0,0,0,0,123.0,97,49,45,12,57,1,127,4,0,1,511,123,3.79,1.252,7.1,0.9,4.2,9.3,2.23,2.7,,stint
2026,Aaron Nola,nolaaa01,R,21,33,PHI,NL,7,12,.368,4.67,33,33,0,0,0,0,175.1,177,93,91,37,59,2,177,2,0,2,744,97,4.87,1.346,9.1,1.9,3.0,9.1,3.00,3.0,,season
2026,George Kirby,kirbyge01,R,22,28,SEA,AL,9,11,.450,4.33,30,30,0,1,0,0,174.2,197,89,84,22,47,1,148,3,1,1,741,90,3.90,1.397,10.2,1.1,2.4,7.6,3.15,1.4,,season
2026,Paul Skenes,skenepa01,R,23,24,PIT,NL,10,11,.476,3.82,32,32,0,0,0,0,174.1,146,82,74,20,49,0,200,11,0,2,712,115,3.33,1.119,7.5,1.0,2.5,10.3,4.08,3.4,AS,season
2026,Framber Valdez,valdefr01,L,24,32,DET,AL,10,12,.455,4.03,31,31,0,0,0,0,174.0,170,87,78,16,67,0,135,14,0,5,758,104,4.14,1.362,8.8,0.8,3.5,7.0,2.01,1.5,,season
2026,Shota Imanaga,imanash01,L,25,32,CHC,NL,11,10,.524,3.74,31,31,0,0,0,0,173.1,153,74,72,34,37,0,171,7,0,4,702,113,4.44,1.096,7.9,1.8,1.9,8.9,4.62,2.1,,season
2026,Bryan Woo,woobr01,R,26,26,SEA,AL,12,10,.545,4.01,30,30,0,0,0,0,173.0,152,84,77,18,39,1,175,8,1,3,710,98,3.25,1.104,7.9,0.9,2.0,9.1,4.49,2.0,,season
2026,Foster Griffin,grifffo01,L,27,30,2TM,2LG,15,6,.714,3.60,31,31,0,0,0,0,172.2,164,76,69,23,45,0,158,10,1,3,721,118,3.96,1.210,8.5,1.2,2.3,8.2,3.51,3.3,AS,season
2026,Foster Griffin,grifffo01,L,27,30,CLE,AL,3,3,.500,5.19,9,9,0,0,0,0,43.1,55,27,25,4,15,0,42,2,0,0,197,79,3.54,1.615,11.4,0.8,3.1,8.7,2.80,-0.1,,stint
2026,Foster Griffin,grifffo01,L,27,30,WSN,NL,12,3,.800,3.06,22,22,0,0,0,0,129.1,109,49,44,19,30,0,116,8,1,3,524,141,4.10,1.075,7.6,1.3,2.1,8.1,3.87,3.4,,stint
2026,Sean Burke,burkese01,R,28,26,CHW,AL,11,7,.611,3.34,32,27,1,0,0,0,172.1,144,67,64,19,62,0,185,9,2,11,716,126,3.62,1.195,7.5,1.0,3.2,9.7,2.98,4.3,,season
2026,Seth Lugo,lugose01,R,29,36,KCR,AL,7,9,.438,5.17,32,32,0,0,0,0,172.1,200,107,99,23,54,0,134,9,1,2,751,81,4.38,1.474,10.4,1.2,2.8,7.0,2.48,-0.3,,season
2026,Drew Rasmussen,rasmudr01,R,30,30,TBR,AL,16,5,.762,2.67,30,30,0,0,0,0,172.0,125,53,51,14,32,0,174,7,0,3,669,159,2.82,0.913,6.5,0.7,1.7,9.1,5.44,4.6,AS,season
2026,MacKenzie Gore,gorema01,L,31,27,TEX,AL,8,11,.421,4.59,33,33,0,0,0,0,170.2,159,88,87,19,70,2,174,7,0,2,741,84,3.86,1.342,8.4,1.0,3.7,9.2,2.49,1.0,,season
2026,Cade Cavalli,cavalca01,R,32,27,WSN,NL,13,5,.722,3.02,32,32,0,0,0,0,169.2,148,68,57,18,48,0,200,16,1,4,706,142,3.26,1.155,7.9,1.0,2.5,10.6,4.17,3.7,,season
2026,Trevor Rogers,rogertr01,L,33,28,BAL,AL,10,11,.476,4.03,30,30,0,0,0,0,169.2,162,81,76,19,39,0,157,3,0,2,699,101,3.45,1.185,8.6,1.0,2.1,8.3,4.03,2.2,,season
2026,Jacob Misiorowski,misioja01,R,34,24,MIL,NL,15,5,.750,1.86,29,29,0,1,1,0,169.1,94,43,35,14,42,0,247,9,1,5,646,225,2.16,0.803,5.0,0.7,2.2,13.1,5.88,6.1,AS,season
2026,Dylan Cease,ceasedy01,R,35,30,TOR,AL,11,6,.647,2.40,29,29,0,1,1,0,169.0,108,54,45,11,78,0,239,3,1,5,685,184,2.56,1.101,5.8,0.6,4.2,12.7,3.06,5.7,AS,season
2026,Sonny Gray,grayso01,R,36,36,BOS,AL,18,5,.783,2.72,29,29,0,0,0,0,169.0,148,52,51,16,46,0,149,5,1,1,683,150,3.47,1.148,7.9,0.9,2.4,7.9,3.24,4.4,,season
2026,Freddy Peralta,peralfr01,R,37,30,2TM,2LG,10,11,.476,4.42,32,32,0,0,0,0,169.0,161,91,83,23,63,0,156,8,0,7,730,93,4.29,1.325,8.6,1.2,3.4,8.3,2.48,0.7,,season
2026,Freddy Peralta,peralfr01,R,37,30,TBR,AL,5,2,.714,3.25,10,10,0,0,0,0,55.1,41,20,20,6,15,0,43,3,0,0,218,131,3.93,1.012,6.7,1.0,2.4,7.0,2.87,1.2,,stint
2026,Freddy Peralta,peralfr01,R,37,30,NYM,NL,5,9,.357,4.99,22,22,0,0,0,0,113.2,120,71,63,17,48,0,113,5,0,7,512,81,4.46,1.478,9.5,1.3,3.8,8.9,2.35,-0.5,,stint
2026,Michael McGreevy,mcgremi01,R,38,25,STL,NL,7,9,.438,3.95,31,31,0,0,0,0,168.2,168,79,74,21,48,0,115,1,0,2,702,99,4.23,1.281,9.0,1.1,2.6,6.1,2.40,1.9,,season
2026,Andrew Abbott,abbotan01,L,39,27,CIN,NL,6,11,.353,4.61,32,32,0,0,0,0,166.0,165,91,85,26,76,0,131,0,0,1,729,91,4.93,1.452,8.9,1.4,4.1,7.1,1.72,1.5,,season
2026,Robbie Ray,rayro02,L,40,34,2TM,NL,13,8,.619,3.59,31,30,0,0,0,0,165.2,140,74,66,22,84,0,140,2,0,6,702,113,4.70,1.352,7.6,1.2,4.6,7.6,1.67,2.3,,season
2026,Robbie Ray,rayro02,L,40,34,SDP,NL,3,2,.600,5.02,9,9,0,0,0,0,43.0,39,24,24,7,27,0,33,1,0,3,190,82,5.64,1.535,8.2,1.5,5.7,6.9,1.22,0.2,,stint
2026,Robbie Ray,rayro02,L,40,34,SFG,NL,10,6,.625,3.08,22,21,0,0,0,0,122.2,101,50,42,15,57,0,107,1,0,3,512,130,4.37,1.288,7.4,1.1,4.2,7.9,1.88,2.1,,stint
2026,Braxton Ashcraft,ashcrbr01,R,41,26,PIT,NL,14,6,.700,3.65,28,28,0,1,0,0,165.1,145,73,67,22,35,0,173,7,2,4,667,120,3.50,1.089,7.9,1.2,1.9,9.4,4.94,3.6,AS,season
2026,Jacob deGrom,degroja01,R,42,38,TEX,AL,11,11,.500,4.20,31,31,0,0,0,0,162.2,139,76,76,20,46,3,201,2,0,5,668,92,3.11,1.137,7.7,1.1,2.5,11.1,4.37,1.8,,season
2026,Chris Sale,salech01,L,43,37,ATL,NL,14,9,.609,2.16,27,27,0,1,1,0,162.2,129,44,39,10,31,0,200,15,1,0,648,196,2.29,0.984,7.1,0.6,1.7,11.1,6.45,5.6,AS,season
2026,Merrill Kelly,kellyme01,R,44,37,ARI,NL,10,14,.417,4.94,29,29,0,1,0,0,162.0,166,93,89,28,70,2,113,4,1,1,704,84,5.32,1.457,9.2,1.6,3.9,6.3,1.61,0.3,,season
2026,Logan Webb,webblo01,R,45,29,SFG,NL,8,9,.471,4.31,27,27,0,1,0,0,160.2,147,80,77,13,41,0,134,11,0,1,668,93,3.46,1.170,8.2,0.7,2.3,7.5,3.27,1.3,AS,season
2026,Joey Cantillo,cantijo01,L,46,26,CLE,AL,11,9,.550,3.62,33,30,0,0,0,0,159.0,144,79,64,17,81,0,171,6,0,6,687,112,3.98,1.415,8.2,1.0,4.6,9.7,2.11,1.5,,season
2026,Eury Pérez,perezeu02,R,47,23,MIA,NL,8,11,.421,3.91,30,29,0,1,1,0,159.0,124,77,69,20,68,0,170,10,3,4,660,103,4.07,1.208,7.0,1.1,3.8,9.6,2.50,1.6,,season
2026,Tarik Skubal,skubata01,L,48,29,2TM,2LG,12,7,.632,2.72,26,26,0,0,0,0,158.2,126,52,48,14,27,0,186,5,0,1,620,154,2.51,0.964,7.1,0.8,1.5,10.6,6.89,4.6,,season
2026,Tarik Skubal,skubata01,L,48,29,DET,AL,7,5,.583,2.79,16,16,0,0,0,0,96.2,74,33,30,10,14,0,116,4,0,0,374,151,2.61,0.910,6.9,0.9,1.3,10.8,8.29,2.7,,stint
2026,Tarik Skubal,skubata01,L,48,29,LAD,NL,5,2,.714,2.61,10,10,0,0,0,0,62.0,52,19,18,4,13,0,70,1,0,1,246,160,2.36,1.048,7.5,0.6,1.9,10.2,5.38,1.9,,stint
2026,Andre Pallante,pallaan01,R,49,27,STL,NL,12,8,.600,3.61,28,28,0,0,0,0,157.0,146,67,63,11,49,0,106,6,0,5,654,109,3.71,1.242,8.4,0.6,2.8,6.1,2.16,2.5,,season
2026,Brady Singer,singebr01,R,50,29,CIN,NL,6,15,.286,5.85,31,31,0,0,0,0,157.0,188,107,102,32,62,0,126,15,0,2,725,71,5.62,1.592,10.8,1.8,3.6,7.2,2.03,-0.5,,season
2026,Brandon Young,youngbr01,R,51,27,BAL,AL,9,6,.600,3.56,28,28,0,0,0,0,156.2,150,71,62,22,61,0,133,4,0,3,669,114,4.47,1.347,8.6,1.3,3.5,7.6,2.18,2.3,,season
2026,Will Warren,warrewi01,R,52,27,NYY,AL,11,6,.647,3.92,32,29,0,0,0,0,156.0,159,83,68,21,54,1,158,4,1,4,677,107,3.94,1.365,9.2,1.2,3.1,9.1,2.93,1.2,,season
2026,Zack Wheeler,wheelza01,R,53,36,PHI,NL,13,5,.722,3.06,27,27,0,0,0,0,156.0,118,54,53,20,47,0,188,4,0,2,622,148,3.34,1.058,6.8,1.2,2.7,10.8,4.00,5.6,,season
2026,Kyle Bradish,bradiky01,R,54,29,BAL,AL,7,14,.333,4.12,29,29,0,0,0,0,155.0,156,83,71,20,70,1,142,3,0,9,669,99,4.36,1.458,9.1,1.2,4.1,8.2,2.03,0.8,,season
2026,Matthew Liberatore,liberma01,L,55,26,STL,NL,6,14,.300,5.23,31,31,0,0,0,0,155.0,173,96,90,28,55,0,154,5,0,7,674,75,4.62,1.471,10.0,1.6,3.2,8.9,2.80,-0.6,,season
2026,Keider Montero,monteke01,R,56,25,DET,AL,10,9,.526,3.48,32,25,3,0,0,1,155.0,124,64,60,17,37,2,107,6,0,1,625,121,3.98,1.039,7.2,1.0,2.1,6.2,2.89,3.1,,season
2026,Landen Roupp,rouppla01,R,57,27,SFG,NL,9,14,.391,4.01,29,29,0,0,0,0,155.0,126,74,69,11,75,0,143,5,0,2,657,100,3.73,1.297,7.3,0.6,4.4,8.3,1.91,1.5,,season
2026,Chase Burns,burnsch01,R,58,23,CIN,NL,15,3,.833,2.86,29,29,0,0,0,0,154.1,124,54,49,17,56,0,185,1,0,5,630,146,3.24,1.166,7.2,1.0,3.3,10.8,3.30,4.8,AS,season
2026,Tomoyuki Sugano,suganto01,R,59,36,COL,NL,12,12,.500,5.37,29,29,0,0,0,0,154.1,167,95,92,33,36,0,96,3,0,2,656,93,5.40,1.315,9.7,1.9,2.1,5.6,2.67,1.8,,season
2026,Bubba Chandler,chandbu01,R,60,23,PIT,NL,8,10,.444,4.62,31,30,0,0,0,0,154.0,136,89,79,15,80,1,140,7,0,5,674,95,4.24,1.403,7.9,0.9,4.7,8.2,1.75,1.2,,season
2026,Walker Buehler,buehlwa01,R,61,31,SDP,NL,9,6,.600,4.63,32,32,0,0,0,0,153.2,150,81,79,22,57,2,131,7,0,3,651,88,4.51,1.347,8.8,1.3,3.3,7.7,2.30,0.9,,season
2026,Peter Lambert,lambepe01,R,62,29,HOU,AL,8,10,.444,3.87,28,28,0,0,0,0,153.2,134,68,66,17,59,0,153,12,0,6,656,106,3.93,1.256,7.8,1.0,3.5,9.0,2.59,2.9,,season
2026,Anthony Kay,kayan01,L,63,31,CHW,AL,9,9,.500,4.53,32,30,0,0,0,0,153.0,156,84,77,21,54,0,125,25,2,6,689,93,4.80,1.373,9.2,1.2,3.2,7.4,2.31,1.1,,season
2026,Grant Holmes,holmegr01,R,64,30,ATL,NL,10,6,.625,3.44,31,29,1,0,0,0,151.2,136,60,58,22,62,0,115,3,0,5,642,123,4.76,1.305,8.1,1.3,3.7,6.8,1.85,2.8,,season
2026,Bryce Elder,elderbr01,R,65,27,ATL,NL,8,8,.500,4.11,26,26,0,0,0,0,149.0,140,74,68,24,49,0,121,3,0,1,633,103,4.62,1.268,8.5,1.4,3.0,7.3,2.47,1.2,,season
2026,Tyler Mahle,mahlety01,R,66,31,2TM,NL,7,10,.412,3.99,27,27,0,0,0,0,149.0,138,69,66,20,46,0,137,3,1,3,614,103,3.99,1.235,8.3,1.2,2.8,8.3,2.98,1.7,,season
2026,Tyler Mahle,mahlety01,R,66,31,SFG,NL,3,9,.250,5.13,18,18,0,0,0,0,94.2,95,55,54,14,37,0,89,2,1,3,404,78,4.38,1.394,9.0,1.3,3.5,8.5,2.41,-0.1,,stint
2026,Tyler Mahle,mahlety01,R,66,31,ATL,NL,4,1,.800,1.99,9,9,0,0,0,0,54.1,43,14,12,6,9,0,48,1,0,0,210,213,3.32,0.957,7.1,1.0,1.5,8.0,5.33,1.8,,stint
2026,Payton Tolle,tollepa01,L,67,23,BOS,AL,9,6,.600,3.03,26,26,0,0,0,0,148.2,123,54,50,15,40,1,171,6,1,2,603,135,3.04,1.096,7.4,0.9,2.4,10.4,4.28,3.0,,season
2026,Ranger Suarez,suarera01,L,68,30,BOS,AL,8,5,.615,3.22,28,28,0,0,0,0,148.1,130,56,53,10,46,0,140,7,0,1,612,127,3.16,1.187,7.9,0.6,2.8,8.5,3.04,2.8,AS,season
2026,Walbert Ureña,urenawa01,R,69,22,LAA,AL,9,11,.450,2.97,29,27,0,1,0,0,148.1,114,56,49,10,68,2,142,9,3,6,625,136,3.62,1.227,6.9,0.6,4.1,8.6,2.09,3.7,,season
2026,David Peterson,peterda01,L,70,30,2TM,NL,9,8,.529,4.79,32,23,2,0,0,1,148.1,157,86,79,15,65,0,137,4,1,4,663,87,3.96,1.497,9.5,0.9,3.9,8.3,2.11,-0.1,,season
2026,David Peterson,peterda01,L,70,30,NYM,NL,3,6,.333,6.09,16,8,2,0,0,1,68.0,82,51,46,6,30,0,63,3,0,3,319,67,3.85,1.647,10.9,0.8,4.0,8.3,2.10,-1.0,,stint
2026,David Peterson,peterda01,L,70,30,CHC,NL,6,2,.750,3.70,16,15,0,0,0,0,80.1,75,35,33,9,35,0,74,1,1,1,344,114,4.06,1.369,8.4,1.0,3.9,8.3,2.11,0.9,,stint
2026,Kumar Rocker,rockeku01,R,71,26,TEX,AL,6,11,.353,4.38,30,27,0,0,0,0,148.0,147,74,72,20,61,1,138,4,0,8,645,88,4.31,1.405,8.9,1.2,3.7,8.4,2.26,1.1,,season
2026,Davis Martin,martida03,R,72,29,CHW,AL,9,8,.529,3.95,29,28,0,0,0,0,146.0,146,68,64,14,46,0,122,10,1,7,617,106,3.83,1.315,9.0,0.9,2.8,7.5,2.65,2.3,,season
2026,Nathan Eovaldi,eovalna01,R,73,36,TEX,AL,11,10,.524,4.20,27,23,1,0,0,0,145.2,142,71,68,24,35,0,144,10,0,5,613,92,4.19,1.215,8.8,1.5,2.2,8.9,4.11,1.2,,season
2026,Dustin May,maydu01,R,74,28,2TM,NL,7,9,.438,4.70,31,31,0,1,1,0,145.2,142,79,76,14,50,0,144,11,1,7,621,85,3.63,1.318,8.8,0.9,3.1,8.9,2.88,0.3,,season
2026,Dustin May,maydu01,R,74,28,STL,NL,5,7,.417,4.38,21,21,0,1,1,0,109.0,105,56,53,7,35,0,106,7,0,7,459,90,3.15,1.284,8.7,0.6,2.9,8.8,3.03,0.6,,stint
2026,Dustin May,maydu01,R,74,28,MIL,NL,2,2,.500,5.65,10,10,0,0,0,0,36.2,37,23,23,7,15,0,38,4,1,0,162,75,5.07,1.418,9.1,1.7,3.7,9.3,2.53,-0.3,,stint
2026,Sean Manaea,manaese01,L,75,34,NYM,NL,6,7,.462,4.67,32,18,6,0,0,0,144.2,145,83,75,23,43,0,141,16,0,2,627,87,4.44,1.300,9.0,1.4,2.7,8.8,3.28,-0.1,,season
2026,Joe Ryan,ryanjo04,R,76,30,MIN,AL,7,10,.412,3.79,27,27,0,0,0,0,144.2,137,74,61,21,31,0,159,13,0,3,614,112,3.70,1.161,8.5,1.3,1.9,9.9,5.13,2.0,AS,season
2026,Jeffrey Springs,sprinje01,L,77,33,ATH,AL,4,14,.222,6.18,29,29,0,0,0,0,142.2,152,105,98,35,57,0,112,5,3,0,630,72,6.02,1.465,9.6,2.2,3.6,7.1,1.96,-0.5,,season
2026,Martín Pérez,perezma02,L,78,35,ATL,NL,9,9,.500,3.04,30,26,2,0,0,0,142.0,119,53,48,14,62,1,102,3,0,1,596,139,4.32,1.275,7.5,0.9,3.9,6.5,1.65,3.0,,season
2026,Erick Fedde,feddeer01,R,79,33,CHW,AL,8,9,.471,3.83,33,15,3,0,0,0,141.0,139,68,60,23,52,2,99,4,0,2,606,110,5.01,1.355,8.9,1.5,3.3,6.3,1.90,2.1,,season
2026,Kyle Leahy,leahyky01,R,80,29,STL,NL,10,5,.667,3.66,30,30,0,0,0,0,140.0,147,58,57,15,41,0,132,5,0,4,596,107,3.59,1.343,9.5,1.0,2.6,8.5,3.22,2.2,,season
2026,Emerson Hancock,hancoem01,R,81,27,SEA,AL,7,8,.467,3.57,25,25,0,0,0,0,138.2,126,56,55,20,32,1,126,7,0,4,566,110,4.00,1.139,8.2,1.3,2.1,8.2,3.94,2.7,,season
2026,J.T. Ginn,ginnjt01,R,82,27,ATH,AL,9,8,.529,3.71,27,24,2,1,0,0,138.1,114,63,57,17,57,1,121,9,1,3,580,120,4.38,1.236,7.4,1.1,3.7,7.9,2.12,3.3,,season
2026,Justin Wrobleski,wroblju01,L,83,25,LAD,NL,12,5,.706,3.72,27,22,1,0,0,0,138.0,127,59,57,21,31,1,115,5,0,2,571,112,4.20,1.145,8.3,1.4,2.0,7.5,3.71,2.0,AS,season
2026,Ryan Weathers,weathry01,L,84,26,NYY,AL,5,8,.385,3.60,25,25,0,0,0,0,137.1,130,61,55,18,38,0,143,3,0,5,568,117,3.62,1.223,8.5,1.2,2.5,9.4,3.76,2.3,,season
2026,Brandon Pfaadt,pfaadbr01,R,85,27,ARI,NL,8,3,.727,3.77,29,19,2,0,0,0,136.0,129,61,57,14,32,1,94,6,1,3,562,110,3.90,1.184,8.5,0.9,2.1,6.2,2.94,1.7,,season
2026,Colin Rea,reaco01,R,86,35,CHC,NL,8,8,.500,4.40,33,19,9,0,0,1,135.0,135,68,66,21,47,0,100,7,1,1,581,96,4.84,1.348,9.0,1.4,3.1,6.7,2.13,0.3,,season
2026,Randy Vásquez,vasqura02,R,87,27,SDP,NL,10,6,.625,4.01,31,22,3,0,0,0,134.2,138,64,60,16,37,1,85,5,1,1,566,102,4.32,1.300,9.2,1.1,2.5,5.7,2.30,1.2,,season
2026,Rhett Lowder,lowderh01,R,88,24,CIN,NL,7,12,.368,5.74,29,26,3,0,0,0,133.1,147,88,85,18,56,1,103,6,1,2,603,73,4.71,1.523,9.9,1.2,3.8,7.0,1.84,-0.1,,season
2026,Ian Seymour,seymoia01,L,89,27,TBR,AL,9,7,.563,4.22,46,16,7,0,0,2,132.1,114,67,62,25,36,4,158,5,1,2,550,101,4.10,1.134,7.8,1.7,2.4,10.7,4.39,0.6,,season
2026,Kyle Freeland,freelky01,L,90,33,COL,NL,4,11,.267,6.58,25,25,0,1,0,0,131.1,170,100,96,27,29,0,106,6,0,3,593,76,4.96,1.515,11.6,1.9,2.0,7.3,3.66,-0.2,,season
2026,Casey Mize,mizeca01,R,91,29,2TM,2LG,6,10,.375,4.32,26,26,0,0,0,0,131.1,123,69,63,18,38,0,110,3,0,2,549,97,4.15,1.226,8.4,1.2,2.6,7.5,2.89,1.3,,season
2026,Casey Mize,mizeca01,R,91,29,DET,AL,4,6,.400,2.70,16,16,0,0,0,0,86.2,67,27,26,5,19,0,85,1,0,1,341,156,2.58,0.992,7.0,0.5,2.0,8.8,4.47,2.6,,stint
2026,Casey Mize,mizeca01,R,91,29,SDP,NL,2,4,.333,7.46,10,10,0,0,0,0,44.2,56,42,37,13,19,0,25,2,0,1,208,55,7.18,1.679,11.3,2.6,3.8,5.0,1.32,-1.3,,stint
2026,Bailey Ober,oberba01,R,92,30,MIN,AL,7,7,.500,4.47,25,24,1,1,1,1,131.0,133,69,65,21,37,0,96,2,0,1,561,95,4.61,1.298,9.1,1.4,2.5,6.6,2.59,1.7,,season
2026,Luis Castillo,castilu02,R,93,33,2TM,AL,4,11,.267,5.85,29,23,4,0,0,0,130.2,151,95,85,25,44,2,112,7,0,2,592,68,5.05,1.492,10.4,1.7,3.0,7.7,2.55,-1.5,,season
2026,Luis Castillo,castilu02,R,93,33,SEA,AL,3,9,.250,5.06,20,17,2,0,0,0,99.2,107,65,56,16,32,1,86,5,0,2,443,77,4.58,1.395,9.7,1.4,2.9,7.8,2.69,-0.6,,stint
2026,Luis Castillo,castilu02,R,93,33,CHW,AL,1,2,.333,8.42,9,6,2,0,0,0,31.0,44,30,29,9,12,1,26,2,0,0,149,50,6.55,1.806,12.8,2.6,3.5,7.5,2.17,-0.9,,stint
2026,Zebby Matthews,matthze01,R,94,26,MIN,AL,9,11,.450,4.90,23,23,0,0,0,0,130.1,125,76,71,24,39,0,116,4,2,3,545,87,4.71,1.258,8.6,1.7,2.7,8.0,2.97,1.0,,season
2026,Michael Lorenzen,lorenmi01,R,95,34,2TM,2LG,3,13,.188,7.21,32,25,3,0,0,1,127.1,186,113,102,23,54,0,90,6,1,4,619,69,5.45,1.885,13.1,1.6,3.8,6.4,1.67,-1.9,,season
2026,Michael Lorenzen,lorenmi01,R,95,34,TOR,AL,0,2,.000,8.49,6,0,3,0,0,1,11.2,18,11,11,4,5,0,8,0,0,1,57,53,7.47,1.971,13.9,3.1,3.9,6.2,1.60,-0.3,,stint
2026,Michael Lorenzen,lorenmi01,R,95,34,COL,NL,3,11,.214,7.08,26,25,0,0,0,0,115.2,168,102,91,19,49,0,82,6,1,3,562,70,5.25,1.876,13.1,1.5,3.8,6.4,1.67,-1.6,,stint
2026,Gerrit Cole,colege01,R,96,35,NYY,AL,10,9,.526,3.61,22,22,0,0,0,0,127.0,115,52,51,22,25,0,131,2,1,0,519,116,3.93,1.102,8.1,1.6,1.8,9.3,5.24,2.8,,season
2026,Matthew Boyd,boydma01,L,97,35,CHC,NL,10,5,.667,3.91,22,22,0,0,0,0,126.2,114,59,55,15,39,0,96,7,1,1,520,108,4.22,1.208,8.1,1.1,2.8,6.8,2.46,1.0,,season
2026,Andrew Painter,paintan01,R,98,23,PHI,NL,3,10,.231,5.40,25,23,0,0,0,0,126.2,132,76,76,21,47,0,115,5,0,5,552,84,4.67,1.413,9.4,1.5,3.3,8.2,2.45,1.2,,season
2026,Tyler Phillips,phillty01,R,99,28,MIA,NL,5,6,.455,3.34,37,20,8,0,0,2,126.2,112,50,47,17,56,0,101,3,1,7,538,120,4.65,1.326,8.0,1.2,4.0,7.2,1.80,2.2,,season
2026,Connor Prielipp,prielco01,L,100,25,MIN,AL,6,7,.462,4.87,24,22,1,0,0,0,125.2,118,76,68,14,44,0,128,7,2,1,535,87,3.73,1.289,8.5,1.0,3.2,9.2,2.91,0.3,,season
2026,Zack Littell,litteza01,R,101,30,2TM,NL,8,8,.500,5.21,26,14,2,0,0,0,124.1,136,81,72,30,39,0,73,3,0,1,540,83,6.08,1.408,9.8,2.2,2.8,5.3,1.87,-0.5,,season
2026,Zack Littell,litteza01,R,101,30,ARI,NL,1,0,1.000,7.50,3,0,1,0,0,0,12.0,21,12,10,5,4,0,3,0,0,0,59,57,9.02,2.083,15.8,3.8,3.0,2.3,0.75,-0.4,,stint
2026,Zack Littell,litteza01,R,101,30,WSN,NL,7,8,.467,4.97,23,14,1,0,0,0,112.1,115,69,62,25,35,0,70,3,0,1,481,87,5.76,1.335,9.2,2.0,2.8,5.6,2.00,-0.1,,stint
2026,Ryan Feltner,feltnry01,R,102,29,COL,NL,7,10,.412,5.40,26,22,2,0,0,0,123.1,133,82,74,20,53,0,92,2,0,3,548,92,5.06,1.508,9.7,1.5,3.9,6.7,1.74,1.2,,season
2026,Jacob Lopez,lopezja04,L,103,28,ATH,AL,7,5,.583,5.47,27,24,0,0,0,0,123.1,126,78,75,23,58,0,112,4,0,1,551,81,5.22,1.492,9.2,1.7,4.2,8.2,1.93,0.6,,season
2026,Shane Drohan,drohash01,L,104,27,MIL,NL,7,5,.583,4.24,32,19,3,0,0,1,123.0,121,63,58,14,44,0,123,5,0,0,523,99,3.78,1.341,8.9,1.0,3.2,9.0,2.80,0.4,,season
2026,Carmen Mlodzinski,mlodzca01,R,105,27,PIT,NL,8,7,.533,3.95,37,12,4,0,0,2,123.0,125,62,54,10,44,1,97,4,0,0,537,111,3.75,1.374,9.1,0.7,3.2,7.1,2.20,1.3,,season
2026,Roki Sasaki,sasakro01,R,106,24,LAD,NL,5,5,.500,4.52,25,23,0,0,0,0,121.1,113,63,61,22,48,0,121,5,0,8,519,92,4.78,1.327,8.4,1.6,3.6,9.0,2.52,0.8,,season
2026,Slade Cecconi,ceccosl01,R,107,27,CLE,AL,5,7,.417,4.91,28,21,2,0,0,0,121.0,134,72,66,19,39,1,99,3,0,4,528,83,4.55,1.430,10.0,1.4,2.9,7.4,2.54,0.1,,season
2026,Jack Perkins,perkija01,R,108,26,ATH,AL,3,13,.188,6.10,37,17,5,0,0,3,121.0,125,89,82,23,51,2,140,10,0,5,541,73,4.77,1.455,9.3,1.7,3.8,10.4,2.75,-0.9,,season
2026,Janson Junk,junkja01,R,109,30,MIA,NL,6,9,.400,4.31,25,24,0,0,0,0,119.0,124,62,57,14,32,0,84,4,0,2,505,93,4.13,1.311,9.4,1.1,2.4,6.4,2.63,0.8,,season
2026,Bryce Miller,millebr04,R,110,27,SEA,AL,4,10,.286,4.17,22,21,1,0,0,0,118.2,100,60,55,21,38,1,119,2,0,2,485,94,4.41,1.163,7.6,1.6,2.9,9.0,3.13,1.3,,season
2026,Shane McClanahan,mcclash01,L,111,29,TBR,AL,10,7,.588,3.36,24,24,0,0,0,0,118.0,93,52,44,10,39,0,106,4,0,3,487,126,3.50,1.119,7.1,0.8,3.0,8.1,2.72,1.4,,season
2026,Brayan Bello,bellobr01,R,112,27,BOS,AL,6,7,.462,4.33,26,11,4,0,0,1,116.1,123,61,56,12,36,2,92,7,0,2,503,94,3.97,1.367,9.5,0.9,2.8,7.1,2.56,0.3,,season
2026,Miles Mikolas,mikolmi01,R,113,37,WSN,NL,3,9,.250,5.82,25,11,2,0,0,0,116.0,137,80,75,27,23,0,58,2,0,1,498,74,5.77,1.379,10.6,2.1,1.8,4.5,2.52,-0.8,,season
2026,Kyle Harrison,harriky01,L,114,24,MIL,NL,11,5,.688,4.20,28,24,0,0,0,0,115.2,120,62,54,20,36,0,141,7,0,3,505,100,4.03,1.349,9.3,1.6,2.8,11.0,3.92,0.5,,season
2026,Mitch Keller,kellemi03,R,115,30,PIT,NL,6,8,.429,5.29,22,22,0,0,0,0,115.2,117,73,68,15,42,0,89,8,1,4,503,83,4.55,1.375,9.1,1.2,3.3,6.9,2.12,0.1,,season
2026,Troy Melton,meltotr01,R,116,25,DET,AL,8,5,.615,2.76,20,20,0,0,0,0,114.1,92,41,35,13,37,0,94,7,0,3,470,153,4.09,1.128,7.2,1.0,2.9,7.4,2.54,2.9,,season
2026,Jake Bennett,benneja01,L,117,25,BOS,AL,9,7,.563,3.65,20,19,0,0,0,0,113.1,104,47,46,12,21,2,91,3,0,2,455,112,3.51,1.103,8.3,1.0,1.7,7.2,4.33,1.6,,season
2026,Andrew Alvarez,alvaran01,L,118,27,WSN,NL,2,6,.250,3.43,25,17,2,0,0,1,112.2,95,43,43,7,51,0,114,3,0,6,473,125,3.32,1.296,7.6,0.6,4.1,9.1,2.24,2.5,,season
2026,Max Fried,friedma01,L,119,32,NYY,AL,5,5,.500,2.80,20,20,0,0,0,0,112.2,79,35,35,4,33,0,104,2,1,2,434,150,2.65,0.994,6.3,0.3,2.6,8.3,3.15,3.8,,season
2026,Griffin Jax,jaxgr01,R,120,31,TBR,AL,8,10,.444,3.53,34,23,1,0,0,0,112.1,97,56,44,15,35,1,116,2,0,3,459,120,3.76,1.175,7.8,1.2,2.8,9.3,3.31,0.7,,season
2026,Emmet Sheehan,sheehem01,R,121,26,LAD,NL,5,8,.385,4.57,23,22,0,0,0,0,112.1,99,58,57,21,33,1,132,8,2,3,472,92,4.28,1.175,7.9,1.7,2.6,10.6,4.00,0.8,,season
2026,Michael Soroka,sorokmi01,R,122,28,ARI,NL,9,5,.643,3.31,21,20,1,0,0,0,111.1,94,42,41,9,27,1,110,7,0,1,454,125,3.09,1.087,7.6,0.7,2.2,8.9,4.07,2.2,,season
2026,Aaron Civale,civalaa01,R,123,31,2TM,2LG,6,8,.429,4.20,34,15,7,0,0,2,111.1,125,55,52,18,35,2,91,5,0,3,493,104,4.65,1.437,10.1,1.5,2.8,7.4,2.60,1.3,,season
2026,Aaron Civale,civalaa01,R,123,31,ATH,AL,5,7,.417,5.42,16,15,0,0,0,0,74.2,98,46,45,16,23,1,58,2,0,2,341,82,5.34,1.621,11.8,1.9,2.8,7.0,2.52,0.5,,stint
2026,Aaron Civale,civalaa01,R,123,31,CHC,NL,1,1,.500,1.72,18,0,7,0,0,2,36.2,27,9,7,2,12,1,33,3,0,1,152,247,3.24,1.064,6.6,0.5,2.9,8.1,2.75,0.9,,stint
2026,Max Meyer,meyerma01,R,124,27,MIA,NL,9,1,.900,2.68,20,20,0,0,0,0,111.0,85,39,33,11,41,0,121,7,0,5,462,150,3.51,1.135,6.9,0.9,3.3,9.8,2.95,2.8,AS,season
2026,Spencer Arrighetti,arrigsp01,R,125,26,2TM,AL,9,9,.500,4.96,24,19,0,0,0,0,110.2,89,67,61,18,64,0,106,15,1,2,492,85,5.44,1.383,7.2,1.5,5.2,8.6,1.66,0.0,,season
2026,Spencer Arrighetti,arrigsp01,R,125,26,HOU,AL,7,5,.583,4.60,17,17,0,0,0,0,88.0,68,47,45,12,50,0,87,14,1,1,386,90,5.08,1.341,7.0,1.2,5.1,8.9,1.74,0.7,,stint
2026,Spencer Arrighetti,arrigsp01,R,125,26,TOR,AL,2,4,.333,6.35,7,2,0,0,0,0,22.2,21,20,16,6,14,0,19,1,0,1,106,70,6.85,1.544,8.3,2.4,5.6,7.5,1.36,-0.7,,stint
2026,Cal Quantrill,quantca01,R,126,31,TEX,AL,9,5,.643,2.86,32,15,8,0,0,0,110.0,89,41,35,13,25,1,81,6,0,2,443,135,4.01,1.036,7.3,1.1,2.0,6.6,3.24,2.0,,season
2026,Christian Scott,scottch01,R,127,27,NYM,NL,4,5,.444,3.85,23,23,0,0,0,0,110.0,93,48,47,12,47,0,134,9,1,1,474,105,3.61,1.273,7.6,1.0,3.8,11.0,2.85,1.8,,season
2026,Adrian Houser,housead01,R,128,33,SFG,NL,4,7,.364,4.02,26,16,5,0,0,0,109.2,109,54,49,15,34,0,75,4,0,2,470,100,4.55,1.304,8.9,1.2,2.8,6.2,2.21,0.8,,season
2026,Robert Gasser,gassero01,L,129,27,MIL,NL,5,5,.500,3.87,21,20,0,0,0,0,109.1,95,49,47,15,35,0,103,10,1,0,463,108,4.24,1.189,7.8,1.2,2.9,8.5,2.94,1.3,,season
2026,Nick Lodolo,lodolni01,L,130,28,CIN,NL,3,6,.333,4.97,21,21,0,0,0,0,108.2,115,60,60,20,46,0,83,17,1,2,486,84,5.71,1.482,9.5,1.7,3.8,6.9,1.80,1.1,,season
2026,Eric Lauer,lauerer01,L,131,31,2TM,2LG,8,7,.533,5.23,22,18,1,0,0,0,108.1,107,64,63,26,35,0,72,5,1,1,466,82,6.00,1.311,8.9,2.2,2.9,6.0,2.06,-0.2,,season
2026,Eric Lauer,lauerer01,L,131,31,TOR,AL,1,5,.167,6.69,8,6,1,0,0,0,36.1,38,27,27,11,16,0,26,0,0,1,162,66,6.93,1.486,9.4,2.7,4.0,6.4,1.63,-0.5,,stint
2026,Eric Lauer,lauerer01,L,131,31,LAD,NL,7,2,.778,4.50,14,12,0,0,0,0,72.0,69,37,36,15,19,0,46,5,1,0,304,93,5.53,1.222,8.6,1.9,2.4,5.8,2.42,0.3,,stint
2026,Drew Anderson,anderdr02,R,132,32,DET,AL,5,7,.417,3.67,49,11,9,0,0,2,108.0,94,48,44,16,43,1,114,6,1,4,456,115,4.28,1.269,7.8,1.3,3.6,9.5,2.65,1.4,,season
2026,Hunter Brown,brownhu01,R,133,27,HOU,AL,6,4,.600,3.19,20,20,0,0,0,0,107.1,81,42,38,11,55,0,124,4,0,3,451,129,3.77,1.267,6.8,0.9,4.6,10.4,2.25,2.5,,season
2026,Jake Irvin,irvinja01,R,134,29,WSN,NL,2,10,.167,5.48,22,20,0,0,0,0,106.2,100,70,65,20,48,0,110,9,0,4,470,79,5.08,1.388,8.4,1.7,4.1,9.3,2.29,-0.4,,season
2026,Chad Patrick,patrich01,R,135,27,MIL,NL,9,4,.692,3.07,56,6,9,0,0,6,105.2,82,36,36,10,45,2,93,5,0,4,436,136,3.99,1.202,7.0,0.9,3.8,7.9,2.07,2.2,,season
2026,Zac Gallen,galleza01,R,136,30,ARI,NL,3,9,.250,6.07,22,20,2,0,0,0,105.1,128,78,71,19,35,1,64,4,0,1,472,68,5.34,1.547,10.9,1.6,3.0,5.5,1.83,-1.7,,season
2026,Tanner Gordon,gordota01,R,137,28,COL,NL,1,6,.143,6.68,24,12,8,0,0,0,103.2,148,79,77,21,24,2,85,2,2,1,473,75,4.85,1.659,12.8,1.8,2.1,7.4,3.54,-0.1,,season
2026,Chris Bassitt,bassich01,R,138,37,BAL,AL,9,5,.643,4.59,20,18,0,0,0,0,102.0,120,53,52,10,38,0,74,9,2,2,460,89,4.31,1.549,10.6,0.9,3.4,6.5,1.95,0.7,,season
2026,Clay Holmes,holmecl01,R,139,33,2TM,NL,6,8,.429,3.29,18,18,0,0,0,0,101.1,79,39,37,6,42,0,78,2,1,2,419,126,3.63,1.194,7.0,0.5,3.7,6.9,1.86,2.0,,season
2026,Clay Holmes,holmecl01,R,139,33,NYM,NL,4,4,.500,2.39,9,9,0,0,0,0,52.2,40,14,14,3,18,0,45,1,1,2,215,170,3.22,1.101,6.8,0.5,3.1,7.7,2.50,1.8,,stint
2026,Clay Holmes,holmecl01,R,139,33,CHC,NL,2,4,.333,4.25,9,9,0,0,0,0,48.2,39,25,23,3,24,0,33,1,0,0,204,100,4.09,1.295,7.2,0.6,4.4,6.1,1.38,0.2,,stint
2026,Ryan Johnson,johnsry01,R,140,23,LAA,AL,5,9,.357,5.04,22,19,1,0,0,0,100.0,96,61,56,18,43,1,79,6,0,4,437,80,5.33,1.390,8.6,1.6,3.9,7.1,1.84,-0.1,,season
2026,Gage Jump,jumpga01,L,141,23,ATH,AL,6,11,.353,5.47,20,20,0,0,0,0,98.2,104,62,60,12,46,2,108,4,0,7,437,81,4.01,1.520,9.5,1.1,4.2,9.9,2.35,0.6,,season
2026,Grayson Rodriguez,rodrigr01,R,142,26,LAA,AL,5,8,.385,6.02,20,20,0,0,0,0,98.2,111,71,66,16,43,2,85,7,0,3,444,67,5.01,1.561,10.1,1.5,3.9,7.8,1.98,-1.0,,season
2026,Logan Henderson,hendelo01,R,143,24,MIL,NL,11,3,.786,2.47,18,18,0,0,0,0,98.1,64,28,27,14,19,0,110,1,0,1,371,169,3.33,0.844,5.9,1.3,1.7,10.1,5.79,3.3,,season
2026,Jared Jones,jonesja09,R,144,24,PIT,NL,5,6,.455,3.87,20,20,0,0,0,0,97.2,78,43,42,12,31,0,118,2,2,3,402,114,3.30,1.116,7.2,1.1,2.9,10.9,3.81,2.3,,season
2026,Trey Yesavage,yesavtr01,R,145,22,TOR,AL,5,6,.455,3.69,20,20,0,0,0,0,97.2,64,41,40,12,47,0,97,2,0,4,401,120,4.22,1.137,5.9,1.1,4.3,8.9,2.06,2.1,,season
2026,Brandon Sproat,sproabr01,R,146,25,MIL,NL,3,7,.300,5.57,22,19,0,0,0,0,97.0,88,61,60,17,52,0,101,10,0,10,422,75,5.22,1.443,8.2,1.6,4.8,9.4,1.94,-0.6,,season
2026,AJ Blubaugh,blubaaj01,R,147,25,HOU,AL,5,3,.625,3.66,64,0,9,0,0,1,96.0,76,41,39,13,42,0,94,3,0,8,401,113,4.31,1.229,7.1,1.2,3.9,8.8,2.24,1.1,,season
2026,Spencer Miles,milessp01,R,148,25,TOR,AL,6,2,.750,2.63,49,8,9,0,0,2,95.2,80,31,28,5,25,1,93,1,0,1,388,168,2.65,1.098,7.5,0.5,2.4,8.7,3.72,2.5,,season
2026,Mike Burrows,burromi01,R,149,26,HOU,AL,4,9,.308,5.99,18,17,1,0,0,0,94.2,112,69,63,21,35,0,75,4,0,1,423,69,5.64,1.553,10.6,2.0,3.3,7.1,2.14,-1.0,,season
2026,Connelly Early,earlyco01,L,150,24,2TM,2LG,7,5,.583,3.33,18,18,0,0,0,0,94.2,82,35,35,15,34,0,94,9,1,4,400,123,4.54,1.225,7.8,1.4,3.2,8.9,2.76,1.9,,season
2026,Connelly Early,earlyco01,L,150,24,BOS,AL,7,5,.583,3.44,17,17,0,0,0,0,91.2,81,35,35,15,34,0,93,9,1,4,390,119,4.61,1.255,8.0,1.5,3.3,9.1,2.74,1.7,,stint
2026,Connelly Early,earlyco01,L,150,24,WSN,NL,0,0,,0.00,1,1,0,0,0,0,3.0,1,0,0,0,0,0,1,0,0,0,10,,2.44,0.333,3.0,0.0,0.0,3.0,,0.2,,stint
2026,Javier Assad,assadja01,R,151,28,CHC,NL,6,2,.750,3.63,28,11,6,0,0,2,94.1,81,39,38,16,27,1,63,3,0,2,378,117,4.93,1.145,7.7,1.5,2.6,6.0,2.33,1.1,,season
2026,Zach Agnos,agnosza01,R,152,25,COL,NL,0,2,.000,5.93,41,3,15,0,0,2,91.0,102,64,60,10,35,2,58,5,0,2,407,84,4.57,1.505,10.1,1.0,3.5,5.7,1.66,0.1,,season
2026,Brent Suter,suterbr01,L,153,36,2TM,2LG,3,2,.600,3.36,54,4,21,0,0,0,91.0,86,42,34,9,25,2,78,1,0,1,376,122,3.53,1.220,8.5,0.9,2.5,7.7,3.12,0.9,,season
2026,Brent Suter,suterbr01,L,153,36,LAA,AL,1,2,.333,4.12,41,3,14,0,0,0,63.1,63,35,29,7,17,1,55,1,0,1,265,98,3.65,1.263,9.0,1.0,2.4,7.8,3.24,0.1,,stint
2026,Brent Suter,suterbr01,L,153,36,ATL,NL,2,0,1.000,1.63,13,1,7,0,0,0,27.2,23,7,5,2,8,1,23,0,0,0,111,262,3.25,1.120,7.5,0.7,2.6,7.5,2.88,0.8,,stint
2026,Sean Newcomb,newcose01,L,154,33,CHW,AL,2,5,.286,3.11,59,6,8,0,0,4,89.2,73,35,31,4,33,3,82,8,0,0,369,135,3.22,1.182,7.3,0.4,3.3,8.2,2.48,2.0,,season
2026,Aaron Ashby,ashbyaa01,L,155,28,MIL,NL,13,3,.813,3.12,75,1,11,0,0,4,89.1,76,36,31,8,41,1,116,2,1,9,383,134,3.11,1.310,7.7,0.8,4.1,11.7,2.83,1.3,,season
2026,Ryan Gusto,gustory01,R,156,27,MIA,NL,1,5,.167,4.09,23,18,2,0,0,0,88.0,99,43,40,11,28,0,74,5,0,0,392,98,4.17,1.443,10.1,1.1,2.9,7.6,2.64,0.9,,season
2026,Jack Flaherty,flaheja01,R,157,30,DET,AL,3,8,.273,4.59,19,19,0,0,0,0,86.1,80,52,44,11,42,1,102,7,1,5,389,92,4.10,1.413,8.3,1.1,4.4,10.6,2.43,-0.2,,season
2026,Ryne Nelson,nelsory01,R,158,28,ARI,NL,3,5,.375,4.80,18,15,0,0,0,0,86.1,83,53,46,18,24,1,64,5,0,2,368,86,5.34,1.239,8.7,1.9,2.5,6.7,2.67,-0.4,,season
2026,Adrián Morejón,morejad01,L,159,27,SDP,NL,9,3,.750,2.83,76,0,9,0,0,3,86.0,65,32,27,4,28,7,107,5,1,2,352,145,2.37,1.081,6.8,0.4,2.9,11.2,3.82,1.9,,season
2026,Jameson Taillon,taillja01,R,160,34,2TM,2LG,2,6,.250,5.65,18,18,0,0,0,0,86.0,85,55,54,27,32,1,76,2,0,2,370,76,6.60,1.360,8.9,2.8,3.3,8.0,2.38,-0.7,,season
2026,Jameson Taillon,taillja01,R,160,34,TOR,AL,0,0,,3.60,3,3,0,0,0,0,10.0,9,4,4,2,5,0,8,0,0,1,44,126,5.60,1.400,8.1,1.8,4.5,7.2,1.60,0.2,,stint
2026,Jameson Taillon,taillja01,R,160,34,CHC,NL,2,6,.250,5.92,15,15,0,0,0,0,76.0,76,51,50,25,27,1,68,2,0,1,326,71,6.73,1.355,9.0,3.0,3.2,8.1,2.52,-0.9,,stint
2026,Griffin Canning,cannigr01,R,161,30,SDP,NL,4,9,.308,5.57,29,11,9,0,0,0,85.2,89,54,53,14,40,0,85,5,0,2,377,74,4.82,1.506,9.4,1.5,4.2,8.9,2.13,-0.4,,season
2026,Shohei Ohtani,ohtansh01,R,162,31,LAD,NL,8,2,.800,1.79,14,14,0,0,0,0,85.2,55,21,17,4,26,0,95,6,1,0,340,234,2.61,0.946,5.8,0.4,2.7,10.0,3.65,3.2,AS,season
2026,Paul Blackburn,blackpa01,R,163,32,NYY,AL,7,3,.700,1.69,62,2,16,0,0,1,85.0,60,19,16,7,33,1,69,1,0,0,336,248,3.75,1.094,6.4,0.7,3.5,7.3,2.09,3.1,,season
2026,Yohan Ramírez,ramiryo01,R,164,31,PIT,NL,7,4,.636,2.86,66,1,15,0,0,2,85.0,57,32,27,4,44,9,102,14,0,8,362,154,3.36,1.188,6.0,0.4,4.7,10.8,2.32,2.7,,season
2026,Lake Bachar,bachala01,R,165,31,2TM,NL,1,4,.200,3.49,52,12,11,0,0,2,85.0,61,35,33,13,36,1,89,5,0,4,352,119,4.44,1.141,6.5,1.4,3.8,9.4,2.47,1.4,,season
2026,Lake Bachar,bachala01,R,165,31,MIA,NL,1,2,.333,3.84,38,4,11,0,0,2,58.2,43,27,25,9,21,0,61,4,0,2,242,105,4.30,1.091,6.6,1.4,3.2,9.4,2.90,0.5,,stint
2026,Lake Bachar,bachala01,R,165,31,PIT,NL,0,2,.000,2.73,14,8,0,0,0,0,26.1,18,8,8,4,15,1,28,1,0,2,110,162,4.77,1.253,6.2,1.4,5.1,9.6,1.87,0.8,,stint
2026,Carlos Rodón,rodonca01,L,166,33,NYY,AL,7,3,.700,2.67,16,16,0,0,0,0,84.1,51,30,25,7,38,0,91,2,0,3,340,158,3.45,1.055,5.4,0.7,4.1,9.7,2.39,2.2,,season
2026,Zac Thornton,thornza01,L,167,24,NYM,NL,5,6,.455,3.42,15,15,0,0,0,0,84.1,78,33,32,14,18,0,63,3,0,1,337,119,4.51,1.138,8.3,1.5,1.9,6.7,3.50,1.7,,season
2026,Grant Taylor,taylogr02,R,168,24,CHW,AL,7,3,.700,2.25,60,4,21,0,0,10,84.0,60,27,21,7,30,0,106,1,0,4,336,187,2.77,1.071,6.4,0.8,3.2,11.4,3.53,2.8,,season
2026,Brad Lord,lordbr02,R,169,26,WSN,NL,5,2,.714,3.78,40,5,5,0,0,1,83.1,69,36,35,10,33,3,77,8,0,2,357,114,4.29,1.224,7.5,1.1,3.6,8.3,2.33,1.2,,season
2026,Dean Kremer,kremede01,R,170,30,2TM,AL,4,5,.444,4.97,16,16,0,0,0,0,83.1,71,49,46,17,29,0,82,1,0,4,341,84,4.87,1.200,7.7,1.8,3.1,8.9,2.83,0.4,,season
2026,Dean Kremer,kremede01,R,170,30,MIN,AL,3,1,.750,3.80,9,9,0,0,0,0,47.1,33,21,20,5,18,0,44,1,0,3,188,112,3.82,1.077,6.3,1.0,3.4,8.4,2.44,0.9,,stint
2026,Dean Kremer,kremede01,R,170,30,BAL,AL,1,4,.200,6.50,7,7,0,0,0,0,36.0,38,28,26,12,11,0,38,0,0,1,153,63,6.24,1.361,9.5,3.0,2.8,9.5,3.45,-0.5,,stint
2026,Gordon Graceffo,gracego01,R,171,26,STL,NL,8,2,.800,2.67,62,1,17,0,0,1,81.0,53,28,24,5,36,3,63,3,1,2,326,148,3.79,1.099,5.9,0.6,4.0,7.0,1.75,1.7,,season
2026,Daniel Lynch IV,lynchda02,L,172,29,KCR,AL,6,6,.500,4.13,55,9,2,0,0,1,80.2,66,41,37,9,26,0,54,4,0,2,334,102,4.33,1.140,7.4,1.0,2.9,6.0,2.08,0.5,,season
2026,Steven Matz,matzst01,L,173,35,TBR,AL,6,6,.500,5.49,36,11,7,0,0,1,80.1,74,50,49,15,25,0,61,2,0,3,342,77,5.02,1.232,8.3,1.7,2.8,6.8,2.44,-0.7,,season
2026,Edward Cabrera,cabreed02,R,174,28,CHC,NL,5,5,.500,5.96,18,15,2,0,0,0,80.0,83,58,53,16,36,0,71,2,0,2,350,71,5.35,1.488,9.3,1.8,4.1,8.0,1.97,-1.4,,season
2026,Patrick Corbin,corbipa01,L,175,36,TOR,AL,3,4,.429,5.51,19,15,1,0,0,1,80.0,98,50,49,12,25,0,63,6,0,1,360,80,4.64,1.538,11.0,1.4,2.8,7.1,2.52,-0.1,,season
2026,Jack Leiter,leiteja01,R,176,26,TEX,AL,3,7,.300,5.29,15,15,0,0,0,0,80.0,80,50,47,14,35,0,83,4,0,2,355,73,4.76,1.438,9.0,1.6,3.9,9.3,2.37,-0.3,,season
2026,Trevor Richards,richatr01,R,177,33,2TM,2LG,0,1,.000,3.73,53,0,27,0,0,1,79.2,69,37,33,11,26,4,70,1,0,12,334,114,4.16,1.192,7.8,1.2,2.9,7.9,2.69,0.9,,season
2026,Trevor Richards,richatr01,R,177,33,CHW,AL,0,1,.000,3.82,51,0,26,0,0,1,75.1,65,36,32,11,23,4,65,1,0,12,315,110,4.23,1.168,7.8,1.3,2.7,7.8,2.83,0.7,,stint
2026,Trevor Richards,richatr01,R,177,33,PHI,NL,0,0,,2.08,2,0,1,0,0,0,4.1,4,1,1,0,3,0,5,0,0,0,19,234,2.87,1.615,8.3,0.0,6.2,10.4,1.67,0.2,,stint
2026,Reynaldo López,lopezre01,R,178,32,ATL,NL,4,5,.444,4.54,26,13,5,0,0,0,79.1,80,44,40,11,34,0,73,1,1,4,346,93,4.39,1.437,9.1,1.2,3.9,8.3,2.15,0.1,,season
2026,Brent Headrick,headrbr01,L,179,28,NYY,AL,7,4,.636,2.18,81,0,7,0,0,0,78.1,68,20,19,5,27,1,98,0,0,3,326,193,2.46,1.213,7.8,0.6,3.1,11.3,3.63,2.6,,season
2026,Louis Varland,varlalo01,R,180,28,TOR,AL,5,6,.455,1.27,71,0,53,0,0,35,78.0,55,20,11,2,23,1,97,0,0,3,307,348,1.83,1.000,6.3,0.2,2.7,11.2,4.22,3.6,AS,season
2026,Max Scherzer,scherma01,R,181,41,TOR,AL,3,9,.250,6.14,17,17,0,0,0,0,77.2,72,53,53,15,34,0,61,2,1,3,337,72,5.43,1.365,8.3,1.7,3.9,7.1,1.79,-0.6,,season
2026,Wandy Peralta,peralwa01,L,182,34,SDP,NL,3,3,.500,3.61,65,5,18,0,0,0,77.1,79,31,31,7,23,1,50,3,0,1,321,114,3.99,1.319,9.2,0.8,2.7,5.8,2.17,0.9,,season
2026,Justin Bruihl,bruihju01,L,183,29,STL,NL,1,1,.500,3.81,72,0,9,0,0,0,75.2,75,41,32,4,28,2,53,12,0,4,340,103,3.97,1.361,8.9,0.5,3.3,6.3,1.89,-0.1,,season
2026,Braydon Fisher,fishebr02,R,184,25,TOR,AL,3,4,.429,3.21,75,10,10,0,0,1,75.2,52,34,27,8,44,5,74,3,0,4,310,138,4.38,1.269,6.2,1.0,5.2,8.8,1.68,1.3,,season
2026,Tatsuya Imai,imaita01,R,185,28,HOU,AL,6,4,.600,5.00,22,15,5,0,0,0,75.2,58,42,42,9,51,0,96,4,3,2,335,83,4.29,1.441,6.9,1.1,6.1,11.4,1.88,0.4,,season
2026,Brock Burke,burkebr01,L,186,29,CIN,NL,6,5,.545,2.30,77,0,11,0,0,2,74.1,54,32,19,5,40,6,74,4,0,2,314,182,3.76,1.265,6.5,0.6,4.8,9.0,1.85,1.3,,season
2026,Randy Dobnak,dobnara01,R,187,31,KCR,AL,3,5,.375,3.51,15,13,0,0,0,0,74.1,78,31,29,7,26,0,49,4,0,1,321,120,4.22,1.399,9.4,0.8,3.1,5.9,1.88,1.3,,season
2026,Noah Schultz,schulno01,L,188,22,CHW,AL,4,9,.308,5.57,19,14,1,0,0,0,74.1,68,47,46,11,31,0,67,9,1,2,324,76,4.84,1.332,8.2,1.3,3.8,8.1,2.16,-0.2,,season
2026,Tyler Glasnow,glasnty01,R,189,32,LAD,NL,5,2,.714,3.53,13,13,0,0,0,0,74.0,45,29,29,7,25,1,98,1,0,3,288,119,2.74,0.946,5.5,0.9,3.0,11.9,3.92,1.7,,season
2026,Bradgley Rodriguez,rodribr01,R,190,22,SDP,NL,4,3,.571,2.19,68,4,8,0,0,2,74.0,59,25,18,6,20,1,81,0,1,0,301,188,2.78,1.068,7.2,0.7,2.4,9.9,4.05,1.6,,season
2026,Cade Smith,smithca06,R,191,27,CLE,AL,6,1,.857,1.95,69,0,60,0,0,41,74.0,48,20,16,5,23,1,107,4,0,6,295,210,2.18,0.959,5.8,0.6,2.8,13.0,4.65,2.9,AS,season
2026,Kevin Kelly,kellyke02,R,192,28,TBR,AL,6,4,.600,2.44,71,0,14,0,0,4,73.2,55,23,20,6,11,3,63,3,0,1,279,174,3.02,0.896,6.7,0.7,1.3,7.7,5.73,1.8,,season
2026,Kai-Wei Teng,tengka01,R,193,27,HOU,AL,5,7,.417,4.76,30,10,2,0,0,0,73.2,69,43,39,10,33,0,73,13,0,5,329,87,4.76,1.385,8.4,1.2,4.0,8.9,2.21,0.1,,season
2026,Didier Fuentes,fuentdi01,R,194,21,ATL,NL,7,2,.778,2.45,58,1,12,0,0,3,73.1,60,21,20,6,21,2,92,2,0,0,297,172,2.60,1.105,7.4,0.7,2.6,11.3,4.38,2.4,,season
2026,Antonio Senzatela,senzaan01,R,195,31,2TM,NL,11,5,.688,4.05,57,0,14,0,0,4,73.1,73,37,33,6,26,2,60,2,0,0,311,118,3.67,1.350,9.0,0.7,3.2,7.4,2.31,1.1,,season
2026,Antonio Senzatela,senzaan01,R,195,31,COL,NL,9,2,.818,3.61,34,0,11,0,0,3,52.1,51,24,21,4,17,2,46,1,0,0,219,138,3.37,1.299,8.8,0.7,2.9,7.9,2.71,1.3,,stint
2026,Antonio Senzatela,senzaan01,R,195,31,MIL,NL,2,3,.400,5.14,23,0,3,0,0,1,21.0,22,13,12,2,9,0,14,1,0,0,92,82,4.44,1.476,9.4,0.9,3.9,6.0,1.56,-0.3,,stint
2026,Taylor Clarke,clarkta01,R,196,33,ARI,NL,2,4,.333,2.96,71,2,10,0,0,0,73.0,59,28,24,7,14,2,45,4,0,1,288,140,3.86,1.000,7.3,0.9,1.7,5.5,3.21,1.2,,season
2026,Luis Medina,medinlu02,R,197,27,ATH,AL,6,3,.667,3.08,60,1,13,0,0,0,73.0,63,30,25,7,39,3,93,4,0,4,317,145,3.57,1.397,7.8,0.9,4.8,11.5,2.38,1.8,,season
2026,Andrew Morris,morrian01,R,198,24,MIN,AL,4,8,.333,4.21,63,3,10,0,0,5,72.2,72,40,34,4,27,4,68,2,1,7,316,101,3.14,1.362,8.9,0.5,3.3,8.4,2.52,0.1,,season
2026,Tyler Alexander,alexaty01,L,199,31,TEX,AL,5,2,.714,3.63,74,5,15,0,0,4,72.0,71,33,29,3,22,1,60,4,0,1,308,107,3.06,1.292,8.9,0.4,2.8,7.5,2.73,0.5,,season
2026,Tyler Holton,holtoty01,L,200,30,DET,AL,2,5,.286,2.75,67,3,10,0,0,2,72.0,71,27,22,8,19,0,55,6,0,3,301,153,4.06,1.250,8.9,1.0,2.4,6.9,2.89,1.4,,season
2026,Jacob Latz,latzja01,L,201,30,TEX,AL,3,4,.429,2.13,58,1,43,0,0,30,72.0,35,19,17,6,23,7,83,0,0,3,271,183,2.84,0.806,4.4,0.8,2.9,10.4,3.61,2.6,AS,season
2026,Ryan Watson,watsory01,R,202,28,2TM,AL,1,1,.500,4.00,53,0,28,0,0,4,72.0,68,33,32,8,23,2,65,3,0,3,307,102,3.82,1.264,8.5,1.0,2.9,8.1,2.83,0.5,,season
2026,Ryan Watson,watsory01,R,202,28,BOS,AL,1,0,1.000,4.53,35,0,23,0,0,1,55.2,54,28,28,8,19,0,43,3,0,1,240,90,4.61,1.311,8.7,1.3,3.1,7.0,2.26,0.0,,stint
2026,Ryan Watson,watsory01,R,202,28,LAA,AL,0,1,.000,2.20,18,0,5,0,0,3,16.1,14,5,4,0,4,2,22,0,0,2,67,187,1.14,1.102,7.7,0.0,2.2,12.1,5.50,0.4,,stint
2026,Tyler Wells,wellsty01,R,203,31,2TM,AL,5,2,.714,2.38,57,0,19,0,0,6,72.0,47,23,19,8,18,1,72,2,0,2,277,175,3.38,0.903,5.9,1.0,2.3,9.0,4.00,2.3,,season
2026,Tyler Wells,wellsty01,R,203,31,TBR,AL,3,0,1.000,1.50,14,0,4,0,0,2,18.0,8,4,3,2,5,0,19,0,0,1,66,288,3.27,0.722,4.0,1.0,2.5,9.5,3.80,0.9,,stint
2026,Tyler Wells,wellsty01,R,203,31,BAL,AL,2,2,.500,2.67,43,0,15,0,0,4,54.0,39,19,16,6,13,1,53,2,0,1,211,153,3.42,0.963,6.5,1.0,2.2,8.8,4.08,1.4,,stint
2026,Enyel De Los Santos,delosen01,R,204,30,HOU,AL,3,3,.500,4.79,66,0,18,0,0,5,71.1,69,43,38,11,20,1,67,1,0,1,301,86,4.11,1.248,8.7,1.4,2.5,8.5,3.35,-0.3,,season
2026,Tyler Rogers,rogerty01,R,205,35,TOR,AL,2,3,.400,1.77,74,0,12,0,0,4,71.0,61,22,14,2,22,5,40,2,0,0,294,249,3.36,1.169,7.7,0.3,2.8,5.1,1.82,1.9,,season
2026,Casey Legumina,legumca01,R,206,29,2TM,AL,2,2,.500,3.82,54,6,9,0,0,0,70.2,71,30,30,7,19,3,55,8,0,0,300,110,3.98,1.274,9.0,0.9,2.4,7.0,2.89,0.4,,season
2026,Casey Legumina,legumca01,R,206,29,SEA,AL,0,1,.000,4.63,8,0,3,0,0,0,11.2,15,6,6,0,3,0,9,3,0,0,53,87,3.10,1.543,11.6,0.0,2.3,6.9,3.00,0.0,,stint
2026,Casey Legumina,legumca01,R,206,29,TBR,AL,2,1,.667,3.66,46,6,6,0,0,0,59.0,56,24,24,7,16,3,46,5,0,0,247,116,4.15,1.220,8.5,1.1,2.4,7.0,2.88,0.4,,stint
2026,Hogan Harris,harriho03,L,207,29,ATH,AL,4,2,.667,3.33,74,0,28,0,0,17,70.1,60,28,26,8,42,2,88,5,0,2,311,134,4.08,1.450,7.7,1.0,5.4,11.3,2.10,2.0,,season
2026,Trevor McDonald,mcdontr01,R,208,25,SFG,NL,3,7,.300,5.12,14,14,0,0,0,0,70.1,69,43,40,7,23,0,57,12,1,5,310,79,4.27,1.308,8.8,0.9,2.9,7.3,2.48,-0.2,,season
2026,Luinder Avila,avilalu02,R,209,24,KCR,AL,5,4,.556,5.53,21,12,0,0,0,0,70.0,71,43,43,7,42,0,61,2,1,1,309,76,4.54,1.614,9.1,0.9,5.4,7.8,1.45,-0.1,,season
2026,Juan Mejia,mejiaju01,R,210,25,COL,NL,4,6,.400,5.27,65,1,21,0,0,4,70.0,78,44,41,6,40,3,66,3,0,2,323,95,4.17,1.686,10.0,0.8,5.1,8.5,1.65,0.5,,season
2026,Mason Miller,millema03,R,211,27,SDP,NL,5,2,.714,1.67,66,0,57,0,0,38,70.0,37,16,13,3,26,1,129,2,0,6,272,246,1.17,0.900,4.8,0.4,3.3,16.6,4.96,3.1,AS,season
2026,Ryan Zeferjahn,zeferry01,R,212,28,2TM,2LG,4,4,.500,3.88,65,0,24,0,0,7,69.2,49,33,30,7,40,5,94,9,0,4,304,106,3.82,1.278,6.3,0.9,5.2,12.1,2.35,0.6,,season
2026,Ryan Zeferjahn,zeferry01,R,212,28,LAA,AL,4,3,.571,3.66,45,0,17,0,0,4,51.2,30,23,21,5,32,3,75,8,0,1,224,111,3.78,1.200,5.2,0.9,5.6,13.1,2.34,0.7,,stint
2026,Ryan Zeferjahn,zeferry01,R,212,28,CHC,NL,0,1,.000,4.50,20,0,7,0,0,3,18.0,19,10,9,2,8,2,19,1,0,3,80,95,3.94,1.500,9.5,1.0,4.0,9.5,2.38,0.0,,stint
2026,David Bednar,bednada01,R,213,31,NYY,AL,7,3,.700,2.47,64,0,56,0,0,35,69.1,52,25,19,4,20,2,76,2,0,2,280,171,2.61,1.038,6.8,0.5,2.6,9.9,3.80,2.0,,season
2026,Ben Brown,brownbe02,R,214,26,CHC,NL,4,2,.667,1.85,20,8,2,0,0,1,68.0,45,16,14,2,19,0,65,2,0,6,265,228,2.50,0.941,6.0,0.3,2.5,8.6,3.42,2.2,,season
2026,Mason Montgomery,montgma01,L,215,26,PIT,NL,6,4,.600,2.93,69,5,30,0,0,17,67.2,45,23,22,6,26,2,103,1,0,2,275,150,2.41,1.049,6.0,0.8,3.5,13.7,3.96,2.4,,season
2026,Steven Okert,okertst01,L,216,34,HOU,AL,6,2,.750,2.13,68,1,1,0,0,0,67.2,45,17,16,7,14,0,68,4,0,1,261,194,3.24,0.872,6.0,0.9,1.9,9.0,4.86,2.3,,season
2026,JR Ritchie,ritchjr01,R,217,23,ATL,NL,1,4,.200,4.79,16,10,2,0,0,1,67.2,58,39,36,12,41,1,66,6,0,1,300,88,5.54,1.463,7.7,1.6,5.5,8.8,1.61,0.0,,season
2026,Calvin Faucher,fauchca01,R,218,30,MIA,NL,5,5,.500,3.34,68,0,13,0,0,3,67.1,51,31,25,1,36,1,71,4,0,6,288,120,2.97,1.292,6.8,0.1,4.8,9.5,1.97,0.6,,season
2026,Bryan Hudson,hudsobr01,L,219,29,CHW,AL,5,4,.556,3.74,70,9,15,0,0,8,67.1,68,31,28,5,18,2,59,4,2,1,282,113,3.30,1.277,9.1,0.7,2.4,7.9,3.28,0.9,,season
2026,Tim Mayza,mayzati01,L,220,34,PHI,NL,3,4,.429,3.48,60,6,14,0,0,0,67.1,58,28,26,7,18,2,64,1,1,2,271,130,3.40,1.129,7.8,0.9,2.4,8.6,3.56,1.5,,season
2026,Rico Garcia,garciri01,R,221,32,BAL,AL,5,1,.833,3.09,75,0,24,0,0,10,67.0,43,26,23,9,22,3,68,2,0,0,265,132,3.89,0.970,5.8,1.2,3.0,9.1,3.09,1.5,,season
2026,Kevin Ginkel,ginkeke01,R,222,32,ARI,NL,6,4,.600,4.16,73,0,15,0,0,3,67.0,58,34,31,9,17,1,71,1,1,4,272,100,3.53,1.119,7.8,1.2,2.3,9.5,4.18,0.3,,season
2026,Dylan Lee,leedy01,L,223,31,ATL,NL,6,1,.857,3.09,71,0,2,0,0,0,67.0,48,25,23,3,17,1,77,0,0,0,262,137,2.15,0.970,6.4,0.4,2.3,10.3,4.53,1.3,,season
2026,Jonathan Loáisiga,loaisjo01,R,224,31,ARI,NL,7,3,.700,2.42,67,0,17,0,0,2,67.0,56,20,18,3,13,3,48,1,0,0,261,172,2.88,1.030,7.5,0.4,1.7,6.4,3.69,1.7,,season
2026,Gregory Soto,sotogr01,L,225,31,PIT,NL,6,5,.545,3.63,69,0,28,0,0,16,67.0,49,31,27,5,29,2,79,7,1,8,285,121,3.33,1.164,6.6,0.7,3.9,10.6,2.72,1.2,,season
2026,Yoendrys Gómez,gomezyo01,R,226,26,2TM,AL,3,4,.429,4.30,65,0,42,0,0,22,67.0,58,36,32,7,39,3,65,3,2,3,297,99,4.40,1.448,7.8,0.9,5.2,8.7,1.67,0.7,,season
2026,Yoendrys Gómez,gomezyo01,R,226,26,MIN,AL,3,4,.429,3.62,56,0,35,0,0,21,49.2,39,23,20,2,29,1,52,2,1,2,215,118,3.40,1.369,7.1,0.4,5.3,9.4,1.79,1.0,,stint
2026,Yoendrys Gómez,gomezyo01,R,226,26,TBR,AL,0,0,,6.23,9,0,7,0,0,1,17.1,19,13,12,5,10,2,13,1,1,1,82,69,7.26,1.673,9.9,2.6,5.2,6.8,1.30,-0.3,,stint
2026,Huascar Brazobán,brazohu01,R,227,36,2TM,2LG,6,2,.750,2.96,60,6,3,0,0,0,67.0,44,23,22,5,29,1,56,1,0,1,267,139,3.74,1.090,5.9,0.7,3.9,7.5,1.93,1.5,,season
2026,Huascar Brazobán,brazohu01,R,227,36,CHW,AL,1,0,1.000,4.40,14,0,1,0,0,0,14.1,14,7,7,2,6,0,7,0,0,0,60,98,5.20,1.395,8.8,1.3,3.8,4.4,1.17,0.1,,stint
2026,Huascar Brazobán,brazohu01,R,227,36,NYM,NL,5,2,.714,2.56,46,6,2,0,0,0,52.2,30,16,15,3,23,1,49,1,0,1,207,159,3.35,1.006,5.1,0.5,3.9,8.4,2.13,1.4,,stint
2026,Matt Festa,festama01,R,228,33,CLE,AL,2,3,.400,3.78,66,0,20,0,0,1,66.2,66,32,28,7,21,0,69,6,1,0,289,108,3.61,1.305,8.9,0.9,2.8,9.3,3.29,0.4,,season
2026,Eduard Bazardo,bazared01,R,229,30,SEA,AL,3,4,.429,3.93,72,0,5,0,0,1,66.1,71,33,29,13,24,2,67,2,0,1,291,100,4.81,1.432,9.6,1.8,3.3,9.1,2.79,0.3,,season
2026,George Soriano,soriage01,R,230,27,STL,NL,6,5,.545,4.23,70,0,12,0,0,4,66.0,57,33,31,10,35,2,66,3,0,1,290,93,4.80,1.394,7.8,1.4,4.8,9.0,1.89,0.1,,season
2026,Jacob Webb,webbja01,R,231,32,CHC,NL,6,5,.545,3.41,67,0,27,0,0,9,66.0,59,28,25,10,25,0,72,1,0,0,281,124,4.07,1.273,8.0,1.4,3.4,9.8,2.88,0.5,,season
2026,Jeff Hoffman,hoffmje02,R,232,33,2TM,AL,6,8,.429,3.55,71,0,23,0,0,6,66.0,57,33,26,4,30,5,102,7,1,4,292,124,2.48,1.318,7.8,0.5,4.1,13.9,3.40,0.5,,season
2026,Jeff Hoffman,hoffmje02,R,232,33,MIN,AL,0,1,.000,2.50,20,0,6,0,0,1,18.0,9,5,5,0,12,1,27,2,0,1,77,173,2.44,1.167,4.5,0.0,6.0,13.5,2.25,0.6,,stint
2026,Jeff Hoffman,hoffmje02,R,232,33,TOR,AL,6,7,.462,3.94,51,0,17,0,0,5,48.0,48,28,21,4,18,4,75,5,1,3,215,112,2.50,1.375,9.0,0.8,3.4,14.1,4.17,-0.2,,stint
2026,Simeon Woods Richardson,woodssi01,R,233,25,2TM,AL,2,7,.222,6.68,20,10,4,0,0,0,66.0,79,54,49,11,37,0,40,2,1,2,303,65,5.83,1.758,10.8,1.5,5.0,5.5,1.08,-1.2,,season
2026,Simeon Woods Richardson,woodssi01,R,233,25,MIN,AL,0,7,.000,7.74,12,10,1,0,0,0,47.2,65,46,41,9,25,0,26,2,0,2,227,55,6.16,1.888,12.3,1.7,4.7,4.9,1.04,-1.3,,stint
2026,Simeon Woods Richardson,woodssi01,R,233,25,TOR,AL,2,0,1.000,3.93,8,0,3,0,0,0,18.1,14,8,8,2,12,0,14,0,1,0,76,114,4.96,1.418,6.9,1.0,5.9,6.9,1.17,0.2,,stint
2026,Patrick Sandoval,sandopa02,L,234,29,BOS,AL,1,7,.125,5.07,14,13,0,0,0,0,65.2,79,41,37,7,31,0,68,2,0,3,299,81,3.92,1.675,10.8,1.0,4.2,9.3,2.19,-0.5,,season
2026,Jovani Morán,moranjo01,L,235,29,BOS,AL,2,3,.400,3.18,49,3,12,0,0,0,65.0,40,24,23,9,32,2,72,2,1,2,268,128,4.26,1.108,5.5,1.2,4.4,10.0,2.25,0.8,,season
2026,Jose A. Ferrer,ferrejo01,L,236,26,SEA,AL,4,4,.500,4.18,73,0,7,0,0,3,64.2,75,33,30,7,20,2,54,7,0,5,295,94,4.09,1.469,10.4,1.0,2.8,7.5,2.70,0.2,,season
2026,Michael Petersen,petermi01,R,237,32,MIA,NL,3,4,.429,3.08,64,0,6,0,0,1,64.1,45,25,22,5,28,2,81,4,0,1,264,131,3.09,1.135,6.3,0.7,3.9,11.3,2.89,1.1,,season
2026,Brennan Bernardino,bernabr01,L,238,34,COL,NL,4,3,.571,2.81,74,2,11,0,0,2,64.0,59,25,20,5,15,1,49,5,0,1,267,178,3.52,1.156,8.3,0.7,2.1,6.9,3.27,2.2,,season
2026,Kyle Hart,hartky01,L,239,33,SDP,NL,1,3,.250,4.92,46,4,6,0,0,0,64.0,51,37,35,5,26,0,59,3,1,2,268,83,3.63,1.203,7.2,0.7,3.7,8.3,2.27,-0.3,,season
2026,Gabriel Hughes,hughega01,R,240,24,COL,NL,0,8,.000,6.33,14,13,1,0,0,1,64.0,68,46,45,7,24,1,56,3,0,3,283,79,4.04,1.438,9.6,1.0,3.4,7.9,2.33,0.1,,season
2026,Jack Kochanowicz,kochaja01,R,241,25,LAA,AL,2,5,.286,6.19,13,13,0,0,0,0,64.0,65,47,44,7,36,1,47,5,0,6,296,65,4.98,1.578,9.1,1.0,5.1,6.6,1.31,-0.8,,season
2026,Yuki Matsui,matsuyu01,L,242,30,SDP,NL,5,1,.833,1.83,54,0,11,0,0,1,64.0,37,14,13,7,36,3,68,2,0,4,260,225,4.18,1.141,5.2,1.0,5.1,9.6,1.89,2.2,,season
2026,Juan Morillo,morilju02,R,243,27,ARI,NL,5,4,.556,2.11,69,0,17,0,0,3,64.0,42,17,15,3,23,1,73,5,0,4,260,197,2.74,1.016,5.9,0.4,3.2,10.3,3.17,2.2,,season
2026,Riley O'Brien,obrieri01,R,244,31,STL,NL,3,9,.250,4.08,66,0,54,0,0,38,64.0,53,35,29,5,29,4,64,10,0,7,276,97,3.95,1.281,7.5,0.7,4.1,9.0,2.21,0.0,AS,season
2026,Tanner Scott,scottta01,L,245,31,LAD,NL,1,6,.143,2.69,69,0,35,0,0,25,63.2,48,20,19,4,15,4,82,1,0,1,251,156,2.10,0.990,6.8,0.6,2.1,11.6,5.47,1.8,,season
2026,Ryan Yarbrough,yarbrry01,L,246,34,NYY,AL,2,1,.667,3.69,38,2,19,0,0,3,63.1,54,33,26,3,23,1,49,4,1,1,268,114,3.45,1.216,7.7,0.4,3.3,7.0,2.13,0.3,,season
2026,Cristian Javier,javiecr01,R,247,29,HOU,AL,2,6,.250,5.14,17,12,2,0,0,0,63.0,64,36,36,10,28,0,59,2,0,0,276,80,4.72,1.460,9.1,1.4,4.0,8.4,2.11,0.1,,season
2026,Ryan Rolison,rolisry01,L,248,28,CHC,NL,9,2,.818,3.14,60,2,15,0,0,3,63.0,53,24,22,6,28,1,55,0,0,5,256,135,3.93,1.286,7.6,0.9,4.0,7.9,1.96,1.0,,season
2026,Albert Suárez,suareal01,R,249,36,BAL,AL,3,0,1.000,3.86,28,0,18,0,0,1,63.0,57,32,27,8,20,0,46,0,0,1,262,106,4.24,1.222,8.1,1.1,2.9,6.6,2.30,0.2,,season
2026,Bryan Abreu,abreubr01,R,250,29,HOU,AL,6,4,.600,3.73,66,0,28,0,0,9,62.2,44,28,26,9,41,0,80,5,0,7,268,111,4.62,1.356,6.3,1.3,5.9,11.5,1.95,1.0,,season
2026,Jack Dreyer,dreyeja01,L,251,27,LAD,NL,5,2,.714,3.16,66,2,17,0,0,2,62.2,46,22,22,7,23,4,71,2,1,4,254,133,3.48,1.101,6.6,1.0,3.3,10.2,3.09,1.2,,season
2026,Yusei Kikuchi,kikucyu01,L,252,35,LAA,AL,1,6,.143,4.88,13,13,0,0,0,0,62.2,68,35,34,7,29,1,60,2,2,3,282,83,4.12,1.548,9.8,1.0,4.2,8.6,2.07,0.4,,season
2026,Luis Severino,severlu01,R,253,32,ATH,AL,2,6,.250,4.16,12,12,0,0,0,0,62.2,61,33,29,9,31,0,65,2,1,0,271,107,4.47,1.468,8.8,1.3,4.5,9.3,2.10,1.0,,season
2026,Ryne Stanek,stanery01,R,254,34,STL,NL,2,3,.400,4.02,70,0,7,0,0,2,62.2,52,31,28,9,32,1,65,2,0,4,267,98,4.52,1.340,7.5,1.3,4.6,9.3,2.03,0.2,,season
2026,Bryan Baker,bakerbr01,R,255,31,TBR,AL,4,2,.667,1.44,65,0,52,0,0,41,62.1,35,12,10,4,22,1,63,2,1,0,244,295,3.07,0.914,5.1,0.6,3.2,9.1,2.86,2.9,AS,season
2026,Seranthony Domínguez,dominse01,R,256,31,2TM,AL,5,3,.625,3.63,67,0,25,0,0,12,62.0,46,28,25,9,31,2,65,3,0,6,260,114,4.54,1.242,6.7,1.3,4.5,9.4,2.10,1.0,,season
2026,Seranthony Domínguez,dominse01,R,256,31,SEA,AL,1,0,1.000,3.04,24,0,4,0,0,0,23.2,18,8,8,3,8,0,18,1,0,1,95,130,4.37,1.099,6.8,1.1,3.0,6.8,2.25,0.6,,stint
2026,Seranthony Domínguez,dominse01,R,256,31,CHW,AL,4,3,.571,3.99,43,0,21,0,0,12,38.1,28,20,17,6,23,2,47,2,0,5,165,106,4.64,1.330,6.6,1.4,5.4,11.0,2.04,0.4,,stint
2026,Mason Fluharty,fluhama01,L,257,24,TOR,AL,7,1,.875,3.36,82,4,7,0,0,1,61.2,50,23,23,6,28,2,65,1,0,2,261,132,3.67,1.265,7.3,0.9,4.1,9.5,2.32,1.2,,season
2026,Trevor Megill,megiltr01,R,258,32,MIL,NL,3,3,.500,2.63,63,0,41,0,0,30,61.2,40,20,18,1,15,3,69,1,0,3,242,160,1.85,0.892,5.8,0.1,2.2,10.1,4.60,1.8,,season
2026,Kodai Senga,sengako01,R,259,33,NYM,NL,0,9,.000,7.34,31,8,16,0,0,8,61.1,60,51,50,14,41,0,75,4,0,2,283,55,5.82,1.647,8.8,2.1,6.0,11.0,1.83,-1.7,,season
2026,José Suarez,suarejo01,L,260,28,3TM,2LG,1,4,.200,5.87,45,2,15,0,0,1,61.1,72,43,40,6,27,1,61,3,3,3,277,76,3.85,1.614,10.6,0.9,4.0,9.0,2.26,-0.5,,season
2026,José Suarez,suarejo01,L,260,28,2TM,AL,1,3,.250,5.60,37,1,10,0,0,0,45.0,50,31,28,6,15,1,40,3,1,1,198,80,4.26,1.444,10.0,1.2,3.0,8.0,2.67,-0.1,,stint
2026,José Suarez,suarejo01,L,260,28,SEA,AL,0,0,,4.50,1,0,1,0,0,0,2.0,2,1,1,0,2,0,3,1,0,0,11,104,4.60,2.000,9.0,0.0,9.0,13.5,1.50,0.0,,stint
2026,José Suarez,suarejo01,L,260,28,ATH,AL,1,3,.250,5.65,36,1,9,0,0,0,43.0,48,30,27,6,13,1,37,2,1,1,187,79,4.24,1.419,10.0,1.3,2.7,7.7,2.85,-0.1,,stint
2026,José Suarez,suarejo01,L,260,28,ATL,NL,0,1,.000,6.61,8,1,5,0,0,1,16.1,22,12,12,0,12,0,21,0,2,2,79,65,2.73,2.082,12.1,0.0,6.6,11.6,1.75,-0.3,,stint
2026,Hayden Wesneski,wesneha01,R,261,28,HOU,AL,6,2,.750,3.25,11,11,0,0,0,0,61.0,49,27,22,4,20,0,46,2,1,2,246,127,3.53,1.131,7.2,0.6,3.0,6.8,2.30,1.0,,season
2026,Kyle Finnegan,finneky01,R,262,34,DET,AL,3,1,.750,4.30,63,0,9,0,0,2,60.2,67,31,29,10,34,0,47,1,0,0,270,98,5.43,1.665,9.9,1.5,5.0,7.0,1.38,0.3,,season
2026,Greg Weissert,weissgr01,R,263,31,BOS,AL,4,2,.667,3.26,63,0,7,0,0,1,60.2,55,23,22,8,20,2,60,3,0,0,255,125,3.98,1.236,8.2,1.2,3.0,8.9,3.00,0.7,,season
2026,JT Brubaker,brubajt01,R,264,32,SFG,NL,0,0,,3.58,41,1,15,0,0,2,60.1,49,27,24,5,26,0,39,2,0,6,250,112,4.28,1.243,7.3,0.7,3.9,5.8,1.50,0.4,,season
2026,Hunter Gaddis,gaddihu01,R,265,28,CLE,AL,6,3,.667,2.98,68,0,4,0,0,1,60.1,55,20,20,7,22,0,57,3,0,1,257,137,3.96,1.276,8.2,1.0,3.3,8.5,2.59,1.5,,season
2026,Taylor Rogers,rogerta01,L,266,35,MIN,AL,6,4,.600,4.33,65,0,18,0,0,2,60.1,65,35,29,5,31,6,54,5,0,0,276,98,4.18,1.591,9.7,0.7,4.6,8.1,1.74,0.2,,season
2026,John Schreiber,schrejo01,R,267,32,2TM,AL,2,4,.333,3.28,66,0,9,0,0,2,60.1,49,26,22,7,26,4,40,1,0,3,246,129,4.63,1.243,7.3,1.0,3.9,6.0,1.54,0.7,,season
2026,John Schreiber,schrejo01,R,267,32,NYY,AL,1,1,.500,1.64,11,0,4,0,0,1,11.0,8,3,2,0,4,1,4,0,0,0,43,265,3.47,1.091,6.5,0.0,3.3,3.3,1.00,0.4,,stint
2026,John Schreiber,schrejo01,R,267,32,KCR,AL,1,3,.250,3.65,55,0,5,0,0,1,49.1,41,23,20,7,22,3,36,1,0,3,203,116,4.89,1.277,7.5,1.3,4.0,6.6,1.64,0.4,,stint
2026,Luke Weaver,weavelu01,R,268,32,2TM,NL,4,1,.800,2.69,60,0,6,0,0,1,60.1,42,19,18,5,16,1,65,3,0,0,238,156,2.97,0.961,6.3,0.7,2.4,9.7,4.06,1.9,,season
2026,Luke Weaver,weavelu01,R,268,32,PIT,NL,2,0,1.000,4.96,18,0,2,0,0,0,16.1,17,9,9,2,5,0,20,1,0,0,69,90,3.35,1.347,9.4,1.1,2.8,11.0,4.00,0.0,,stint
2026,Luke Weaver,weavelu01,R,268,32,NYM,NL,2,1,.667,1.84,42,0,4,0,0,1,44.0,25,10,9,3,11,1,45,2,0,0,169,221,2.83,0.818,5.1,0.6,2.3,9.2,4.09,1.8,,stint
2026,Mitch Farris,farrimi01,L,269,25,LAA,AL,1,4,.200,4.05,33,0,14,0,0,1,60.0,60,29,27,10,29,1,63,1,0,7,258,100,4.67,1.483,9.0,1.5,4.4,9.5,2.17,0.3,,season
2026,Edgardo Henriquez,henried01,R,270,24,LAD,NL,4,1,.800,2.85,61,1,9,0,0,2,60.0,37,25,19,1,25,0,71,6,1,4,242,147,2.50,1.033,5.6,0.2,3.8,10.7,2.84,0.8,,season
2026,Raisel Iglesias,iglesra01,R,271,36,ATL,NL,1,2,.333,2.55,59,0,49,0,0,34,60.0,48,21,17,6,17,1,64,1,1,0,239,166,3.17,1.083,7.2,0.9,2.6,9.6,3.76,1.5,AS,season
2026,Alex Lange,langeal01,R,272,30,KCR,AL,2,7,.222,6.75,59,0,28,0,0,10,60.0,65,47,45,13,33,0,60,6,0,6,275,62,5.87,1.633,9.8,2.0,5.0,9.0,1.82,-1.5,,season
2026,DL Hall,halldl01,L,273,27,MIL,NL,4,0,1.000,1.96,46,1,13,0,0,0,59.2,29,13,13,5,34,0,63,2,0,6,235,214,3.89,1.056,4.4,0.8,5.1,9.5,1.85,1.9,,season
2026,Bryan King,kingbr02,L,274,29,HOU,AL,3,6,.333,5.28,59,1,16,0,0,6,59.2,67,39,35,9,22,2,49,6,0,2,272,78,4.83,1.492,10.1,1.4,3.3,7.4,2.23,-0.8,,season
2026,Anthony Nunez,nunezan01,R,275,24,BAL,AL,3,2,.600,4.07,52,0,10,0,0,3,59.2,47,31,27,5,26,2,66,4,1,5,255,100,3.49,1.223,7.1,0.8,3.9,10.0,2.54,0.2,,season
2026,Chase Silseth,silsech01,R,276,26,2TM,AL,3,3,.500,3.32,72,0,11,0,0,0,59.2,53,24,22,5,35,4,73,4,0,5,267,121,3.71,1.475,8.0,0.8,5.3,11.0,2.09,1.0,,season
2026,Chase Silseth,silsech01,R,276,26,TEX,AL,0,1,.000,4.50,25,0,3,0,0,0,20.0,19,10,10,2,13,3,25,3,0,0,93,87,4.30,1.600,8.6,0.9,5.9,11.3,1.92,0.0,,stint
2026,Chase Silseth,silsech01,R,276,26,LAA,AL,3,2,.600,2.72,47,0,8,0,0,0,39.2,34,14,12,3,22,1,48,1,0,5,174,149,3.40,1.412,7.7,0.7,5.0,10.9,2.18,1.1,,stint
2026,Tommy Nance,nanceto01,R,277,35,2TM,AL,3,3,.500,3.92,57,0,13,0,0,0,59.2,59,28,26,8,24,2,68,1,1,3,258,112,3.82,1.391,8.9,1.2,3.6,10.3,2.83,0.7,,season
2026,Tommy Nance,nanceto01,R,277,35,MIN,AL,2,1,.667,4.05,25,0,9,0,0,0,26.2,30,13,12,3,11,1,34,1,1,1,119,106,3.36,1.538,10.1,1.0,3.7,11.5,3.09,0.4,,stint
2026,Tommy Nance,nanceto01,R,277,35,TOR,AL,1,2,.333,3.82,32,0,4,0,0,0,33.0,29,15,14,5,13,1,34,0,0,2,139,116,4.19,1.273,7.9,1.4,3.5,9.3,2.62,0.3,,stint
2026,Camilo Doval,dovalca01,R,278,28,3TM,2LG,3,2,.600,4.22,65,0,15,0,0,1,59.2,57,38,28,7,32,2,65,3,0,3,269,102,4.21,1.492,8.6,1.1,4.8,9.8,2.03,-0.3,,season
2026,Camilo Doval,dovalca01,R,278,28,2TM,NL,0,1,.000,3.60,21,0,5,0,0,0,20.0,19,9,8,1,14,1,26,1,0,1,91,125,3.40,1.650,8.6,0.5,6.3,11.7,1.86,0.4,,stint
2026,Camilo Doval,dovalca01,R,278,28,NYY,AL,3,1,.750,4.54,44,0,10,0,0,1,39.2,38,29,20,6,18,1,39,2,0,2,178,93,4.61,1.412,8.6,1.4,4.1,8.8,2.17,-0.7,,stint
2026,Camilo Doval,dovalca01,R,278,28,SFG,NL,0,0,,0.00,1,0,0,0,0,0,1.0,0,0,0,0,0,0,3,0,0,0,3,,-2.90,0.000,0.0,0.0,0.0,27.0,,0.1,,stint
2026,Camilo Doval,dovalca01,R,278,28,PIT,NL,0,1,.000,3.79,20,0,5,0,0,0,19.0,19,9,8,1,14,1,23,1,0,1,88,118,3.73,1.737,9.0,0.5,6.6,10.9,1.64,0.4,,stint
2026,Abner Uribe,uribeab01,R,279,26,MIL,NL,6,3,.667,1.97,61,0,17,0,0,6,59.1,42,13,13,3,19,2,62,1,0,2,234,213,2.68,1.028,6.4,0.5,2.9,9.4,3.26,2.3,,season
2026,Travis Adams,adamstr01,R,280,26,MIN,AL,3,0,1.000,4.58,40,0,9,0,0,3,59.0,53,32,30,8,25,0,62,0,0,3,247,93,4.03,1.322,8.1,1.2,3.8,9.5,2.48,0.4,,season
2026,Grant Anderson,andergr01,R,281,29,MIL,NL,3,3,.500,3.36,52,0,9,0,0,0,59.0,43,27,22,8,23,2,52,1,0,1,235,125,4.32,1.119,6.6,1.2,3.5,7.9,2.26,0.4,,season
2026,Steven Cruz,cruzst01,R,282,27,KCR,AL,2,4,.333,4.30,56,2,24,0,0,8,58.2,54,30,28,14,20,2,65,3,0,1,246,98,5.16,1.261,8.3,2.1,3.1,10.0,3.25,0.3,,season
2026,Tim Hill,hillti01,L,283,36,NYY,AL,5,2,.714,4.60,67,0,11,0,0,2,58.2,54,33,30,12,13,2,25,7,0,1,241,92,5.93,1.142,8.3,1.8,2.0,3.8,1.92,0.0,,season
2026,Victor Vodnik,vodnivi01,R,284,26,2TM,NL,3,3,.500,4.91,53,0,17,0,0,4,58.2,58,37,32,3,33,1,44,3,0,6,266,95,4.11,1.551,8.9,0.5,5.1,6.8,1.33,0.1,,season
2026,Victor Vodnik,vodnivi01,R,284,26,COL,NL,3,3,.500,5.25,33,0,12,0,0,4,36.0,42,24,21,3,19,1,26,1,0,4,163,95,4.41,1.694,10.5,0.8,4.8,6.5,1.37,0.1,,stint
2026,Victor Vodnik,vodnivi01,R,284,26,MIA,NL,0,0,,4.37,20,0,5,0,0,0,22.2,16,13,11,0,14,0,18,2,0,2,103,93,3.63,1.324,6.4,0.0,5.6,7.1,1.29,0.0,,stint
2026,José Alvarado,alvarjo03,L,285,31,PHI,NL,5,4,.556,5.86,68,0,6,0,0,1,58.1,65,40,38,5,31,4,70,8,0,5,273,77,3.82,1.646,10.0,0.8,4.8,10.8,2.26,-0.4,,season
2026,Jhoan Duran,duranjh01,R,286,28,PHI,NL,2,6,.250,1.85,60,0,54,0,0,33,58.1,49,14,12,2,10,1,82,4,0,3,233,245,1.46,1.011,7.6,0.3,1.5,12.7,8.20,3.3,AS,season
2026,Orion Kerkering,kerkeor01,R,287,25,PHI,NL,7,1,.875,4.97,62,0,8,0,0,2,58.0,50,36,32,5,34,1,63,7,0,2,268,91,4.17,1.448,7.8,0.8,5.3,9.8,1.85,0.1,,season
2026,Ron Marinaccio,marinro01,R,288,30,3TM,NL,1,0,1.000,6.09,41,0,16,0,0,0,57.2,61,39,39,11,27,0,48,7,1,6,260,69,5.69,1.526,9.5,1.7,4.2,7.5,1.78,-0.4,,season
2026,Ron Marinaccio,marinro01,R,288,30,SDP,NL,1,0,1.000,4.79,33,0,12,0,0,0,47.0,50,25,25,9,18,0,38,3,1,3,203,86,5.31,1.447,9.6,1.7,3.4,7.3,2.11,0.0,,stint
2026,Ron Marinaccio,marinro01,R,288,30,PIT,NL,0,0,,6.75,4,0,0,0,0,0,5.1,5,4,4,1,2,0,4,2,0,2,25,69,6.29,1.313,8.4,1.7,3.4,6.8,2.00,0.0,,stint
2026,Ron Marinaccio,marinro01,R,288,30,CIN,NL,0,0,,16.88,4,0,4,0,0,0,5.1,6,10,10,1,7,0,6,2,0,1,32,26,8.35,2.438,10.1,1.7,11.8,10.1,0.86,-0.4,,stint
2026,Andrés Muñoz,munozan01,R,289,27,SEA,AL,5,6,.455,4.24,61,0,48,0,0,28,57.1,46,29,27,9,24,0,89,1,1,2,240,93,3.35,1.221,7.2,1.4,3.8,14.0,3.71,0.1,,season
2026,Tyler Kinley,kinlety01,R,290,35,2TM,2LG,7,5,.583,3.45,64,0,17,0,0,1,57.1,40,24,22,10,26,4,48,3,0,1,232,123,5.21,1.151,6.3,1.6,4.1,7.5,1.85,0.9,,season
2026,Tyler Kinley,kinlety01,R,290,35,DET,AL,1,0,1.000,1.84,15,0,2,0,0,0,14.2,5,3,3,1,6,0,6,1,0,0,53,233,4.60,0.750,3.1,0.6,3.7,3.7,1.00,0.5,,stint
2026,Tyler Kinley,kinlety01,R,290,35,ATL,NL,6,5,.545,4.01,49,0,15,0,0,1,42.2,35,21,19,9,20,4,42,2,0,1,179,106,5.42,1.289,7.4,1.9,4.2,8.9,2.10,0.4,,stint
2026,Alex Vesia,vesiaal01,L,291,30,LAD,NL,2,1,.667,2.68,71,0,9,0,0,3,57.0,30,18,17,4,32,3,73,0,1,0,234,156,3.14,1.088,4.7,0.6,5.1,11.5,2.28,1.4,,season
2026,Chris Paddack,paddach01,R,292,30,3TM,2LG,0,7,.000,6.79,14,9,2,0,0,0,57.0,76,44,43,9,19,0,40,2,0,4,267,61,4.86,1.667,12.0,1.4,3.0,6.3,2.11,-0.8,,season
2026,Chris Paddack,paddach01,R,292,30,2TM,NL,0,7,.000,6.96,13,9,2,0,0,0,53.0,69,42,41,8,19,0,39,2,0,4,248,59,4.78,1.660,11.7,1.4,3.2,6.6,2.05,-0.9,,stint
2026,Chris Paddack,paddach01,R,292,30,TEX,AL,0,0,,4.50,1,0,0,0,0,0,4.0,7,2,2,1,0,0,1,0,0,0,19,94,5.85,1.750,15.8,2.3,0.0,2.3,,0.0,,stint
2026,Chris Paddack,paddach01,R,292,30,MIA,NL,0,5,.000,7.63,7,6,0,0,0,0,30.2,41,27,26,6,10,0,27,1,0,2,146,53,4.96,1.663,12.0,1.8,2.9,7.9,2.70,-0.8,,stint
2026,Chris Paddack,paddach01,R,292,30,CIN,NL,0,2,.000,6.04,6,3,2,0,0,0,22.1,28,15,15,2,9,0,12,1,0,2,102,70,4.53,1.657,11.3,0.8,3.6,4.8,1.33,-0.1,,stint
2026,Tim Herrin,herriti01,L,293,29,CLE,AL,3,4,.429,3.02,67,0,8,0,0,0,56.2,46,22,19,5,28,3,54,5,0,3,240,136,4.09,1.306,7.3,0.8,4.4,8.6,1.93,0.9,,season
2026,Blade Tidwell,tidwebl01,R,294,25,SFG,NL,1,2,.333,4.45,17,9,6,0,0,1,56.2,46,29,28,8,21,0,46,6,0,0,235,91,4.74,1.182,7.3,1.3,3.3,7.3,2.19,0.3,,season
2026,Dennis Santana,santade01,R,295,30,2TM,NL,2,5,.286,5.56,57,0,25,0,0,3,56.2,56,38,35,10,25,2,49,3,1,1,250,79,5.15,1.429,8.9,1.6,4.0,7.8,1.96,-0.4,,season
2026,Dennis Santana,santade01,R,295,30,PIT,NL,2,5,.286,6.05,44,0,22,0,0,2,41.2,42,30,28,8,21,2,37,2,1,1,186,73,5.48,1.512,9.1,1.7,4.5,8.0,1.76,-0.5,,stint
2026,Dennis Santana,santade01,R,295,30,ARI,NL,0,0,,4.20,13,0,3,0,0,1,15.0,14,8,7,2,4,0,12,1,0,0,64,101,4.24,1.200,8.4,1.2,2.4,7.2,3.00,0.0,,stint
2026,Jonathan Bowlan,bowlajo01,R,296,29,PHI,NL,2,2,.500,3.36,59,0,8,0,0,2,56.1,43,23,21,8,15,0,73,4,0,0,229,135,3.37,1.030,6.9,1.3,2.4,11.7,4.87,1.3,,season
2026,Sam Moll,mollsa01,L,297,34,CIN,NL,2,7,.222,4.79,65,0,7,0,0,1,56.1,54,36,30,5,30,2,56,6,0,2,257,88,4.18,1.491,8.6,0.8,4.8,8.9,1.87,-0.3,,season
2026,Cole Sulser,sulseco01,R,298,36,TBR,AL,1,0,1.000,4.31,51,2,13,0,0,3,56.1,53,31,27,7,17,4,56,0,0,4,236,99,3.63,1.243,8.5,1.1,2.7,8.9,3.29,-0.3,,season
2026,JoJo Romero,romerjo01,L,299,29,2TM,NL,3,3,.500,3.36,55,0,4,0,0,0,56.1,51,22,21,7,18,2,54,4,0,0,238,120,3.97,1.225,8.1,1.1,2.9,8.6,3.00,0.9,,season
2026,JoJo Romero,romerjo01,L,299,29,STL,NL,1,3,.250,3.35,44,0,4,0,0,0,43.0,40,17,16,5,16,2,43,4,0,0,186,118,4.01,1.302,8.4,1.0,3.3,9.0,2.69,0.7,,stint
2026,JoJo Romero,romerjo01,L,299,29,MIL,NL,2,0,1.000,3.38,11,0,0,0,0,0,13.1,11,5,5,2,2,0,11,0,0,0,52,127,3.85,0.975,7.4,1.4,1.4,7.4,5.50,0.2,,stint
2026,Peyton Gray,graype02,R,300,31,TEX,AL,6,0,1.000,3.86,49,0,8,0,0,0,56.0,56,29,24,9,17,3,60,3,0,1,249,101,4.12,1.304,9.0,1.4,2.7,9.6,3.53,-0.1,,season
2026,Shane Bieber,biebesh01,R,301,31,TOR,AL,5,2,.714,4.37,11,11,0,0,0,0,55.2,55,28,27,10,24,0,44,0,0,1,242,101,5.15,1.419,8.9,1.6,3.9,7.1,1.83,0.6,,season
2026,Tejay Antone,antonte01,R,302,32,CIN,NL,3,2,.600,3.11,58,0,13,0,0,1,55.0,43,22,19,6,17,2,57,7,0,0,234,135,3.76,1.091,7.0,1.0,2.8,9.3,3.35,1.2,,season
2026,Kris Bubic,bubickr01,L,303,28,2TM,2LG,4,2,.667,3.76,14,9,1,0,0,0,55.0,40,23,23,4,26,0,56,2,0,4,226,113,3.54,1.200,6.5,0.7,4.3,9.2,2.15,1.1,,season
2026,Kris Bubic,bubickr01,L,303,28,KCR,AL,3,2,.600,4.11,9,9,0,0,0,0,50.1,36,23,23,4,26,0,51,1,0,4,207,103,3.72,1.232,6.4,0.7,4.6,9.1,1.96,0.8,,stint
2026,Kris Bubic,bubickr01,L,303,28,LAD,NL,1,0,1.000,0.00,5,0,1,0,0,0,4.2,4,0,0,0,0,0,5,1,0,0,19,,1.60,0.857,7.7,0.0,0.0,9.6,,0.3,,stint
2026,Fernando Cruz,cruzfe01,R,304,36,NYY,AL,4,6,.400,3.13,61,0,9,0,0,2,54.2,41,23,19,7,32,2,67,2,0,4,234,135,4.18,1.335,6.8,1.2,5.3,11.0,2.09,1.2,,season
2026,Elvis Alvarado,alvarel01,R,305,27,ATH,AL,5,4,.556,4.00,55,0,26,0,0,6,54.0,44,25,24,10,25,2,62,2,1,3,225,112,4.71,1.278,7.3,1.7,4.2,10.3,2.48,1.0,,season
2026,Hunter Dobbins,dobbihu01,R,306,26,STL,NL,3,3,.500,3.67,11,8,3,0,0,1,54.0,49,24,22,7,24,0,52,2,0,0,231,108,4.31,1.352,8.2,1.2,4.0,8.7,2.17,0.7,,season
2026,Jakob Junis,junisja01,R,307,33,TEX,AL,1,3,.250,3.50,52,1,12,0,0,6,54.0,51,21,21,4,15,3,37,5,1,3,230,111,3.81,1.222,8.5,0.7,2.5,6.2,2.47,0.8,,season
2026,Stephen Kolek,kolekst01,R,308,29,KCR,AL,4,3,.571,4.50,10,10,0,1,1,0,54.0,55,30,27,8,12,0,34,2,0,2,224,94,4.55,1.241,9.2,1.3,2.0,5.7,2.83,0.2,,season
2026,José Fermin,fermijo02,R,309,24,LAA,AL,4,3,.571,3.86,53,0,12,0,0,1,53.2,49,27,23,6,25,2,62,4,0,3,238,105,3.87,1.379,8.2,1.0,4.2,10.4,2.48,0.3,,season
2026,Jimmy Herget,hergeji01,R,310,32,COL,NL,0,6,.000,5.70,51,3,15,0,0,3,53.2,56,37,34,10,26,2,47,3,0,3,237,88,5.39,1.528,9.4,1.7,4.4,7.9,1.81,0.2,,season
2026,Tobias Myers,myersto01,R,311,27,NYM,NL,1,2,.333,5.53,32,3,9,0,0,2,53.2,56,36,33,9,16,1,41,0,0,1,230,74,4.65,1.342,9.4,1.5,2.7,6.9,2.56,-0.7,,season
2026,Chase Shugart,shugach01,R,312,29,PHI,NL,2,1,.667,4.02,46,0,21,0,0,0,53.2,43,28,24,10,20,1,59,4,0,0,223,113,4.67,1.174,7.2,1.7,3.4,9.9,2.95,0.8,,season
2026,Germán Márquez,marquge01,R,313,31,SDP,NL,4,2,.667,5.26,13,10,2,0,0,1,53.0,55,32,31,14,24,0,37,2,0,2,236,78,6.61,1.491,9.3,2.4,4.1,6.3,1.54,-0.2,,season
2026,Colin Holderman,holdeco01,R,314,30,CLE,AL,6,4,.600,2.73,54,0,9,0,0,1,52.2,35,18,16,1,20,1,50,10,0,2,222,150,3.16,1.044,6.0,0.2,3.4,8.5,2.50,1.3,,season
2026,Brooks Raley,raleybr01,L,315,38,2TM,NL,5,7,.417,3.25,61,0,7,0,0,1,52.2,47,22,19,6,20,1,51,3,0,1,224,129,3.96,1.272,8.0,1.0,3.4,8.7,2.55,1.1,,season
2026,Brooks Raley,raleybr01,L,315,38,PHI,NL,0,2,.000,7.94,16,0,2,0,0,1,11.1,17,10,10,4,5,0,11,0,0,0,54,58,7.07,1.941,13.5,3.2,4.0,8.7,2.20,-0.3,,stint
2026,Brooks Raley,raleybr01,L,315,38,NYM,NL,5,5,.500,1.96,45,0,5,0,0,0,41.1,30,12,9,2,15,1,40,3,0,1,170,208,3.10,1.089,6.5,0.4,3.3,8.7,2.67,1.4,,stint
2026,Garrett Whitlock,whitlga01,R,316,30,BOS,AL,7,2,.778,1.72,54,0,11,0,0,4,52.1,38,13,10,3,9,0,59,0,0,2,198,238,2.11,0.898,6.5,0.5,1.5,10.1,6.56,2.0,,season
2026,Grant Wolfram,wolfrgr01,L,317,29,BAL,AL,6,4,.600,4.30,60,0,7,0,0,1,52.1,53,30,25,3,16,1,61,4,0,1,226,95,2.66,1.318,9.1,0.5,2.8,10.5,3.81,-0.1,,season
2026,Paul Sewald,sewalpa01,R,318,36,2TM,2LG,2,5,.286,4.82,61,0,36,0,0,24,52.1,39,30,28,13,13,1,53,4,0,2,215,88,5.28,0.994,6.7,2.2,2.2,9.1,4.08,-0.6,,season
2026,Paul Sewald,sewalpa01,R,318,36,TOR,AL,0,0,,0.68,16,0,1,0,0,0,13.1,5,1,1,1,4,1,9,2,0,0,52,668,4.08,0.675,3.4,0.7,2.7,6.1,2.25,0.6,,stint
2026,Paul Sewald,sewalpa01,R,318,36,ARI,NL,2,5,.286,6.23,45,0,35,0,0,24,39.0,34,29,27,12,9,0,44,2,0,2,163,67,5.69,1.103,7.8,2.8,2.1,10.2,4.89,-1.2,,stint
2026,Aroldis Chapman,chapmar01,L,319,38,BOS,AL,3,4,.429,1.92,53,0,44,0,0,35,51.2,35,13,11,3,23,0,71,1,0,3,213,214,2.50,1.123,6.1,0.5,4.0,12.4,3.09,2.0,AS,season
2026,Erik Miller,milleer01,L,320,28,2TM,2LG,4,2,.667,2.98,57,1,13,0,0,5,51.1,37,18,17,3,34,3,74,5,0,6,227,137,3.26,1.383,6.5,0.5,6.0,13.0,2.18,0.9,,season
2026,Erik Miller,milleer01,L,320,28,BOS,AL,2,2,.500,3.38,19,1,2,0,0,1,18.2,14,8,7,1,12,1,29,3,0,4,85,123,3.10,1.393,6.8,0.5,5.8,14.0,2.42,0.1,,stint
2026,Erik Miller,milleer01,L,320,28,SFG,NL,2,0,1.000,2.76,38,0,11,0,0,4,32.2,23,10,10,2,22,2,45,2,0,2,142,147,3.35,1.378,6.3,0.6,6.1,12.4,2.05,0.7,,stint
2026,Kody Funderburk,fundeko01,L,321,29,MIN,AL,3,2,.600,3.71,58,0,4,0,0,1,51.0,43,21,21,3,27,1,49,2,0,2,222,115,3.65,1.373,7.6,0.5,4.8,8.6,1.81,0.8,,season
2026,Brandyn Garcia,garcibr02,L,322,26,ARI,NL,0,1,.000,1.97,56,0,15,0,0,5,50.1,26,12,11,3,11,1,59,6,0,1,187,211,2.55,0.735,4.6,0.5,2.0,10.5,5.36,1.9,,season
2026,Cade Gibson,gibsoca01,L,323,28,MIA,NL,6,2,.750,5.36,47,1,11,0,0,0,50.1,49,35,30,4,21,1,44,6,1,0,221,75,4.00,1.391,8.8,0.7,3.8,7.9,2.10,-0.7,,season
2026,Mason Barnett,barnema02,R,324,25,ATH,AL,1,4,.200,7.02,20,6,6,0,0,2,50.0,53,40,39,14,30,1,50,2,0,3,229,64,6.66,1.660,9.5,2.5,5.4,9.0,1.67,-0.6,,season
2026,Caleb Thielbar,thielca01,L,325,39,CHC,NL,3,4,.429,4.86,58,0,9,0,0,3,50.0,47,30,27,11,18,3,60,1,0,1,212,87,4.70,1.300,8.5,2.0,3.2,10.8,3.33,-0.4,,season
2026,Yennier Cano,canoye01,R,326,32,BAL,AL,4,3,.571,2.90,68,0,10,0,0,3,49.2,40,19,16,2,13,0,45,3,0,2,204,141,2.78,1.067,7.2,0.4,2.4,8.2,3.46,0.8,,season
2026,Dylan Dodd,dodddy01,L,327,28,ATL,NL,4,1,.800,2.54,48,0,7,0,0,2,49.2,31,14,14,7,14,1,53,3,0,1,194,167,3.83,0.906,5.6,1.3,2.5,9.6,3.79,1.4,,season
2026,John King,kingjo01,L,328,31,MIA,NL,6,2,.750,3.99,50,1,12,0,0,1,49.2,33,24,22,7,17,2,33,4,0,0,197,101,4.87,1.007,6.0,1.3,3.1,6.0,1.94,0.2,,season
2026,Brandon Williamson,willibr02,L,329,28,CIN,NL,5,4,.556,4.89,11,8,1,0,0,0,49.2,43,30,27,8,27,1,33,4,0,1,215,86,5.74,1.409,7.8,1.4,4.9,6.0,1.22,0.1,,season
2026,Quinn Mathews,mathequ01,L,330,25,STL,NL,2,4,.333,3.83,9,9,0,0,0,0,49.1,48,21,21,5,20,0,46,1,0,1,211,103,3.83,1.378,8.8,0.9,3.6,8.4,2.30,0.8,,season
2026,Austin Warren,warreau01,R,331,30,NYM,NL,2,3,.400,4.01,40,2,14,0,0,0,49.1,43,23,22,6,23,0,55,3,0,0,210,101,4.03,1.338,7.8,1.1,4.2,10.0,2.39,0.4,,season
2026,Sam Bachman,bachmsa01,R,332,26,LAA,AL,1,3,.250,4.81,44,0,6,0,0,1,48.2,41,27,26,7,29,1,49,4,0,2,217,84,4.99,1.438,7.6,1.3,5.4,9.1,1.69,-0.3,,season
2026,Pierce Johnson,johnspi01,R,333,35,CIN,NL,2,1,.667,4.62,56,0,10,0,0,1,48.2,47,25,25,8,19,0,42,0,0,3,211,91,4.68,1.356,8.7,1.5,3.5,7.8,2.21,0.5,,season
2026,Andrew Kittredge,kittran01,R,334,36,BAL,AL,3,3,.500,3.54,55,0,21,0,0,11,48.1,55,30,19,6,11,2,40,0,0,2,214,116,3.74,1.366,10.2,1.1,2.0,7.4,3.64,-0.4,,season
2026,Erik Sabrowski,sabroer01,L,335,28,CLE,AL,5,2,.714,2.61,60,0,5,0,0,1,48.1,26,17,14,3,31,2,76,2,0,5,203,157,2.81,1.179,4.8,0.6,5.8,14.2,2.45,1.3,,season
2026,Trent Thornton,thorntr01,R,336,32,CHC,NL,5,5,.500,3.35,48,0,13,0,0,3,48.1,41,21,18,8,17,2,31,3,0,1,196,127,5.21,1.200,7.6,1.5,3.2,5.8,1.82,0.6,,season
2026,Clayton Beeter,beetecl01,R,337,27,WSN,NL,6,5,.545,4.50,50,0,18,0,0,12,48.0,36,25,24,8,31,4,47,3,0,12,209,96,5.44,1.396,6.8,1.5,5.8,8.8,1.52,0.1,,season
2026,Jordan Hicks,hicksjo03,R,338,29,CHW,AL,3,2,.600,3.94,53,2,10,0,0,1,48.0,41,21,21,4,33,4,64,1,0,6,216,107,3.64,1.542,7.7,0.8,6.2,12.0,1.94,0.7,,season
2026,Jose Quintana,quintjo01,L,339,37,COL,NL,2,3,.400,5.44,11,11,0,0,0,0,48.0,52,32,29,10,20,1,25,1,1,1,212,92,6.08,1.500,9.8,1.9,3.8,4.7,1.25,0.4,,season
2026,Cole Winn,winnco01,R,340,26,TEX,AL,5,3,.625,5.63,51,1,9,0,0,1,48.0,54,32,30,7,16,1,49,1,0,4,215,69,4.02,1.458,10.1,1.3,3.0,9.2,3.06,-0.9,,season
2026,Caleb Kilian,kiliaca01,R,341,29,2TM,NL,4,7,.364,4.91,49,0,25,0,0,8,47.2,43,30,26,6,22,2,56,1,0,1,209,84,3.84,1.364,8.1,1.1,4.2,10.6,2.55,-0.3,,season
2026,Caleb Kilian,kiliaca01,R,341,29,PHI,NL,1,1,.500,13.50,4,0,2,0,0,0,3.1,4,7,5,1,2,0,3,0,0,0,16,37,7.00,1.800,10.8,2.7,5.4,8.1,1.50,-0.6,,stint
2026,Caleb Kilian,kiliaca01,R,341,29,SFG,NL,3,6,.333,4.26,45,0,23,0,0,8,44.1,39,23,21,5,20,2,53,1,0,1,193,95,3.60,1.331,7.9,1.0,4.1,10.8,2.65,0.3,,stint
2026,Will Dion,dionwi01,L,342,26,2TM,2LG,2,2,.500,3.78,26,1,11,0,0,1,47.2,41,24,20,8,16,0,53,1,0,1,193,113,4.13,1.196,7.7,1.5,3.0,10.0,3.31,0.4,,season
2026,Will Dion,dionwi01,L,342,26,CLE,AL,0,0,,4.58,12,0,9,0,0,0,19.2,24,14,10,4,3,0,25,1,0,0,85,91,3.81,1.373,11.0,1.8,1.4,11.4,8.33,-0.2,,stint
2026,Will Dion,dionwi01,L,342,26,WSN,NL,2,2,.500,3.21,14,1,2,0,0,1,28.0,17,10,10,4,13,0,28,0,0,1,108,135,4.35,1.071,5.5,1.3,4.2,9.0,2.15,0.6,,stint
2026,Lucas Erceg,erceglu01,R,343,31,KCR,AL,4,4,.500,5.70,51,0,28,0,0,12,47.1,54,35,30,5,32,2,33,6,0,4,224,74,5.49,1.817,10.3,1.0,6.1,6.3,1.03,-0.8,,season
2026,Jacob Waguespack,wagueja01,R,344,32,DET,AL,2,2,.500,2.49,35,1,11,0,0,0,47.0,25,14,13,6,18,0,35,2,0,2,183,170,4.55,0.915,4.8,1.1,3.4,6.7,1.94,1.3,,season
2026,Julian Garcia,garciju01,R,345,31,CIN,NL,2,3,.400,3.13,33,0,5,0,0,2,46.0,29,17,16,7,19,0,41,1,0,1,179,134,4.60,1.043,5.7,1.4,3.7,8.0,2.16,1.1,,season
2026,Jackson Jobe,jobeja01,R,346,23,DET,AL,3,3,.500,3.91,9,9,0,0,0,0,46.0,38,21,20,7,16,0,51,4,0,0,193,108,4.17,1.174,7.4,1.4,3.1,10.0,3.19,0.6,,season
2026,Gabe Speier,speiega01,L,347,31,SEA,AL,2,3,.400,2.93,54,0,8,0,0,1,46.0,35,17,15,5,15,2,45,5,0,0,190,134,3.86,1.087,6.8,1.0,2.9,8.8,3.00,1.0,,season
2026,Craig Kimbrel,kimbrcr01,R,348,38,3TM,2LG,1,5,.167,4.50,46,0,18,0,0,1,46.0,40,27,23,4,22,2,40,3,1,4,196,95,4.12,1.348,7.8,0.8,4.3,7.8,1.82,-0.1,,season
2026,Craig Kimbrel,kimbrcr01,R,348,38,2TM,AL,1,3,.250,3.77,32,0,9,0,0,1,31.0,24,15,13,1,16,1,25,3,1,3,132,114,3.75,1.290,7.0,0.3,4.6,7.3,1.56,0.1,,stint
2026,Craig Kimbrel,kimbrcr01,R,348,38,TBR,AL,0,0,,3.86,19,0,6,0,0,0,18.2,13,8,8,1,10,0,17,2,0,3,80,112,3.91,1.232,6.3,0.5,4.8,8.2,1.70,0.1,,stint
2026,Craig Kimbrel,kimbrcr01,R,348,38,KCR,AL,1,3,.250,3.65,13,0,3,0,0,1,12.1,11,7,5,0,6,1,8,1,1,0,52,118,3.51,1.378,8.0,0.0,4.4,5.8,1.33,0.0,,stint
2026,Craig Kimbrel,kimbrcr01,R,348,38,NYM,NL,0,2,.000,6.00,14,0,9,0,0,0,15.0,16,12,10,3,6,1,15,0,0,1,64,69,4.90,1.467,9.6,1.8,3.6,9.0,2.50,-0.2,,stint
2026,Kyle Hurt,hurtky01,R,349,28,LAD,NL,4,1,.800,4.14,44,1,10,0,0,1,45.2,38,23,21,5,23,1,58,1,0,1,198,102,3.56,1.336,7.5,1.0,4.5,11.4,2.52,0.1,,season
2026,Brandon Woodruff,woodrbr01,R,350,33,MIL,NL,2,2,.500,2.98,9,9,0,0,0,0,45.1,28,16,15,5,10,1,47,1,0,0,174,141,3.19,0.838,5.6,1.0,2.0,9.3,4.70,1.0,,season
2026,Nate Pearson,pearsna01,R,351,29,2TM,AL,2,4,.333,4.17,41,0,11,0,0,4,45.1,37,23,21,2,25,0,41,6,0,4,197,101,3.92,1.368,7.3,0.4,5.0,8.1,1.64,0.1,,season
2026,Nate Pearson,pearsna01,R,351,29,HOU,AL,1,0,1.000,3.60,16,0,4,0,0,1,20.0,16,10,8,1,12,0,16,1,0,2,84,116,4.10,1.400,7.2,0.5,5.4,7.2,1.33,0.1,,stint
2026,Nate Pearson,pearsna01,R,351,29,KCR,AL,1,4,.200,4.62,25,0,7,0,0,3,25.1,21,13,13,1,13,0,25,5,0,2,113,92,3.77,1.342,7.5,0.4,4.6,8.9,1.92,0.0,,stint
2026,Kenley Jansen,janseke01,R,352,38,DET,AL,4,6,.400,3.20,50,0,39,0,0,22,45.0,24,18,16,7,23,1,51,1,1,1,180,132,4.46,1.044,4.8,1.4,4.6,10.2,2.22,0.8,,season
2026,Josh Hader,haderjo01,L,353,32,HOU,AL,4,2,.667,1.01,45,0,37,0,0,26,44.2,19,6,5,1,15,0,55,0,0,1,167,411,1.94,0.761,3.8,0.2,3.0,11.1,3.67,2.7,,season
2026,Jesse Scholtens,scholje01,R,354,32,TBR,AL,5,3,.625,4.03,11,2,3,0,0,0,44.2,46,22,20,10,14,1,34,3,1,0,196,106,5.63,1.343,9.3,2.0,2.8,6.9,2.43,0.2,,season
2026,Evan Sisk,siskev01,L,355,29,PIT,NL,1,0,1.000,3.02,41,0,6,0,0,0,44.2,36,15,15,2,25,0,50,9,0,1,197,146,3.73,1.366,7.3,0.4,5.0,10.1,2.00,1.0,,season
2026,A.J. Minter,minteaj01,L,356,32,2TM,2LG,2,2,.500,2.42,47,0,10,0,0,1,44.2,39,15,12,8,8,1,41,1,0,0,182,174,4.20,1.052,7.9,1.6,1.6,8.3,5.13,1.1,,season
2026,A.J. Minter,minteaj01,L,356,32,MIN,AL,1,1,.500,2.49,24,0,2,0,0,1,21.2,18,7,6,4,6,1,21,0,0,0,90,173,4.39,1.108,7.5,1.7,2.5,8.7,3.50,0.7,,stint
2026,A.J. Minter,minteaj01,L,356,32,NYM,NL,1,1,.500,2.35,23,0,8,0,0,0,23.0,21,8,6,4,2,0,20,1,0,0,92,175,4.02,1.000,8.2,1.6,0.8,7.8,10.00,0.4,,stint
2026,Cionel Pérez,perezci01,L,357,30,2TM,NL,4,3,.571,4.87,39,2,8,0,0,0,44.1,47,25,24,7,18,0,42,0,1,6,194,86,4.48,1.466,9.5,1.4,3.7,8.5,2.33,0.0,,season
2026,Cionel Pérez,perezci01,L,357,30,NYM,NL,2,0,1.000,4.13,23,2,5,0,0,0,28.1,31,13,13,5,7,0,33,0,1,4,121,99,3.81,1.341,9.8,1.6,2.2,10.5,4.71,0.2,,stint
2026,Cionel Pérez,perezci01,L,357,30,WSN,NL,2,3,.400,6.19,16,0,3,0,0,0,16.0,16,12,11,2,11,0,9,0,0,2,73,71,5.66,1.688,9.0,1.1,6.2,5.1,0.82,-0.2,,stint
2026,Mitch Bratt,brattmi01,L,358,22,ARI,NL,1,3,.250,4.70,10,10,0,0,0,0,44.0,40,23,23,5,27,1,30,1,0,1,194,88,5.12,1.523,8.2,1.0,5.5,6.1,1.11,0.2,,season
2026,Chase Dollander,dollach01,R,359,24,COL,NL,3,3,.500,3.89,10,3,1,0,0,0,44.0,39,19,19,6,18,0,47,3,0,0,189,129,4.17,1.295,8.0,1.2,3.7,9.6,2.61,1.1,,season
2026,Ty Madden,maddety01,R,360,26,DET,AL,1,0,1.000,3.48,19,1,8,0,0,0,44.0,33,17,17,5,14,0,43,2,1,4,180,121,3.72,1.068,6.8,1.0,2.9,8.8,3.07,0.7,,season
2026,Lance McCullers Jr.,mcculla02,R,361,32,2TM,2LG,2,3,.400,6.55,10,8,0,0,0,0,44.0,41,37,32,7,27,0,48,2,0,4,195,64,4.97,1.545,8.4,1.4,5.5,9.8,1.78,-0.9,,season
2026,Lance McCullers Jr.,mcculla02,R,361,32,HOU,AL,2,3,.400,6.86,8,8,0,0,0,0,39.1,38,32,30,7,22,0,43,2,0,4,172,60,5.06,1.525,8.7,1.6,5.0,9.8,1.95,-0.7,,stint
2026,Lance McCullers Jr.,mcculla02,R,361,32,MIL,NL,0,0,,3.86,2,0,0,0,0,0,4.2,3,5,2,0,5,0,5,0,0,0,23,117,4.17,1.714,5.8,0.0,9.6,9.6,1.00,-0.2,,stint
2026,Brandon Eisert,eiserbr01,L,362,28,2TM,2LG,3,3,.500,5.52,40,4,6,0,0,0,44.0,43,28,27,6,14,0,49,1,0,0,189,78,3.67,1.295,8.8,1.2,2.9,10.0,3.50,-0.2,,season
2026,Brandon Eisert,eiserbr01,L,362,28,CHW,AL,2,1,.667,5.93,25,4,4,0,0,0,27.1,26,19,18,6,8,0,32,0,0,0,117,72,4.49,1.244,8.6,2.0,2.6,10.5,4.00,-0.3,,stint
2026,Brandon Eisert,eiserbr01,L,362,28,PIT,NL,1,2,.333,4.86,15,0,2,0,0,0,16.2,17,9,9,0,6,0,17,1,0,0,72,92,2.32,1.380,9.2,0.0,3.2,9.2,2.83,0.1,,stint
2026,Joel Kuhnel,kuhnejo01,R,363,31,3TM,2LG,1,3,.250,4.50,44,0,18,0,0,8,44.0,49,27,22,7,17,1,27,4,0,1,198,98,5.37,1.500,10.0,1.4,3.5,5.5,1.59,-0.2,,season
2026,Joel Kuhnel,kuhnejo01,R,363,31,2TM,NL,0,1,.000,4.91,19,0,6,0,0,4,18.1,22,15,10,5,11,1,13,2,0,0,90,87,7.36,1.800,10.8,2.5,5.4,6.4,1.18,-0.5,,stint
2026,Joel Kuhnel,kuhnejo01,R,363,31,ATH,AL,1,2,.333,4.21,25,0,12,0,0,4,25.2,27,12,12,2,6,0,14,2,0,1,108,107,3.96,1.286,9.5,0.7,2.1,4.9,2.33,0.4,,stint
2026,Joel Kuhnel,kuhnejo01,R,363,31,SFG,NL,0,0,,3.12,9,0,2,0,0,2,8.2,9,6,3,1,5,0,5,0,0,0,41,134,5.18,1.615,9.3,1.0,5.2,5.2,1.00,-0.2,,stint
2026,Joel Kuhnel,kuhnejo01,R,363,31,MIL,NL,0,1,.000,6.52,10,0,4,0,0,2,9.2,13,9,7,4,6,1,8,2,0,0,49,66,9.31,1.966,12.1,3.7,5.6,7.4,1.33,-0.4,,stint
2026,Michael Rucker,ruckemi01,R,364,32,SEA,AL,1,4,.200,5.56,37,0,13,0,0,0,43.2,39,31,27,6,17,0,50,2,0,2,186,71,3.90,1.282,8.0,1.2,3.5,10.3,2.94,-0.5,,season
2026,Matt Svanson,svansma01,R,365,27,STL,NL,2,3,.400,7.27,41,1,14,0,0,0,43.1,55,39,35,5,21,0,41,2,1,5,207,54,4.30,1.754,11.4,1.0,4.4,8.5,1.95,-1.3,,season
2026,Cody Bradford,bradfco01,L,366,28,TEX,AL,0,5,.000,4.19,9,8,0,0,0,0,43.0,52,20,20,5,10,0,21,1,0,0,187,93,4.40,1.442,10.9,1.0,2.1,4.4,2.10,0.5,,season
2026,Orlando Ribalta,ribalor01,R,367,28,WSN,NL,1,2,.333,3.77,45,0,9,0,0,2,43.0,34,21,18,5,18,0,42,0,0,2,178,115,3.92,1.209,7.1,1.0,3.8,8.8,2.33,0.4,,season
2026,Keaton Winn,winnke01,R,368,28,SFG,NL,2,3,.400,3.35,44,0,5,0,0,1,43.0,34,17,16,3,17,1,33,3,1,1,176,121,3.87,1.186,7.1,0.6,3.6,6.9,1.94,0.6,,season
2026,Emilio Pagán,paganem01,R,369,35,CIN,NL,5,1,.833,3.38,45,0,41,0,0,25,42.2,33,16,16,7,11,1,45,4,0,4,174,125,4.18,1.031,7.0,1.5,2.3,9.5,4.09,1.3,,season
2026,Blake Snell,snellbl01,L,370,33,LAD,NL,4,1,.800,1.90,9,9,0,0,0,0,42.2,31,10,9,0,16,0,55,1,0,1,173,221,1.72,1.102,6.5,0.0,3.4,11.6,3.44,1.7,,season
2026,Justin Sterner,sternju01,R,371,29,ATH,AL,2,3,.400,6.12,46,0,6,0,0,1,42.2,46,31,29,11,13,1,40,0,0,1,184,73,5.49,1.383,9.7,2.3,2.7,8.4,3.08,-0.4,,season
2026,Alex Hoppe,hoppeal01,R,372,27,2TM,AL,1,1,.500,4.43,42,0,19,0,0,1,42.2,41,29,21,3,20,2,47,3,0,7,192,91,3.43,1.430,8.6,0.6,4.2,9.9,2.35,-0.2,,season
2026,Alex Hoppe,hoppeal01,R,372,27,SEA,AL,0,1,.000,5.79,24,0,15,0,0,0,28.0,27,21,18,2,11,0,34,1,0,5,123,68,2.89,1.357,8.7,0.6,3.5,10.9,3.09,-0.3,,stint
2026,Alex Hoppe,hoppeal01,R,372,27,BAL,AL,1,0,1.000,1.84,18,0,4,0,0,1,14.2,14,8,3,1,9,2,13,2,0,2,69,226,4.47,1.568,8.6,0.6,5.5,8.0,1.44,0.1,,stint
2026,Matt Waldron,waldrma01,R,373,29,3TM,2LG,2,2,.500,6.54,17,4,2,0,0,0,42.2,57,31,31,7,11,0,33,2,1,0,194,65,4.60,1.594,12.0,1.5,2.3,7.0,3.00,-0.5,,season
2026,Matt Waldron,waldrma01,R,373,29,2TM,NL,2,2,.500,6.10,13,4,2,0,0,0,38.1,50,26,26,7,9,0,30,2,1,0,172,69,4.77,1.539,11.7,1.6,2.1,7.0,3.33,-0.3,,stint
2026,Matt Waldron,waldrma01,R,373,29,TOR,AL,0,0,,10.38,4,0,0,0,0,0,4.1,7,5,5,0,2,0,3,0,0,0,22,46,3.10,2.077,14.5,0.0,4.2,6.2,1.50,-0.2,,stint
2026,Matt Waldron,waldrma01,R,373,29,SDP,NL,1,2,.333,7.16,10,3,2,0,0,0,32.2,43,26,26,7,8,0,28,2,1,0,147,58,5.09,1.561,11.8,1.9,2.2,7.7,3.50,-0.6,,stint
2026,Matt Waldron,waldrma01,R,373,29,WSN,NL,1,0,1.000,0.00,3,1,0,0,0,0,5.2,7,0,0,0,1,0,2,0,0,0,25,,2.93,1.412,11.1,0.0,1.6,3.2,2.00,0.3,,stint
2026,Enmanuel De Jesus,dejesen01,L,374,29,DET,AL,2,0,1.000,3.83,30,0,16,0,0,1,42.1,38,21,18,3,15,0,39,2,0,0,178,110,3.39,1.252,8.1,0.6,3.2,8.3,2.60,0.2,,season
2026,Wilber Dotel,dotelwi01,R,375,23,PIT,NL,1,5,.167,4.46,22,2,2,0,0,0,42.1,42,24,21,3,16,1,41,0,0,2,182,99,3.22,1.370,8.9,0.6,3.4,8.7,2.56,0.3,,season
2026,Kirby Yates,yateski01,R,376,39,2TM,2LG,2,5,.286,3.19,46,1,21,0,0,3,42.1,34,16,15,3,17,0,49,4,1,1,178,132,3.20,1.205,7.2,0.6,3.6,10.4,2.88,0.8,,season
2026,Kirby Yates,yateski01,R,376,39,LAA,AL,0,5,.000,3.95,31,0,17,0,0,3,27.1,20,13,12,2,12,0,36,4,1,1,118,103,3.18,1.171,6.6,0.7,4.0,11.9,3.00,0.2,,stint
2026,Kirby Yates,yateski01,R,376,39,PIT,NL,2,0,1.000,1.80,15,1,4,0,0,0,15.0,14,3,3,1,5,0,13,0,0,0,60,249,3.24,1.267,8.4,0.6,3.0,7.8,2.60,0.6,,stint
2026,Brady Basso,bassobr01,L,377,28,ATH,AL,1,3,.250,5.36,25,7,1,0,0,0,42.0,58,26,25,4,9,1,30,0,0,1,192,84,3.55,1.595,12.4,0.9,1.9,6.4,3.33,0.1,,season
2026,Will Klein,kleinwi01,R,378,26,LAD,NL,3,4,.429,3.67,36,3,4,0,0,2,41.2,44,22,17,3,21,2,49,3,0,2,189,115,3.41,1.560,9.5,0.6,4.5,10.6,2.33,-0.1,,season
2026,Garrett Cleavinger,cleavga01,L,379,32,TBR,AL,4,4,.500,4.79,51,0,5,0,0,2,41.1,37,23,22,6,22,2,54,2,0,1,181,89,4.12,1.427,8.1,1.3,4.8,11.8,2.45,-0.3,,season
2026,Pete Fairbanks,fairbpe01,R,380,32,MIA,NL,4,5,.444,6.31,46,1,37,0,0,19,41.1,35,32,29,8,21,1,57,3,0,3,183,64,4.60,1.355,7.6,1.7,4.6,12.4,2.71,-1.3,,season
2026,Eric Orze,orzeer01,R,381,28,MIN,AL,2,2,.500,5.66,36,0,5,0,0,1,41.1,42,27,26,1,21,2,36,2,0,0,189,75,3.34,1.524,9.1,0.2,4.6,7.8,1.71,-0.4,,season
2026,Cam Booser,booseca01,L,382,34,TBR,AL,1,0,1.000,1.98,42,0,6,0,0,0,41.0,25,10,9,5,6,0,45,0,0,1,152,216,2.93,0.756,5.5,1.1,1.3,9.9,7.50,1.1,,season
2026,Tyron Guerrero,guerrta01,R,383,35,BOS,AL,1,2,.333,3.10,40,0,3,0,0,0,40.2,37,18,14,2,8,1,41,2,0,1,166,132,2.46,1.107,8.2,0.4,1.8,9.1,5.13,0.2,,season
2026,Tony Santillan,santito01,R,384,29,CIN,NL,3,4,.429,6.42,44,0,12,0,0,5,40.2,40,31,29,11,28,2,36,2,0,2,191,66,7.06,1.672,8.9,2.4,6.2,8.0,1.29,-0.9,,season
2026,Ryan Thompson,thompry02,R,385,34,ARI,NL,4,2,.667,4.43,46,0,8,0,0,0,40.2,51,23,20,3,13,3,29,3,2,2,186,94,3.82,1.574,11.3,0.7,2.9,6.4,2.23,-0.2,,season
2026,Devin Williams,willide03,R,386,31,NYM,NL,3,2,.600,4.43,44,0,30,0,0,16,40.2,43,25,20,3,21,1,52,0,0,1,184,92,3.05,1.574,9.5,0.7,4.6,11.5,2.48,-0.5,,season
2026,David Sandlin,sandlda01,R,387,25,CHW,AL,3,2,.600,5.58,8,6,0,0,0,0,40.1,36,28,25,7,13,0,40,1,0,3,167,76,4.42,1.215,8.0,1.6,2.9,8.9,3.08,-0.3,,season
2026,Hoby Milner,milneho01,L,388,35,2TM,2LG,1,0,1.000,3.83,43,0,10,0,0,1,40.0,40,17,17,5,10,1,24,3,0,0,169,111,4.50,1.250,9.0,1.1,2.3,5.4,2.40,0.3,,season
2026,Hoby Milner,milneho01,L,388,35,SEA,AL,0,0,,6.23,5,0,3,0,0,0,4.1,6,3,3,1,1,0,6,0,0,0,20,68,4.03,1.615,12.5,2.1,2.1,12.5,6.00,0.0,,stint
2026,Hoby Milner,milneho01,L,388,35,CHC,NL,1,0,1.000,3.53,38,0,7,0,0,1,35.2,34,14,14,4,9,1,18,3,0,0,149,120,4.56,1.206,8.6,1.0,2.3,4.5,2.00,0.3,,stint
2026,Cooper Criswell,criswco01,R,389,29,SEA,AL,4,2,.667,3.40,36,0,15,0,0,1,39.2,40,18,15,3,15,3,31,1,0,1,167,116,3.73,1.387,9.1,0.7,3.4,7.0,2.07,0.6,,season
2026,Trey Gibson,gibsotr01,R,390,24,BAL,AL,2,3,.400,6.13,9,8,1,0,0,0,39.2,41,27,27,7,27,0,37,1,0,2,185,67,5.65,1.714,9.3,1.6,6.1,8.4,1.37,-0.4,,season
2026,Mitchell Parker,parkemi01,L,391,26,WSN,NL,3,3,.500,6.58,22,0,3,0,0,1,39.2,46,31,29,9,13,0,34,2,0,3,178,66,5.47,1.487,10.4,2.0,2.9,7.7,2.62,-1.1,,season
2026,Drew Sommers,sommedr01,L,392,25,DET,AL,2,4,.333,3.63,43,0,3,0,0,0,39.2,35,20,16,4,14,2,62,3,0,1,169,116,2.57,1.235,7.9,0.9,3.2,14.1,4.43,0.2,,season
2026,Tyler Zuber,zuberty01,R,393,31,MIA,NL,2,1,.667,5.67,44,0,8,0,0,1,39.2,46,27,25,10,11,0,42,2,0,2,175,71,5.24,1.437,10.4,2.3,2.5,9.5,3.82,-0.8,,season
2026,Mason Englert,englema01,R,394,26,TBR,AL,0,4,.000,5.95,15,4,6,0,0,1,39.1,52,27,26,13,9,3,38,1,0,3,179,72,6.23,1.551,11.9,3.0,2.1,8.7,4.22,-0.5,,season
2026,Spencer Strider,stridsp01,R,395,27,ATL,NL,4,2,.667,5.31,8,8,0,0,0,0,39.0,33,24,23,9,20,0,46,1,0,2,165,80,5.36,1.359,7.6,2.1,4.6,10.6,2.30,-0.1,,season
2026,Jaden Hill,hillja01,R,396,26,COL,NL,1,4,.200,5.35,45,0,6,0,0,2,38.2,35,23,23,3,23,2,38,3,0,2,177,94,4.16,1.500,8.1,0.7,5.4,8.8,1.65,0.3,,season
2026,Isaac Mattson,mattsis01,R,397,30,PIT,NL,0,0,,5.35,38,0,7,0,0,0,38.2,44,23,23,3,18,0,36,1,0,1,176,83,3.72,1.603,10.2,0.7,4.2,8.4,2.00,0.0,,season
2026,Dylan Smith,smithdy01,R,398,26,SFG,NL,0,6,.000,3.96,41,0,15,0,0,4,38.2,35,20,17,3,21,3,44,2,0,3,173,102,3.62,1.448,8.1,0.7,4.9,10.2,2.10,0.2,,season
2026,Jake Bird,birdja01,R,399,30,2TM,2LG,1,1,.500,5.35,44,0,10,0,0,0,38.2,42,23,23,6,13,0,41,5,0,1,172,80,4.40,1.422,9.8,1.4,3.0,9.5,3.15,-0.3,,season
2026,Jake Bird,birdja01,R,399,30,NYY,AL,1,1,.500,5.93,36,0,4,0,0,0,30.1,36,20,20,4,11,0,31,5,0,0,139,71,4.35,1.549,10.7,1.2,3.3,9.2,2.82,-0.4,,stint
2026,Jake Bird,birdja01,R,399,30,WSN,NL,0,0,,3.24,8,0,6,0,0,0,8.1,6,3,3,2,2,0,10,0,0,1,33,138,4.54,0.960,6.5,2.2,2.2,10.8,5.00,0.1,,stint
2026,Craig Yoho,yohocr01,R,400,26,2TM,2LG,2,1,.667,4.93,34,0,10,0,0,0,38.1,29,21,21,6,18,0,41,3,0,3,164,85,4.64,1.226,6.8,1.4,4.2,9.6,2.28,0.0,,season
2026,Craig Yoho,yohocr01,R,400,26,CLE,AL,0,1,.000,6.87,19,0,4,0,0,0,18.1,20,14,14,3,10,0,23,1,0,2,86,60,4.52,1.636,9.8,1.5,4.9,11.3,2.30,-0.4,,stint
2026,Craig Yoho,yohocr01,R,400,26,MIL,NL,2,0,1.000,3.15,15,0,6,0,0,0,20.0,9,7,7,3,8,0,18,2,0,1,78,135,4.75,0.850,4.1,1.4,3.6,8.1,2.25,0.3,,stint
2026,Tyler Schweitzer,schwety01,L,401,25,CHW,AL,1,0,1.000,3.13,18,0,9,0,0,1,37.1,37,13,13,3,12,0,18,0,0,1,154,135,4.15,1.313,8.9,0.7,2.9,4.3,1.50,0.6,,season
2026,Chris Roycroft,roycrch01,R,402,29,3TM,2LG,2,0,1.000,6.27,26,0,12,0,0,1,37.1,49,27,26,10,17,1,27,3,0,2,179,70,6.74,1.768,11.8,2.4,4.1,6.5,1.59,-0.4,,season
2026,Chris Roycroft,roycrch01,R,402,29,2TM,AL,2,0,1.000,4.78,19,0,8,0,0,1,32.0,36,18,17,8,9,1,23,2,0,2,140,92,5.95,1.406,10.1,2.3,2.5,6.5,2.56,0.2,,stint
2026,Chris Roycroft,roycrch01,R,402,29,ATH,AL,1,0,1.000,2.13,8,0,1,0,0,0,12.2,12,4,3,2,5,0,9,0,0,2,54,214,4.92,1.342,8.5,1.4,3.6,6.4,1.80,0.4,,stint
2026,Chris Roycroft,roycrch01,R,402,29,TBR,AL,1,0,1.000,6.52,11,0,7,0,0,1,19.1,24,14,14,6,4,1,14,2,0,0,86,66,6.62,1.448,11.2,2.8,1.9,6.5,3.50,-0.3,,stint
2026,Chris Roycroft,roycrch01,R,402,29,STL,NL,0,0,,15.19,7,0,4,0,0,0,5.1,13,9,9,2,8,0,4,1,0,0,39,28,11.54,3.938,21.9,3.4,13.5,6.8,0.50,-0.6,,stint
2026,Robby Ahlstrom,ahlstro01,L,403,27,TEX,AL,3,1,.750,6.08,42,0,5,0,0,0,37.0,38,26,25,7,15,3,34,3,0,2,164,64,5.18,1.432,9.2,1.7,3.6,8.3,2.27,-0.7,,season
2026,Cade Povich,povicca01,L,404,26,BAL,AL,2,1,.667,4.38,8,7,0,0,0,0,37.0,40,18,18,6,15,0,28,1,0,0,160,94,4.99,1.486,9.7,1.5,3.6,6.8,1.87,0.5,,season
2026,Luis Gastelum,gastelu01,R,405,24,STL,NL,5,4,.556,4.42,34,0,6,0,0,0,36.2,34,23,18,6,12,0,44,2,0,1,152,90,3.97,1.255,8.3,1.5,2.9,10.8,3.67,-0.3,,season
2026,PJ Poulin,poulipj01,L,406,29,WSN,NL,3,0,1.000,2.70,35,11,5,0,0,3,36.2,27,12,11,4,21,1,25,1,0,1,153,161,4.96,1.309,6.6,1.0,5.2,6.1,1.19,1.1,,season
2026,Tanner Banks,banksta01,L,407,34,PHI,NL,0,4,.000,6.19,32,1,8,0,0,0,36.1,52,29,25,8,15,1,38,1,0,0,176,73,5.19,1.844,12.9,2.0,3.7,9.4,2.53,-0.4,,season
2026,Jackson Kent,kentja01,L,408,23,WSN,NL,2,4,.333,5.94,8,7,0,0,0,0,36.1,40,25,24,2,25,0,30,0,0,3,170,73,4.23,1.789,9.9,0.5,6.2,7.4,1.20,-0.3,,season
2026,José Urquidy,urquijo01,R,409,31,3TM,2LG,2,2,.500,4.95,13,1,6,0,0,1,36.1,47,24,20,4,7,0,30,2,0,1,164,89,3.62,1.486,11.6,1.0,1.7,7.4,4.29,-0.1,,season
2026,José Urquidy,urquijo01,R,409,31,2TM,NL,0,1,.000,5.93,7,0,4,0,0,1,13.2,25,13,9,1,2,0,15,0,0,0,69,79,2.30,1.976,16.5,0.7,1.3,9.9,7.50,-0.4,,stint
2026,José Urquidy,urquijo01,R,409,31,CHW,AL,2,1,.667,4.37,6,1,2,0,0,0,22.2,22,11,11,3,5,0,15,2,0,1,95,97,4.43,1.191,8.7,1.2,2.0,6.0,3.00,0.3,,stint
2026,José Urquidy,urquijo01,R,409,31,PHI,NL,0,0,,3.68,2,0,0,0,0,0,7.1,10,3,3,0,0,0,9,0,0,0,33,128,0.65,1.364,12.3,0.0,0.0,11.0,,0.2,,stint
2026,José Urquidy,urquijo01,R,409,31,PIT,NL,0,1,.000,8.53,5,0,4,0,0,1,6.1,15,10,6,1,2,0,6,0,0,0,36,54,4.21,2.684,21.3,1.4,2.8,8.5,3.00,-0.6,,stint
2026,Scott Blewett,blewesc01,R,410,30,2TM,2LG,2,2,.500,2.75,25,0,5,0,0,0,36.0,38,14,11,3,11,1,34,0,0,2,154,163,3.21,1.361,9.5,0.8,2.8,8.5,3.09,0.7,,season
2026,Scott Blewett,blewesc01,R,410,30,ATH,AL,2,2,.500,2.91,24,0,4,0,0,0,34.0,37,14,11,3,9,1,32,0,0,2,145,154,3.16,1.353,9.8,0.8,2.4,8.5,3.56,0.6,,stint
2026,Scott Blewett,blewesc01,R,410,30,STL,NL,0,0,,0.00,1,0,1,0,0,0,2.0,1,0,0,0,2,0,2,0,0,0,9,,4.10,1.500,4.5,0.0,9.0,9.0,1.00,0.1,,stint
2026,Kade Anderson,anderka01,L,411,21,SEA,AL,2,2,.500,3.79,7,7,0,0,0,0,35.2,35,15,15,4,9,0,32,0,0,1,146,104,3.52,1.234,8.8,1.0,2.3,8.1,3.56,0.7,,season
2026,Sam Hentges,hentgsa01,L,412,29,SFG,NL,1,7,.125,3.28,44,0,3,0,0,0,35.2,34,16,13,0,25,2,39,4,0,5,168,123,3.35,1.654,8.6,0.0,6.3,9.8,1.56,0.4,,season
2026,Matt Strahm,strahma01,L,413,34,KCR,AL,3,4,.429,7.32,41,0,4,0,0,0,35.2,39,29,29,12,14,1,30,2,1,4,161,58,7.14,1.486,9.8,3.0,3.5,7.6,2.14,-1.3,,season
2026,Shawn Armstrong,armstsh01,R,414,35,CLE,AL,2,1,.667,4.58,41,0,9,0,0,0,35.1,29,19,18,4,19,1,34,2,0,1,154,90,4.43,1.358,7.4,1.0,4.8,8.7,1.79,0.1,,season
2026,Graham Ashcraft,ashcrgr01,R,415,28,CIN,NL,1,1,.500,4.08,35,0,8,0,0,1,35.1,27,17,16,2,24,2,40,1,0,3,151,103,3.70,1.443,6.9,0.5,6.1,10.2,1.67,0.5,,season
2026,Brant Hurter,hurtebr01,L,416,27,DET,AL,4,1,.800,3.06,29,0,6,0,0,0,35.1,24,13,12,1,15,1,24,1,0,0,143,138,3.47,1.104,6.1,0.3,3.8,6.1,1.60,0.6,,season
2026,Cole Ragans,raganco01,L,417,28,KCR,AL,1,4,.200,4.84,8,8,0,0,0,0,35.1,27,20,19,10,23,0,45,0,0,0,151,87,6.19,1.415,6.9,2.5,5.9,11.5,1.96,0.1,,season
2026,Bryse Wilson,wilsobr02,R,418,28,3TM,NL,0,0,,4.33,16,0,9,0,0,0,35.1,44,17,17,5,3,0,31,2,0,0,151,100,3.61,1.330,11.2,1.3,0.8,7.9,10.33,0.1,,season
2026,Bryse Wilson,wilsobr02,R,418,28,PHI,NL,0,0,,0.00,1,0,1,0,0,0,2.0,1,0,0,0,1,0,0,0,0,0,7,,4.60,1.000,4.5,0.0,4.5,0.0,0.00,0.1,,stint
2026,Bryse Wilson,wilsobr02,R,418,28,MIL,NL,0,0,,3.51,13,0,8,0,0,0,25.2,31,10,10,3,1,0,23,0,0,0,106,121,2.95,1.247,10.9,1.1,0.4,8.1,23.00,0.2,,stint
2026,Bryse Wilson,wilsobr02,R,418,28,CHC,NL,0,0,,8.22,2,0,0,0,0,0,7.2,12,7,7,2,1,0,8,2,0,0,38,54,5.58,1.696,14.1,2.3,1.2,9.4,8.00,-0.2,,stint
2026,Richard Lovelady,lovelri01,L,419,30,2TM,NL,3,4,.429,4.11,38,6,12,0,0,4,35.0,41,20,16,5,24,4,31,4,0,0,172,105,5.59,1.857,10.5,1.3,6.2,8.0,1.29,0.0,,season
2026,Richard Lovelady,lovelri01,L,419,30,NYM,NL,1,1,.500,3.68,6,0,5,0,0,0,7.1,8,5,3,1,4,1,6,0,0,0,32,115,4.87,1.636,9.8,1.2,4.9,7.4,1.50,0.0,,stint
2026,Richard Lovelady,lovelri01,L,419,30,WSN,NL,2,3,.400,4.23,32,6,7,0,0,4,27.2,33,15,13,4,20,3,25,4,0,0,140,103,5.78,1.916,10.7,1.3,6.5,8.1,1.25,0.0,,stint
2026,Riley Cornelio,corneri01,R,420,26,WSN,NL,3,2,.600,3.89,17,3,3,0,0,0,34.2,25,22,15,2,28,1,38,0,0,2,153,111,4.08,1.529,6.5,0.5,7.3,9.9,1.36,-0.1,,season
2026,Nick Pivetta,pivetni01,R,421,33,SDP,NL,3,2,.600,2.86,8,8,0,0,0,0,34.2,27,11,11,2,8,0,42,1,0,1,140,145,2.21,1.010,7.0,0.5,2.1,10.9,5.25,1.0,,season
2026,Carson Whisenhunt,whiseca01,L,422,25,SFG,NL,3,4,.429,6.49,8,8,0,0,0,0,34.2,41,26,25,5,21,0,26,1,0,2,164,62,5.38,1.788,10.6,1.3,5.5,6.8,1.24,-0.6,,season
2026,Jason Adam,adamja01,R,423,34,SDP,NL,2,2,.500,2.62,38,0,5,0,0,2,34.1,30,10,10,5,10,0,22,3,0,0,142,158,4.85,1.165,7.9,1.3,2.6,5.8,2.20,0.9,,season
2026,Anthony Banda,bandaan01,L,424,32,MIN,AL,2,0,1.000,4.46,39,0,5,0,0,2,34.1,31,19,17,3,15,1,33,8,0,4,156,96,4.33,1.340,8.1,0.8,3.9,8.7,2.20,0.0,,season
2026,Anthony Bender,bendean01,R,425,31,MIA,NL,1,1,.500,2.62,35,0,6,0,0,2,34.1,21,10,10,1,12,1,41,3,0,3,140,154,2.40,0.961,5.5,0.3,3.1,10.7,3.42,0.9,,season
2026,Víctor Mederos,medervi01,R,426,25,ATL,NL,6,1,.857,3.41,30,0,9,0,0,1,34.1,27,13,13,1,14,0,34,4,0,1,148,125,3.07,1.194,7.1,0.3,3.7,8.9,2.43,0.6,,season
2026,Mike Paredes,paredmi01,R,427,25,MIN,AL,0,3,.000,4.72,9,5,1,0,0,0,34.1,36,19,18,6,13,0,19,3,0,0,154,91,5.67,1.427,9.4,1.6,3.4,5.0,1.46,0.2,,season
2026,Justin Lawrence,lawreju01,R,428,31,3TM,2LG,0,3,.000,7.34,37,0,13,0,0,1,34.1,39,35,28,9,28,1,43,6,0,3,177,61,6.98,1.951,10.2,2.4,7.3,11.3,1.54,-1.2,,season
2026,Justin Lawrence,lawreju01,R,428,31,2TM,NL,0,2,.000,5.08,30,0,10,0,0,1,28.1,29,23,16,5,19,1,31,4,0,1,138,88,5.64,1.694,9.2,1.6,6.0,9.8,1.63,-0.5,,stint
2026,Justin Lawrence,lawreju01,R,428,31,MIN,AL,0,1,.000,18.00,7,0,3,0,0,0,6.0,10,12,12,4,9,0,12,2,0,2,39,25,13.27,3.167,15.0,6.0,13.5,18.0,1.33,-0.7,,stint
2026,Justin Lawrence,lawreju01,R,428,31,PIT,NL,0,2,.000,5.32,23,0,5,0,0,0,22.0,22,20,13,4,12,1,25,4,0,1,106,84,5.37,1.545,9.0,1.6,4.9,10.2,2.08,-0.6,,stint
2026,Justin Lawrence,lawreju01,R,428,31,WSN,NL,0,0,,4.26,7,0,5,0,0,1,6.1,7,3,3,1,7,0,6,0,0,0,32,106,6.58,2.211,9.9,1.4,9.9,8.5,0.86,0.1,,stint
2026,Robert Suarez,suarero01,R,429,35,ATL,NL,4,0,1.000,1.06,33,0,6,0,0,4,34.0,24,4,4,1,6,0,26,0,0,1,130,402,2.48,0.882,6.4,0.3,1.6,6.9,4.33,1.5,,season
2026,Anthony Molina,molinan01,R,430,24,2TM,NL,3,2,.600,3.97,9,5,2,0,0,0,34.0,29,18,15,3,7,0,31,0,0,0,136,104,3.04,1.059,7.7,0.8,1.9,8.2,4.43,0.2,,season
2026,Anthony Molina,molinan01,R,430,24,SFG,NL,3,2,.600,3.72,6,5,0,0,0,0,29.0,23,14,12,2,6,0,29,0,0,0,115,109,2.62,1.000,7.1,0.6,1.9,9.0,4.83,0.2,,stint
2026,Anthony Molina,molinan01,R,430,24,ATL,NL,0,0,,5.40,3,0,2,0,0,0,5.0,6,4,3,1,1,0,2,0,0,0,21,84,5.50,1.400,10.8,1.8,1.8,3.6,2.00,-0.1,,stint
2026,Sam Aldegheri,aldegsa01,L,431,24,LAA,AL,3,4,.429,5.08,9,6,2,0,0,0,33.2,31,21,19,5,17,0,22,1,0,1,151,80,5.33,1.426,8.3,1.3,4.5,5.9,1.29,-0.2,,season
2026,Ronel Blanco,blancro01,R,432,32,HOU,AL,0,1,.000,6.68,8,5,3,0,0,0,33.2,30,25,25,9,16,0,29,1,0,1,143,62,6.37,1.366,8.0,2.4,4.3,7.8,1.81,-0.3,,season
2026,Mark Leiter Jr.,leitema02,R,433,35,ATH,AL,0,1,.000,4.28,36,0,8,0,0,4,33.2,33,16,16,2,11,1,38,4,0,2,144,105,2.95,1.307,8.8,0.5,2.9,10.2,3.45,0.5,,season
2026,Luis Mey,meylu01,R,434,25,CIN,NL,0,2,.000,6.42,28,0,1,0,0,0,33.2,35,26,24,3,22,0,48,4,1,7,162,66,3.73,1.693,9.4,0.8,5.9,12.8,2.18,-0.5,,season
2026,Chris Murphy,murphch01,L,435,28,CHW,AL,3,0,1.000,4.81,33,3,8,0,0,1,33.2,32,21,18,4,16,0,35,4,0,3,150,88,4.35,1.426,8.6,1.1,4.3,9.4,2.19,-0.2,,season
2026,Jordan Romano,romanjo03,R,436,33,2TM,2LG,0,4,.000,5.61,38,0,33,0,0,15,33.2,29,22,21,4,19,1,39,1,0,3,153,86,4.11,1.426,7.8,1.1,5.1,10.4,2.05,0.0,,season
2026,Jordan Romano,romanjo03,R,436,33,LAA,AL,0,2,.000,10.13,11,0,9,0,0,4,8.0,11,9,9,1,6,0,12,1,0,1,42,42,4.35,2.125,12.4,1.1,6.8,13.5,2.00,-0.5,,stint
2026,Jordan Romano,romanjo03,R,436,33,COL,NL,0,2,.000,4.21,27,0,24,0,0,11,25.2,18,13,12,3,13,1,27,0,0,2,111,119,4.04,1.208,6.3,1.1,4.6,9.5,2.08,0.5,,stint
2026,Scott Barlow,barlosc01,R,437,33,ATH,AL,2,0,1.000,6.48,36,0,4,0,0,2,33.1,26,26,24,7,19,2,29,7,0,1,152,69,6.43,1.350,7.0,1.9,5.1,7.8,1.53,-0.5,,season
2026,David Morgan,morgada01,R,438,26,SDP,NL,4,1,.800,3.78,32,0,8,0,0,0,33.1,37,16,14,2,22,3,39,4,0,3,162,109,3.88,1.770,10.0,0.5,5.9,10.5,1.77,0.3,,season
2026,Alec Gamboa,gamboal01,L,439,29,BOS,AL,1,0,1.000,1.91,21,3,11,0,0,1,33.0,27,8,7,1,11,0,23,1,0,0,132,215,3.19,1.152,7.4,0.3,3.0,6.3,2.09,0.8,,season
2026,Gus Varland,varlagu01,R,440,29,WSN,NL,2,2,.500,6.55,34,0,11,0,0,6,33.0,43,26,24,7,15,1,32,0,0,2,155,66,5.28,1.758,11.7,1.9,4.1,8.7,2.13,-0.9,,season
2026,Caleb Ferguson,ferguca01,L,441,29,2TM,NL,1,0,1.000,5.18,35,1,5,0,0,1,33.0,37,19,19,5,19,2,31,0,0,0,150,81,4.92,1.697,10.1,1.4,5.2,8.5,1.63,0.0,,season
2026,Caleb Ferguson,ferguca01,L,441,29,STL,NL,0,0,,8.64,9,0,2,0,0,0,8.1,11,8,8,2,8,0,9,0,0,0,41,47,6.94,2.280,11.9,2.2,8.6,9.7,1.13,-0.3,,stint
2026,Caleb Ferguson,ferguca01,L,441,29,CIN,NL,1,0,1.000,4.01,26,1,3,0,0,1,24.2,26,11,11,3,11,2,22,0,0,0,109,105,4.24,1.500,9.5,1.1,4.0,8.0,2.00,0.3,,stint
2026,JP Sears,searsjp01,L,442,30,SDP,NL,3,4,.429,4.68,8,6,0,0,0,0,32.2,33,19,17,6,11,0,25,2,0,0,143,88,5.15,1.347,9.1,1.7,3.0,6.9,2.27,0.0,,season
2026,Ryan Walker,walkery01,R,443,30,SFG,NL,0,1,.000,7.16,33,0,12,0,0,3,32.2,40,27,26,5,19,3,23,1,0,4,155,56,5.52,1.806,11.0,1.4,5.2,6.3,1.21,-1.0,,season
2026,Paxton Schultz,schulpa01,R,444,28,WSN,NL,1,2,.333,6.40,27,1,10,0,0,1,32.1,43,26,23,5,12,1,32,1,0,1,153,68,4.34,1.701,12.0,1.4,3.3,8.9,2.67,-0.5,,season
2026,Tyler Davis,davisty01,R,445,27,CHW,AL,2,3,.400,3.66,31,0,12,0,0,1,32.0,21,15,13,3,16,2,27,0,0,0,128,116,4.13,1.156,5.9,0.8,4.5,7.6,1.69,0.4,,season
2026,Seth Johnson,johnsse01,R,446,27,2TM,2LG,1,0,1.000,6.19,27,0,7,0,0,0,32.0,36,24,22,5,18,0,38,2,0,1,150,74,4.63,1.688,10.1,1.4,5.1,10.7,2.11,-0.3,,season
2026,Seth Johnson,johnsse01,R,446,27,ATH,AL,0,0,,6.89,11,0,3,0,0,0,15.2,21,12,12,4,4,0,18,1,0,0,70,66,5.08,1.596,12.1,2.3,2.3,10.3,4.50,-0.2,,stint
2026,Seth Johnson,johnsse01,R,446,27,PHI,NL,1,0,1.000,5.51,16,0,4,0,0,0,16.1,15,12,10,1,14,0,20,1,0,1,80,83,4.20,1.776,8.3,0.6,7.7,11.0,1.43,-0.1,,stint
2026,Samy Natera,natersa01,L,447,26,LAA,AL,1,2,.333,3.13,28,0,8,0,0,3,31.2,22,11,11,1,13,0,48,2,0,3,131,130,1.90,1.105,6.3,0.3,3.7,13.6,3.69,0.8,,season
2026,Chase Petty,pettych02,R,448,23,CIN,NL,1,2,.333,4.83,16,3,8,0,0,1,31.2,31,19,17,6,9,0,15,3,0,1,139,87,5.75,1.263,8.8,1.7,2.6,4.3,1.67,0.1,,season
2026,Mason Black,blackma01,R,449,26,KCR,AL,0,0,,4.31,17,0,5,0,0,0,31.1,30,16,15,6,20,0,19,2,0,1,142,98,6.48,1.596,8.6,1.7,5.7,5.5,0.95,0.1,,season
2026,Brad Keller,kellebr01,R,450,30,PHI,NL,2,1,.667,4.02,32,0,6,0,0,3,31.1,29,15,14,4,13,0,32,2,0,3,135,113,4.16,1.340,8.3,1.1,3.7,9.2,2.46,0.6,,season
2026,Ethan Pecko,peckoet01,R,451,23,HOU,AL,1,0,1.000,4.31,7,5,0,0,0,0,31.1,24,16,15,5,14,0,21,2,0,1,130,96,5.37,1.213,6.9,1.4,4.0,6.0,1.50,0.2,,season
2026,Justin Slaten,slateju01,R,452,28,BOS,AL,2,4,.333,4.60,36,0,3,0,0,0,31.1,35,20,16,4,8,0,39,0,0,0,137,90,3.04,1.372,10.1,1.1,2.3,11.2,4.88,-0.6,,season
2026,Jeremiah Estrada,estraje01,R,453,27,SDP,NL,2,3,.400,3.48,33,0,5,0,0,1,31.0,20,16,12,2,16,0,38,0,0,3,126,119,3.04,1.161,5.8,0.6,4.6,11.0,2.38,0.2,,season
2026,Adam Macko,mackoad01,L,454,25,2TM,AL,2,0,1.000,5.23,30,1,9,0,0,0,31.0,38,19,18,5,14,3,32,4,0,1,145,83,4.88,1.677,11.0,1.5,4.1,9.3,2.29,-0.2,,season
2026,Adam Macko,mackoad01,L,454,25,TEX,AL,0,0,,6.00,8,0,5,0,0,0,9.0,14,7,6,2,4,0,9,1,0,0,46,67,5.66,2.000,14.0,2.0,4.0,9.0,2.25,-0.2,,stint
2026,Adam Macko,mackoad01,L,454,25,TOR,AL,2,0,1.000,4.91,22,1,4,0,0,0,22.0,24,12,12,3,10,3,23,3,0,1,99,91,4.56,1.545,9.8,1.2,4.1,9.4,2.30,0.0,,stint
2026,Jonathan Pintaro,pintajo01,R,455,28,NYM,NL,2,3,.400,5.28,22,0,5,0,0,0,30.2,26,19,18,5,16,0,30,3,0,4,130,77,5.12,1.370,7.6,1.5,4.7,8.8,1.88,-0.3,,season
2026,Carson Seymour,seymoca01,R,456,27,SFG,NL,0,2,.000,4.70,24,0,7,0,0,1,30.2,31,19,16,6,16,2,22,1,0,5,137,86,5.87,1.533,9.1,1.8,4.7,6.5,1.38,-0.4,,season
2026,Jonah Tong,tongjo01,R,457,23,NYM,NL,2,2,.500,3.82,7,4,1,0,0,0,30.2,24,16,13,2,14,0,34,2,0,1,134,107,3.30,1.239,7.0,0.6,4.1,10.0,2.43,0.1,,season
2026,Robert Stock,stockro01,R,458,36,NYM,NL,1,3,.250,5.93,8,7,0,0,0,0,30.1,38,21,20,2,15,0,29,4,0,1,147,69,3.93,1.747,11.3,0.6,4.5,8.6,1.93,-0.3,,season
2026,Josh Walker,walkejo03,L,459,31,BAL,AL,1,0,1.000,2.08,31,0,5,0,0,1,30.1,24,9,7,2,12,2,29,1,0,0,126,198,3.33,1.187,7.1,0.6,3.6,8.6,2.42,0.9,,season
2026,Garrett Crochet,crochga01,L,460,27,BOS,AL,3,3,.500,6.30,6,6,0,0,0,0,30.0,33,23,21,5,11,0,37,4,0,2,138,65,4.30,1.467,9.9,1.5,3.3,11.1,3.36,-0.5,,season
2026,Connor Phillips,phillco01,R,461,25,CIN,NL,2,0,1.000,5.40,27,0,6,0,0,1,30.0,23,19,18,3,31,0,29,3,0,1,145,78,5.87,1.800,6.9,0.9,9.3,8.7,0.94,-0.1,,season
2026,AJ Smith-Shawver,smithaj01,R,462,23,ATL,NL,0,3,.000,6.60,8,5,1,0,0,0,30.0,31,22,22,6,16,0,24,2,0,1,139,65,5.90,1.567,9.3,1.8,4.8,7.2,1.50,-0.4,,season
2026,Bennett Sousa,sousabe01,L,463,31,HOU,AL,1,3,.250,6.00,35,1,3,0,0,0,30.0,36,22,20,5,18,0,32,0,1,1,141,69,4.94,1.800,10.8,1.5,5.4,9.6,1.78,-0.6,,season
2026,Daniel Duarte,duartda01,R,464,29,NYM,NL,2,0,1.000,2.12,24,0,7,0,0,2,29.2,17,8,7,3,7,0,30,1,0,2,112,193,3.20,0.809,5.2,0.9,2.1,9.1,4.29,1.1,,season
2026,Josh Ekness,eknesjo01,R,465,24,MIA,NL,3,4,.429,3.34,29,0,7,0,0,1,29.2,23,16,11,2,20,2,23,2,0,6,131,121,4.65,1.449,7.0,0.6,6.1,7.0,1.15,0.2,,season
2026,Lucas Giolito,giolilu01,R,466,31,SDP,NL,2,3,.400,5.16,7,5,0,0,0,0,29.2,32,19,17,4,23,0,18,1,0,3,138,80,6.07,1.854,9.7,1.2,7.0,5.5,0.78,-0.2,,season
2026,Daniel Palencia,palenda01,R,467,26,CHC,NL,2,2,.500,3.64,32,0,15,0,0,3,29.2,25,13,12,4,11,1,30,1,1,0,123,117,4.05,1.213,7.6,1.2,3.3,9.1,2.73,0.2,,season
2026,Kendry Rojas,rojaske01,L,468,23,MIN,AL,1,1,.500,3.34,12,4,3,0,0,0,29.2,23,11,11,2,22,0,34,1,0,1,130,128,4.01,1.517,7.0,0.6,6.7,10.3,1.55,0.6,,season
2026,Blake Treinen,treinbl01,R,469,38,LAD,NL,4,1,.800,3.64,36,0,6,0,0,1,29.2,29,12,12,3,13,2,31,1,0,0,130,116,3.74,1.416,8.8,0.9,3.9,9.4,2.38,0.4,,season
2026,Cam Sanders,sandeca01,R,470,29,2TM,2LG,1,1,.500,4.60,28,0,14,0,0,3,29.1,22,15,15,1,20,1,40,4,0,1,131,93,3.27,1.432,6.8,0.3,6.1,12.3,2.00,0.5,,season
2026,Cam Sanders,sandeca01,R,470,29,BAL,AL,1,1,.500,2.70,19,0,10,0,0,3,20.0,13,6,6,0,10,1,27,3,0,0,83,153,2.35,1.150,5.9,0.0,4.5,12.2,2.70,0.7,,stint
2026,Cam Sanders,sandeca01,R,470,29,PIT,NL,0,0,,8.68,9,0,4,0,0,0,9.1,9,9,9,1,10,0,13,1,0,1,48,52,5.24,2.036,8.7,1.0,9.6,12.5,1.30,-0.2,,stint
2026,Mason Adams,adamsma02,R,471,26,COL,NL,0,2,.000,4.03,6,6,0,0,0,0,29.0,31,17,13,6,12,0,31,1,0,2,124,124,5.00,1.483,9.6,1.9,3.7,9.6,2.58,0.6,,season
2026,Seth Halvorsen,halvose01,R,472,26,2TM,NL,1,2,.333,5.90,32,0,10,0,0,0,29.0,33,19,19,6,17,2,23,2,0,3,141,81,6.17,1.724,10.2,1.9,5.3,7.1,1.35,0.0,,season
2026,Seth Halvorsen,halvose01,R,472,26,LAD,NL,1,1,.500,8.10,11,0,6,0,0,0,10.0,11,9,9,3,2,1,6,2,0,1,45,53,7.00,1.300,9.9,2.7,1.8,5.4,3.00,-0.3,,stint
2026,Seth Halvorsen,halvose01,R,472,26,COL,NL,0,1,.000,4.74,21,0,4,0,0,0,19.0,22,10,10,3,15,1,17,0,0,2,96,107,5.73,1.947,10.4,1.4,7.1,8.1,1.13,0.3,,stint
2026,Drew Pomeranz,pomerdr01,L,473,37,2TM,2LG,2,3,.400,5.59,31,0,8,0,0,0,29.0,32,19,18,7,16,4,17,2,0,0,135,75,6.93,1.655,9.9,2.2,5.0,5.3,1.06,-0.3,,season
2026,Drew Pomeranz,pomerdr01,L,473,37,LAA,AL,0,3,.000,5.01,25,0,6,0,0,0,23.1,25,14,13,5,12,4,16,2,0,0,108,82,6.32,1.586,9.6,1.9,4.6,6.2,1.33,-0.1,,stint
2026,Drew Pomeranz,pomerdr01,L,473,37,CHC,NL,2,0,1.000,7.94,6,0,2,0,0,0,5.2,7,5,5,2,4,0,1,0,0,0,27,56,9.45,1.941,11.1,3.2,6.4,1.6,0.25,-0.2,,stint
2026,Dax Fulton,fultoda01,L,474,24,MIA,NL,2,0,1.000,3.77,16,0,9,0,0,0,28.2,23,12,12,1,15,0,29,1,0,1,122,108,3.21,1.326,7.2,0.3,4.7,9.1,1.93,0.3,,season
2026,Trevor Williams,willitr01,R,475,34,2TM,2LG,2,0,1.000,3.14,15,1,8,0,0,0,28.2,24,10,10,4,10,0,34,2,0,0,120,135,3.80,1.186,7.5,1.3,3.1,10.7,3.40,0.4,,season
2026,Trevor Williams,willitr01,R,475,34,TEX,AL,2,0,1.000,3.86,7,1,3,0,0,0,11.2,9,5,5,2,4,0,12,1,0,0,49,103,4.56,1.114,6.9,1.5,3.1,9.3,3.00,0.0,,stint
2026,Trevor Williams,willitr01,R,475,34,WSN,NL,0,0,,2.65,8,0,5,0,0,0,17.0,15,5,5,2,6,0,22,1,0,0,71,166,3.28,1.235,7.9,1.1,3.2,11.6,3.67,0.4,,stint
2026,José Cabrera,cabrejo03,R,476,24,ARI,NL,0,4,.000,5.72,8,5,0,0,0,0,28.1,32,18,18,6,11,0,20,3,1,0,129,73,5.93,1.518,10.2,1.9,3.5,6.4,1.82,-0.2,,season
2026,Brendon Little,littlbr02,L,477,29,TOR,AL,0,3,.000,6.35,30,0,5,0,0,0,28.1,29,23,20,5,25,6,44,0,0,0,132,70,4.94,1.906,9.2,1.6,7.9,14.0,1.76,-0.6,,season
2026,Hagen Smith,smithha10,L,478,22,CHW,AL,3,3,.500,1.29,18,1,1,0,0,0,28.0,11,5,4,1,16,0,41,0,0,2,110,330,2.35,0.964,3.5,0.3,5.1,13.2,2.56,1.3,,season
2026,Hunter Greene,greenhu01,R,479,26,CIN,NL,2,2,.500,6.83,5,5,0,0,0,0,27.2,29,22,21,4,9,0,33,0,0,1,121,62,3.57,1.373,9.4,1.3,2.9,10.7,3.67,-0.4,,season
2026,Phil Maton,matonph01,R,480,33,CHC,NL,0,1,.000,6.18,31,0,4,0,0,0,27.2,34,19,19,5,16,0,31,5,0,1,136,69,5.49,1.807,11.1,1.6,5.2,10.1,1.94,-0.6,,season
2026,Matt Wilkinson,wilkima02,L,481,23,SFG,NL,1,3,.250,3.58,8,6,0,0,0,0,27.2,22,14,11,5,5,0,20,0,1,0,110,113,4.55,0.976,7.2,1.6,1.6,6.5,4.00,0.2,,season
2026,Jake Woodford,woodfja01,R,482,29,3TM,2LG,1,0,1.000,7.81,19,0,16,0,0,1,27.2,43,24,24,5,8,0,25,0,0,0,134,56,4.51,1.843,14.0,1.6,2.6,8.1,3.13,-0.6,,season
2026,Jake Woodford,woodfja01,R,482,29,2TM,NL,1,0,1.000,7.18,18,0,16,0,0,1,26.1,40,21,21,4,7,0,23,0,0,0,126,60,4.13,1.785,13.7,1.4,2.4,7.9,3.29,-0.5,,stint
2026,Jake Woodford,woodfja01,R,482,29,TBR,AL,0,0,,20.25,1,0,0,0,0,0,1.1,3,3,3,1,1,0,2,0,0,0,8,27,12.10,3.000,20.3,6.8,6.8,13.5,2.00,-0.2,,stint
2026,Jake Woodford,woodfja01,R,482,29,MIL,NL,1,0,1.000,6.94,16,0,14,0,0,1,23.1,34,18,18,3,7,0,20,0,0,0,112,61,3.96,1.757,13.1,1.2,2.7,7.7,2.86,-0.3,,stint
2026,Jake Woodford,woodfja01,R,482,29,CHC,NL,0,0,,9.00,2,0,2,0,0,0,3.0,6,3,3,1,0,0,3,0,0,0,14,52,5.44,2.000,18.0,3.0,0.0,9.0,,-0.1,,stint
2026,Blas Castaño,castabl01,R,483,27,COL,NL,2,0,1.000,3.62,15,0,6,0,0,0,27.1,27,12,11,4,9,0,21,2,0,0,111,139,4.68,1.317,8.9,1.3,3.0,6.9,2.33,0.7,,season
2026,Nick Davila,davilni01,R,484,27,SEA,AL,0,0,,4.94,24,0,10,0,0,1,27.1,24,17,15,2,13,0,13,4,2,0,119,80,4.97,1.354,7.9,0.7,4.3,4.3,1.00,-0.1,,season
2026,Matt Gage,gagema01,L,485,33,SFG,NL,4,1,.800,5.60,34,0,5,0,0,1,27.1,28,18,17,6,17,0,22,1,0,0,126,72,6.32,1.646,9.2,2.0,5.6,7.2,1.29,-0.4,,season
2026,Luis Gil,gillu01,R,486,28,NYY,AL,1,2,.333,4.61,9,4,3,0,0,0,27.1,21,16,14,6,18,0,17,4,0,2,124,92,7.13,1.427,6.9,2.0,5.9,5.6,0.94,0.0,,season
2026,George Klassen,klassge01,R,487,24,LAA,AL,2,2,.500,3.67,6,6,0,0,0,0,27.0,23,13,11,2,21,0,24,1,0,2,125,111,4.73,1.630,7.7,0.7,7.0,8.0,1.14,0.4,,season
2026,Joe Mantiply,mantijo01,L,488,35,TOR,AL,2,0,1.000,3.00,25,0,7,0,0,0,27.0,27,10,9,3,5,0,22,1,0,0,111,148,3.58,1.185,9.0,1.0,1.7,7.3,4.40,0.4,,season
2026,Cole Wilcox,wilcoco01,R,489,26,SEA,AL,0,0,,4.00,23,0,8,0,0,0,27.0,27,13,12,2,17,1,28,2,0,1,123,99,4.10,1.630,9.0,0.7,5.7,9.3,1.65,0.1,,season
2026,Elmer Rodríguez,rodriel03,R,490,22,NYY,AL,0,3,.000,5.40,6,6,0,0,0,0,26.2,26,16,16,2,16,0,21,5,0,2,125,79,4.86,1.575,8.8,0.7,5.4,7.1,1.31,0.0,,season
2026,Brock Stewart,stewabr01,R,491,34,LAD,NL,1,2,.333,2.70,28,1,6,0,0,1,26.2,17,10,8,3,10,2,25,0,0,0,103,157,3.81,1.013,5.7,1.0,3.4,8.4,2.50,0.5,,season
2026,Will Vest,vestwi01,R,492,31,DET,AL,3,5,.375,6.08,27,0,9,0,0,2,26.2,28,22,18,2,10,0,27,2,0,1,116,70,3.40,1.425,9.5,0.7,3.4,9.1,2.70,-1.0,,season
2026,Geoff Hartlieb,hartlge01,R,493,32,ATH,AL,2,1,.667,4.78,17,0,5,0,0,0,26.1,27,14,14,1,13,0,21,1,0,4,116,94,3.60,1.519,9.2,0.3,4.4,7.2,1.62,0.2,,season
2026,Jalen Beeks,beeksja02,L,494,32,TEX,AL,2,1,.667,3.81,29,0,3,0,0,0,26.0,28,11,11,6,8,1,21,0,0,0,113,103,5.41,1.385,9.7,2.1,2.8,7.3,2.63,0.2,,season
2026,Alan Rangel,rangeal01,R,495,28,PHI,NL,0,3,.000,5.88,7,3,1,0,0,0,26.0,31,17,17,4,13,0,29,2,1,0,123,78,4.60,1.692,10.7,1.4,4.5,10.0,2.23,0.0,,season
2026,Ryan Weiss,weissry01,R,496,29,HOU,AL,0,3,.000,7.62,9,2,3,0,0,0,26.0,35,24,22,8,20,0,30,0,0,0,131,55,7.10,2.115,12.1,2.8,6.9,10.4,1.50,-0.8,,season
2026,Ethan Roberts,roberet01,R,497,28,CHC,NL,0,2,.000,4.21,23,0,5,0,0,0,25.2,22,14,12,3,14,0,17,3,0,0,110,101,5.28,1.403,7.7,1.1,4.9,6.0,1.21,0.0,,season
2026,Keegan Akin,akinke01,L,498,31,BAL,AL,0,1,.000,5.68,24,2,3,0,0,0,25.1,29,18,16,3,9,0,17,0,0,0,114,73,4.37,1.500,10.3,1.1,3.2,6.0,1.89,-0.4,,season
2026,Jonathan Hernández,hernajo02,R,499,29,LAD,NL,0,0,,5.68,16,0,10,0,0,0,25.1,21,16,16,4,13,2,22,0,0,1,109,74,4.96,1.342,7.5,1.4,4.6,7.8,1.69,-0.1,,season
2026,Gavin Collyer,collyga01,R,500,25,TEX,AL,1,1,.500,5.40,24,0,10,0,0,0,25.0,17,16,15,2,19,1,23,6,0,1,113,73,5.30,1.440,6.1,0.7,6.8,8.3,1.21,-0.2,,season
2026,Jason Foley,foleyja01,R,501,30,SFG,NL,3,2,.600,4.32,23,0,7,0,0,0,25.0,27,15,12,2,11,2,15,0,0,2,113,94,4.26,1.520,9.7,0.7,4.0,5.4,1.36,-0.1,,season
2026,Evan Phillips,phillev01,R,502,31,LAD,NL,3,2,.600,3.60,30,0,7,0,0,1,25.0,22,11,10,5,6,3,31,1,0,2,103,117,4.06,1.120,7.9,1.8,2.2,11.2,5.17,0.3,,season
2026,César Perdomo,perdoce01,L,503,24,SFG,NL,0,1,.000,3.65,5,4,0,0,0,0,24.2,27,10,10,4,7,0,14,0,0,0,104,111,4.93,1.378,9.9,1.5,2.6,5.1,2.00,0.4,,season
2026,Yunior Marté,marteyu02,R,504,22,SFG,NL,0,2,.000,4.44,5,3,1,0,0,0,24.1,24,12,12,5,10,0,15,0,0,0,103,92,5.77,1.397,8.9,1.8,3.7,5.5,1.50,0.2,,season
2026,Connor Thomas,thomaco02,L,505,28,2TM,2LG,2,1,.667,7.40,18,0,0,0,0,0,24.1,32,20,20,4,9,0,17,2,0,0,114,58,5.20,1.685,11.8,1.5,3.3,6.3,1.89,-0.1,,season
2026,Connor Thomas,thomaco02,L,505,28,KCR,AL,2,0,1.000,2.50,16,0,0,0,0,0,18.0,17,5,5,0,3,0,13,2,0,0,74,171,2.49,1.111,8.5,0.0,1.5,6.5,4.33,0.5,,stint
2026,Connor Thomas,thomaco02,L,505,28,ATL,NL,0,1,.000,21.32,2,0,0,0,0,0,6.1,15,15,15,4,6,0,4,0,0,0,40,21,12.89,3.316,21.3,5.7,8.5,5.7,0.67,-0.6,,stint
2026,Connor Seabold,seaboco01,R,506,30,3TM,AL,1,0,1.000,5.25,21,0,9,0,0,0,24.0,30,15,14,2,11,0,20,3,0,1,115,84,4.27,1.708,11.3,0.8,4.1,7.5,1.82,-0.2,,season
2026,Connor Seabold,seaboco01,R,506,30,DET,AL,1,0,1.000,3.45,11,0,5,0,0,0,15.2,17,6,6,2,5,0,14,1,0,0,69,124,4.12,1.404,9.8,1.1,2.9,8.0,2.80,0.2,,stint
2026,Connor Seabold,seaboco01,R,506,30,TOR,AL,0,0,,8.10,5,0,2,0,0,0,3.1,6,3,3,0,2,0,1,0,0,1,18,60,4.30,2.400,16.2,0.0,5.4,2.7,0.50,-0.2,,stint
2026,Connor Seabold,seaboco01,R,506,30,KCR,AL,0,0,,9.00,5,0,2,0,0,0,5.0,7,6,5,0,4,0,5,2,0,0,28,50,4.70,2.200,12.6,0.0,7.2,9.0,1.25,-0.2,,stint
2026,Ryan Borucki,borucry01,L,507,32,SFG,NL,1,1,.500,4.94,21,0,7,0,0,0,23.2,27,14,13,3,9,1,15,2,0,1,104,82,4.88,1.521,10.3,1.1,3.4,5.7,1.67,-0.1,,season
2026,José Cuas,cuasjo01,R,508,32,KCR,AL,0,1,.000,2.31,24,0,6,0,0,0,23.1,26,7,6,0,15,1,25,0,0,2,108,184,2.89,1.757,10.0,0.0,5.8,9.6,1.67,0.5,,season
2026,Jordan Montgomery,montgjo01,L,509,33,TEX,AL,1,0,1.000,4.63,12,0,5,0,0,1,23.1,18,12,12,3,6,1,17,1,0,0,94,85,4.22,1.029,6.9,1.2,2.3,6.6,2.83,0.0,,season
2026,Beck Way,waybe01,R,510,26,KCR,AL,1,1,.500,3.86,19,1,8,0,0,0,23.1,27,13,10,4,10,0,21,1,0,3,105,110,4.94,1.586,10.4,1.5,3.9,8.1,2.10,0.0,,season
2026,Ryan Fernandez,fernary01,R,511,28,STL,NL,1,2,.333,3.52,17,0,5,0,0,0,23.0,19,14,9,2,11,0,28,0,0,3,100,113,3.23,1.304,7.4,0.8,4.3,11.0,2.55,-0.2,,season
2026,Beau Brieske,briesbe01,R,512,28,DET,AL,1,0,1.000,4.76,17,0,9,0,0,0,22.2,20,12,12,5,6,0,21,0,0,0,91,89,4.91,1.147,7.9,2.0,2.4,8.3,3.50,0.0,,season
2026,Andrew Nardi,nardian01,L,513,27,MIA,NL,3,3,.500,5.16,25,0,4,0,0,0,22.2,21,13,13,4,11,0,27,1,0,1,99,79,4.60,1.412,8.3,1.6,4.4,10.7,2.45,-0.2,,season
2026,Taijuan Walker,walketa01,R,514,33,PHI,NL,1,4,.200,9.13,5,4,0,0,0,0,22.2,36,25,23,8,11,0,17,1,0,0,115,50,7.78,2.074,14.3,3.2,4.4,6.8,1.55,-0.7,,season
2026,Franco Aleman,alemafr01,R,515,26,CLE,AL,0,1,.000,4.43,21,0,2,0,0,0,22.1,25,12,11,4,10,0,28,4,0,2,103,93,4.80,1.567,10.1,1.6,4.0,11.3,2.80,0.0,,season
2026,Trent Harris,harritr01,R,516,27,SFG,NL,0,1,.000,2.42,21,0,7,0,0,2,22.1,18,7,6,1,7,0,27,0,0,1,90,168,2.21,1.119,7.3,0.4,2.8,10.9,3.86,0.4,,season
2026,Sean Sullivan,sullise01,L,517,23,COL,NL,0,3,.000,8.87,5,5,0,0,0,0,22.1,34,22,22,5,11,0,16,3,1,0,114,57,6.46,2.015,13.7,2.0,4.4,6.4,1.45,-0.4,,season
2026,Danny Coulombe,couloda01,L,518,36,BOS,AL,0,2,.000,4.50,29,0,4,0,0,0,22.0,18,11,11,1,15,0,10,1,0,0,96,92,4.97,1.500,7.4,0.4,6.1,4.1,0.67,-0.1,,season
2026,Yerry de los Santos,delosye01,R,519,28,NYY,AL,1,0,1.000,2.05,16,0,3,0,0,0,22.0,20,9,5,4,8,1,17,0,0,0,94,208,5.01,1.273,8.2,1.6,3.3,7.0,2.13,0.3,,season
2026,Justin Topa,topaju01,R,520,35,2TM,AL,0,1,.000,6.95,25,0,9,0,0,2,22.0,31,19,17,4,12,0,15,2,0,1,108,63,6.01,1.955,12.7,1.6,4.9,6.1,1.25,-0.7,,season
2026,Justin Topa,topaju01,R,520,35,NYY,AL,0,0,,0.00,2,0,1,0,0,0,3.0,4,1,0,0,1,0,3,1,0,0,16,,3.10,1.667,12.0,0.0,3.0,9.0,3.00,0.1,,stint
2026,Justin Topa,topaju01,R,520,35,MIN,AL,0,1,.000,8.05,23,0,8,0,0,2,19.0,27,18,17,4,11,0,12,1,0,1,92,54,6.47,2.000,12.8,1.9,5.2,5.7,1.09,-0.7,,stint
2026,Nate Lavender,lavenna01,L,521,26,NYM,NL,1,0,1.000,1.66,21,0,1,0,0,0,21.2,12,4,4,1,4,0,26,0,0,0,79,248,1.86,0.738,5.0,0.4,1.7,10.8,6.50,0.9,,season
2026,Raymond Burgos,burgora01,L,522,27,BOS,AL,0,0,,4.22,9,0,9,0,0,2,21.1,17,11,10,3,1,0,16,0,0,0,82,98,3.57,0.844,7.2,1.3,0.4,6.8,16.00,0.0,,season
2026,Xzavion Curry,curryxz01,R,523,27,NYM,NL,0,1,.000,5.48,9,1,6,0,0,0,21.1,22,13,13,7,9,0,15,1,0,1,94,75,7.37,1.453,9.3,3.0,3.8,6.3,1.67,-0.1,,season
2026,Brenan Hanifee,hanifbr01,R,524,28,DET,AL,0,1,.000,5.06,23,2,7,0,0,0,21.1,24,12,12,5,7,1,10,1,0,0,93,84,6.34,1.453,10.1,2.1,3.0,4.2,1.43,-0.1,,season
2026,Reiver Sanmartín,sanmare01,L,525,30,SFG,NL,3,0,1.000,4.22,24,0,5,0,0,0,21.1,22,12,10,3,7,1,16,0,0,1,93,97,4.41,1.359,9.3,1.3,3.0,6.8,2.29,-0.2,,season
2026,Tayler Saucedo,sauceta01,L,526,33,LAA,AL,1,1,.500,2.53,28,0,1,0,0,0,21.1,15,6,6,1,7,0,26,3,0,1,87,162,2.68,1.031,6.3,0.4,3.0,11.0,3.71,0.8,,season
2026,Sammy Peralta,peralsa01,L,527,28,2TM,2LG,0,1,.000,6.75,15,1,6,0,0,0,21.1,30,17,16,4,7,0,23,4,0,1,102,63,4.93,1.734,12.7,1.7,3.0,9.7,3.29,-0.5,,season
2026,Sammy Peralta,peralsa01,L,527,28,LAA,AL,0,0,,6.27,13,0,5,0,0,0,18.2,27,14,13,3,5,0,19,2,0,1,87,65,4.28,1.714,13.0,1.4,2.4,9.2,3.80,-0.4,,stint
2026,Sammy Peralta,peralsa01,L,527,28,COL,NL,0,1,.000,10.13,2,1,1,0,0,0,2.2,3,3,3,1,2,0,4,2,0,0,15,55,9.48,1.875,10.1,3.4,6.8,13.5,2.00,0.0,,stint
2026,Khristian Curtis,curtikh01,R,528,24,PIT,NL,2,0,1.000,4.71,6,0,1,0,0,0,21.0,15,11,11,1,12,0,13,1,0,3,87,94,4.34,1.286,6.4,0.4,5.1,5.6,1.08,0.2,,season
2026,Kohl Drake,drakeko01,L,529,25,ARI,NL,0,1,.000,6.53,5,5,0,0,0,0,20.2,24,15,15,5,7,0,17,4,0,0,95,64,6.20,1.500,10.5,2.2,3.0,7.4,2.43,-0.3,,season
2026,Nick Frasso,frassni01,R,530,27,COL,NL,1,1,.500,6.10,19,0,3,0,0,0,20.2,25,15,14,3,7,0,21,2,0,6,96,83,4.26,1.548,10.9,1.3,3.0,9.1,3.00,0.1,,season
2026,Peyton Pallette,pallepe01,R,531,25,CLE,AL,1,2,.333,5.23,16,0,8,0,0,0,20.2,17,13,12,2,16,0,22,3,0,2,97,79,4.99,1.597,7.4,0.9,7.0,9.6,1.38,-0.1,,season
2026,Mick Abel,abelmi01,R,532,24,MIN,AL,1,2,.333,3.98,4,3,0,0,0,0,20.1,22,9,9,0,10,1,23,3,0,0,93,108,2.76,1.574,9.7,0.0,4.4,10.2,2.30,0.4,,season
2026,Jose Franco,francjo02,R,533,25,CIN,NL,1,0,1.000,4.43,10,0,4,0,0,0,20.1,19,11,10,3,16,0,15,0,0,0,93,96,5.91,1.721,8.4,1.3,7.1,6.6,0.94,0.1,,season
2026,Tyler Samaniego,samanty01,L,534,27,BOS,AL,0,3,.000,2.66,20,1,6,0,0,0,20.1,22,8,6,1,8,0,17,2,0,0,90,156,3.54,1.475,9.7,0.4,3.5,7.5,2.13,0.3,,season
2026,Jefry Yan,yanje01,L,535,29,NYM,NL,2,1,.667,4.87,18,1,3,0,0,0,20.1,20,12,11,3,15,0,26,1,0,2,96,85,4.82,1.721,8.9,1.3,6.6,11.5,1.73,-0.1,,season
2026,Shaun Anderson,andersh01,R,536,31,LAA,AL,2,0,1.000,7.65,12,0,4,0,0,0,20.0,25,19,17,4,10,0,17,1,0,1,93,54,5.65,1.750,11.3,1.8,4.5,7.7,1.70,-0.6,,season
2026,Kyle Backhus,backhky01,L,537,28,PHI,NL,2,1,.667,4.95,21,1,5,0,0,0,20.0,25,12,11,3,6,0,20,2,0,1,94,93,4.25,1.550,11.3,1.4,2.7,9.0,3.33,0.1,,season
2026,Cody Bolton,boltoco01,R,538,28,HOU,AL,0,1,.000,5.40,8,3,4,0,0,1,20.0,21,12,12,3,14,0,22,1,0,0,95,77,5.10,1.750,9.5,1.4,6.3,9.9,1.57,0.0,,season
2026,Luke Murphy,murphlu01,R,539,26,LAA,AL,0,3,.000,6.86,21,0,4,0,0,0,19.2,21,17,15,2,11,0,20,1,0,1,88,60,4.22,1.627,9.6,0.9,5.0,9.2,1.82,-0.6,,season
2026,Hunter Bigge,biggehu01,R,540,28,TBR,AL,1,1,.500,6.98,18,0,2,0,0,0,19.1,14,17,15,1,14,1,14,0,0,0,85,62,4.50,1.448,6.5,0.5,6.5,6.5,1.00,-0.8,,season
2026,Drey Jameson,jamesdr01,R,541,28,ARI,NL,0,0,,5.12,12,0,8,0,0,0,19.1,19,11,11,1,10,0,13,1,0,1,86,82,4.14,1.500,8.8,0.5,4.7,6.1,1.30,0.0,,season
2026,Nick Mears,mearsni01,R,542,29,KCR,AL,2,3,.400,5.12,21,0,2,0,0,0,19.1,18,11,11,2,11,1,15,0,0,1,83,83,4.60,1.500,8.4,0.9,5.1,7.0,1.36,-0.1,,season
2026,Eli Morgan,morgael01,R,543,30,KCR,AL,0,1,.000,5.12,16,0,9,0,0,1,19.1,24,11,11,5,9,0,16,2,0,0,91,83,6.52,1.707,11.2,2.3,4.2,7.4,1.78,0.0,,season
2026,Tristan Beck,becktr01,R,544,30,SFG,NL,1,0,1.000,5.21,14,0,8,0,0,1,19.0,21,11,11,2,5,0,9,1,0,1,83,78,4.47,1.368,9.9,0.9,2.4,4.3,1.80,-0.1,,season
2026,Joe Boyle,boylejo01,R,545,26,TBR,AL,0,1,.000,5.21,4,3,1,0,0,0,19.0,13,13,11,1,9,0,21,0,0,1,81,83,3.00,1.158,6.2,0.5,4.3,9.9,2.33,-0.2,,season
2026,Dedniel Núñez,nunezde01,R,546,30,NYM,NL,2,1,.667,3.32,18,0,3,0,0,1,19.0,17,9,7,4,0,0,20,0,0,0,72,124,3.73,0.895,8.1,1.9,0.0,9.5,,0.1,,season
2026,Andrew Sears,searsan01,L,547,23,DET,AL,0,1,.000,7.11,6,3,0,0,0,0,19.0,24,21,15,3,8,0,15,4,0,1,92,60,5.47,1.684,11.4,1.4,3.8,7.1,1.88,-0.9,,season
2026,Carlos Vargas,vargaca01,R,548,26,SEA,AL,3,0,1.000,4.74,16,0,4,0,0,0,19.0,16,10,10,2,4,0,17,4,0,1,81,84,3.94,1.053,7.6,0.9,1.9,8.1,4.25,-0.1,,season
2026,Philip Abner,abnerph01,L,549,24,2TM,NL,0,0,,7.11,13,0,4,0,0,0,19.0,21,17,15,6,11,0,10,0,0,2,86,60,7.89,1.684,9.9,2.8,5.2,4.7,0.91,-0.5,,season
2026,Philip Abner,abnerph01,L,549,24,SFG,NL,0,0,,9.64,5,0,2,0,0,0,4.2,7,7,5,4,3,0,4,0,0,1,22,45,14.46,2.143,13.5,7.7,5.8,7.7,1.33,-0.4,,stint
2026,Philip Abner,abnerph01,L,549,24,ARI,NL,0,0,,6.28,8,0,2,0,0,0,14.1,14,10,10,2,8,0,6,0,0,1,64,67,5.75,1.535,8.8,1.3,5.0,3.8,0.75,-0.1,,stint
2026,Coleman Crow,crowco01,R,550,25,MIL,NL,0,1,.000,5.30,5,4,1,0,0,0,18.2,21,13,11,2,6,1,10,1,0,0,85,80,4.55,1.446,10.1,1.0,2.9,4.8,1.67,-0.2,,season
2026,Jordan Leasure,leasujo01,R,551,27,CHW,AL,2,1,.667,6.27,18,1,2,0,0,0,18.2,15,14,13,6,8,1,18,0,1,1,78,68,6.64,1.232,7.2,2.9,3.9,8.7,2.25,-0.4,,season
2026,Tyler Ferguson,ferguty01,R,552,32,2TM,2LG,0,1,.000,5.30,18,0,6,0,0,0,18.2,15,11,11,6,4,0,21,3,0,0,78,83,6.16,1.018,7.2,2.9,1.9,10.1,5.25,0.0,,season
2026,Tyler Ferguson,ferguty01,R,552,32,ATH,AL,0,0,,27.00,1,0,1,0,0,0,1.1,4,4,4,2,0,0,1,0,0,0,8,21,21.10,3.000,27.0,13.5,0.0,6.8,,-0.1,,stint
2026,Tyler Ferguson,ferguty01,R,552,32,CHC,NL,0,1,.000,3.63,17,0,5,0,0,0,17.1,11,7,7,4,4,0,20,3,0,0,70,118,5.01,0.865,5.7,2.1,2.1,10.4,5.00,0.2,,stint
2026,Osvaldo Bido,bidoos01,R,553,30,2TM,2LG,2,0,1.000,6.27,11,0,6,0,0,1,18.2,15,13,13,3,10,0,11,4,0,4,81,70,6.26,1.339,7.2,1.4,4.8,5.3,1.10,-0.2,,season
2026,Osvaldo Bido,bidoos01,R,553,30,CHW,AL,1,0,1.000,6.23,5,0,2,0,0,0,8.2,8,6,6,2,5,0,5,2,0,0,40,70,7.37,1.500,8.3,2.1,5.2,5.2,1.00,-0.1,,stint
2026,Osvaldo Bido,bidoos01,R,553,30,ATL,NL,1,0,1.000,6.30,6,0,4,0,0,1,10.0,7,7,7,1,5,0,6,2,0,4,41,69,5.30,1.200,6.3,0.9,4.5,5.4,1.20,-0.1,,stint
2026,Jason Alexander,alexaja01,R,554,33,HOU,AL,1,1,.500,9.33,4,2,1,0,0,0,18.1,21,19,19,4,8,0,14,1,0,0,84,45,5.88,1.582,10.3,2.0,3.9,6.9,1.75,-0.5,,season
2026,Robert Garcia,garciro04,L,555,30,TEX,AL,2,1,.667,2.45,19,0,1,0,0,0,18.1,13,7,5,1,9,0,11,0,0,0,70,161,4.08,1.200,6.4,0.5,4.4,5.4,1.22,0.2,,season
2026,Ray Kerr,kerrra01,L,556,31,ATL,NL,0,0,,1.47,9,1,3,0,0,0,18.1,9,3,3,2,2,0,11,2,0,0,66,292,3.97,0.600,4.4,1.0,1.0,5.4,5.50,0.6,,season
2026,Max Kranick,kranima01,R,557,28,WSN,NL,0,1,.000,9.33,17,0,6,0,0,0,18.1,27,19,19,4,13,0,11,1,0,3,94,47,7.03,2.182,13.3,2.0,6.4,5.4,0.85,-0.7,,season
2026,Alex McFarlane,mcfaral02,R,558,25,PHI,NL,4,1,.800,2.00,18,0,3,0,0,0,18.0,12,6,4,1,7,0,19,0,0,0,73,230,2.88,1.056,6.0,0.5,3.5,9.5,2.71,0.7,,season
2026,Hunter Barco,barcohu01,L,559,25,PIT,NL,0,1,.000,7.64,7,0,2,0,0,0,17.2,21,17,15,4,13,0,14,2,0,1,87,58,7.01,1.925,10.7,2.0,6.6,7.1,1.08,-0.6,,season
2026,Edwin Díaz,diazed04,R,560,32,LAD,NL,2,2,.500,9.17,20,0,14,0,0,7,17.2,26,18,18,3,11,2,27,3,0,1,93,46,4.63,2.094,13.2,1.5,5.6,13.8,2.45,-0.9,,season
2026,Blake Weiman,weimabl01,L,561,30,LAA,AL,1,1,.500,2.55,18,0,7,0,0,0,17.2,22,8,5,3,3,3,16,0,0,1,79,161,4.01,1.415,11.2,1.5,1.5,8.2,5.33,0.3,,season
2026,Gerardo Carrillo,carrige01,R,562,27,ARI,NL,3,1,.750,4.15,13,0,2,0,0,0,17.1,14,10,8,0,16,1,21,1,0,1,81,101,3.62,1.731,7.3,0.0,8.3,10.9,1.31,0.1,,season
2026,Kade Morris,morrika01,R,563,24,ATH,AL,0,1,.000,10.90,6,2,3,0,0,0,17.1,30,21,21,5,7,0,10,3,0,1,89,42,7.43,2.135,15.6,2.6,3.6,5.2,1.43,-0.6,,season
2026,Jack Ralston,ralstja01,R,564,28,MIA,NL,0,3,.000,5.71,16,1,4,0,0,0,17.1,15,11,11,5,9,1,19,1,0,2,77,72,6.39,1.385,7.8,2.6,4.7,9.9,2.11,-0.1,,season
2026,Burch Smith,smithbu03,R,565,36,DET,AL,0,2,.000,3.18,13,1,4,0,0,0,17.0,18,8,6,2,7,0,20,0,0,0,73,135,3.51,1.471,9.5,1.1,3.7,10.6,2.86,0.1,,season
2026,Logan Allen,allenlo02,L,566,27,CLE,AL,0,0,,5.94,7,2,3,0,0,0,16.2,23,14,11,3,6,0,16,2,0,0,81,70,4.96,1.740,12.4,1.6,3.2,8.6,2.67,-0.4,,season
2026,Matt Brash,brashma01,R,567,28,SEA,AL,3,0,1.000,0.54,20,0,1,0,0,0,16.2,8,2,1,0,6,1,15,3,0,1,64,739,2.92,0.840,4.3,0.0,3.2,8.1,2.50,1.0,,season
2026,Carlos Carrasco,carraca01,R,568,39,ATL,NL,0,0,,5.94,8,0,6,0,0,0,16.2,21,11,11,3,3,0,7,2,0,0,73,72,5.50,1.440,11.3,1.6,1.6,3.8,2.33,-0.2,,season
2026,Angel Chivilli,chivian01,R,569,23,NYY,AL,1,1,.500,3.78,15,0,3,0,0,0,16.2,14,9,7,4,7,0,16,1,0,1,73,113,5.74,1.260,7.6,2.2,3.8,8.6,2.29,0.1,,season
2026,Cody Laweryson,lawerco01,R,570,28,MIN,AL,1,0,1.000,4.86,15,0,7,0,0,1,16.2,15,12,9,3,8,0,18,2,0,0,78,89,5.08,1.380,8.1,1.6,4.3,9.7,2.25,-0.2,,season
2026,Aaron Bummer,bummeaa01,L,571,32,2TM,2LG,1,2,.333,10.26,21,0,3,0,0,0,16.2,24,21,19,7,11,0,13,1,0,0,88,43,9.16,2.100,13.0,3.8,5.9,7.0,1.18,-1.3,,season
2026,Aaron Bummer,bummeaa01,L,571,32,KCR,AL,0,1,.000,40.50,2,0,0,0,0,0,1.1,6,6,6,1,1,0,0,0,0,0,11,13,15.10,5.250,40.5,6.8,6.8,0.0,0.00,-0.5,,stint
2026,Aaron Bummer,bummeaa01,L,571,32,ATL,NL,1,1,.500,7.63,19,0,3,0,0,0,15.1,18,15,13,6,10,0,13,1,0,0,77,56,8.65,1.826,10.6,3.5,5.9,7.6,1.30,-0.8,,stint
2026,Drew Rom,romdr01,L,572,26,2TM,2LG,1,1,.500,5.94,17,0,5,0,0,0,16.2,22,11,11,1,7,1,17,0,1,3,80,76,3.10,1.740,11.9,0.5,3.8,9.2,2.43,-0.1,,season
2026,Drew Rom,romdr01,L,572,26,ATH,AL,0,1,.000,7.36,12,0,4,0,0,0,11.0,16,9,9,0,3,1,6,0,0,0,53,62,2.83,1.727,13.1,0.0,2.5,4.9,2.00,-0.2,,stint
2026,Drew Rom,romdr01,L,572,26,MIL,NL,1,0,1.000,3.18,5,0,1,0,0,0,5.2,6,2,2,1,4,0,11,0,1,3,27,140,3.63,1.765,9.5,1.6,6.4,17.5,2.75,0.1,,stint
2026,Tom Cosgrove,cosgrto01,L,573,30,WSN,NL,1,2,.333,7.71,18,0,4,0,0,1,16.1,18,16,14,3,6,0,14,2,0,0,74,57,5.24,1.469,9.9,1.7,3.3,7.7,2.33,-1.0,,season
2026,Antwone Kelly,kellyan01,R,574,22,PIT,NL,0,0,,4.41,7,0,4,0,0,0,16.1,17,8,8,2,7,0,12,1,0,0,71,101,4.69,1.469,9.4,1.1,3.9,6.6,1.71,0.2,,season
2026,Zack Kelly,kellyza01,R,575,31,BOS,AL,0,2,.000,3.31,17,0,5,0,0,0,16.1,14,8,6,1,7,0,14,1,0,1,71,126,3.65,1.286,7.7,0.6,3.9,7.7,2.00,0.0,,season
2026,Carson Palmquist,palmqca01,L,576,25,WSN,NL,0,2,.000,7.71,11,6,3,0,0,0,16.1,21,14,14,1,8,0,15,3,0,0,78,57,4.08,1.776,11.6,0.6,4.4,8.3,1.88,-0.4,,season
2026,Ben Peoples,peoplbe01,R,577,25,TEX,AL,0,1,.000,2.76,16,0,7,0,0,0,16.1,14,5,5,3,8,0,10,1,0,0,68,143,5.92,1.347,7.7,1.7,4.4,5.5,1.25,0.3,,season
2026,Jayden Murray,murraja01,R,578,29,2TM,2LG,0,0,,9.37,10,0,4,0,0,0,16.1,25,17,17,3,9,0,14,0,0,0,79,46,5.43,2.082,13.8,1.7,5.0,7.7,1.56,-0.5,,season
2026,Jayden Murray,murraja01,R,578,29,HOU,AL,0,0,,7.43,8,0,2,0,0,0,13.1,19,11,11,1,7,0,8,0,0,0,62,57,4.45,1.950,12.8,0.7,4.7,5.4,1.14,-0.2,,stint
2026,Jayden Murray,murraja01,R,578,29,CHC,NL,0,0,,18.00,2,0,2,0,0,0,3.0,6,6,6,2,2,0,6,0,0,0,17,26,9.77,2.667,18.0,6.0,6.0,18.0,3.00,-0.2,,stint
2026,Zak Kent,kentza01,R,579,28,2TM,2LG,0,0,,5.51,11,0,7,0,0,0,16.1,19,13,10,3,8,0,12,0,0,1,77,81,5.49,1.653,10.5,1.7,4.4,6.6,1.50,-0.2,,season
2026,Zak Kent,kentza01,R,579,28,MIN,AL,0,0,,4.91,2,0,0,0,0,0,3.2,4,5,2,2,5,0,2,0,0,0,20,95,13.19,2.455,9.8,4.9,12.3,4.9,0.40,-0.2,,stint
2026,Zak Kent,kentza01,R,579,28,WSN,NL,0,0,,5.68,9,0,7,0,0,0,12.2,15,8,8,1,3,0,10,0,0,1,57,78,3.26,1.421,10.7,0.7,2.1,7.1,3.33,-0.1,,stint
2026,Connor Brogdon,brogdco01,R,580,31,CLE,AL,2,2,.500,5.06,16,0,5,0,0,1,16.0,15,12,9,5,3,0,15,1,0,2,70,82,6.04,1.125,8.4,2.8,1.7,8.4,5.00,-0.4,,season
2026,Dietrich Enns,ennsdi01,L,581,35,BAL,AL,3,0,1.000,3.94,13,0,3,0,0,0,16.0,13,8,7,0,11,0,13,0,0,1,70,106,3.54,1.500,7.3,0.0,6.2,7.3,1.18,0.1,,season
2026,Luis Morales,morallu01,R,582,23,ATH,AL,0,2,.000,13.50,5,2,2,0,0,0,16.0,27,26,24,7,14,0,13,1,1,1,90,34,9.98,2.563,15.2,3.9,7.9,7.3,0.93,-1.1,,season
2026,Hayden Juenger,juengha01,R,583,25,2TM,AL,0,1,.000,9.00,15,0,2,0,0,0,16.0,24,16,16,0,8,0,6,1,0,0,81,51,4.04,2.000,13.5,0.0,4.5,3.4,0.75,-0.4,,season
2026,Hayden Juenger,juengha01,R,583,25,ATH,AL,0,1,.000,8.36,13,0,1,0,0,0,14.0,22,13,13,0,6,0,6,1,0,0,71,54,3.74,2.000,14.1,0.0,3.9,3.9,1.00,-0.3,,stint
2026,Hayden Juenger,juengha01,R,583,25,TOR,AL,0,0,,13.50,2,0,1,0,0,0,2.0,2,3,3,0,2,0,0,0,0,0,10,38,6.10,2.000,9.0,0.0,9.0,0.0,0.00,-0.1,,stint
2026,Yovanny Cruz,cruzyo01,R,584,26,2TM,2LG,0,2,.000,5.06,17,0,7,0,0,1,16.0,16,9,9,2,9,0,15,2,0,0,70,88,4.91,1.563,9.0,1.1,5.1,8.4,1.67,-0.2,,season
2026,Yovanny Cruz,cruzyo01,R,584,26,NYY,AL,0,0,,1.69,4,0,2,0,0,0,5.1,3,1,1,0,1,0,6,1,0,0,20,265,1.98,0.750,5.1,0.0,1.7,10.1,6.00,0.1,,stint
2026,Yovanny Cruz,cruzyo01,R,584,26,WSN,NL,0,2,.000,6.75,13,0,5,0,0,1,10.2,13,8,8,2,8,0,9,1,0,0,50,66,6.38,1.969,11.0,1.7,6.8,7.6,1.13,-0.4,,stint
2026,Brandan Bidois,bidoibr01,R,585,25,PIT,NL,0,0,,6.32,15,0,5,0,0,0,15.2,19,16,11,5,12,0,20,1,0,3,80,71,7.19,1.979,10.9,2.9,6.9,11.5,1.67,-0.5,,season
2026,Mark Manfredi,manfrma01,L,586,26,COL,NL,1,2,.333,3.45,13,0,0,0,0,0,15.2,15,6,6,1,9,0,15,0,0,1,68,147,3.74,1.532,8.6,0.6,5.2,8.6,1.67,0.5,,season
2026,Miguel Ullola,ullolmi01,R,587,24,HOU,AL,2,0,1.000,2.30,10,2,3,0,0,0,15.2,7,4,4,2,4,0,15,2,0,0,58,183,4.00,0.702,4.0,1.1,2.3,8.6,3.75,0.4,,season
2026,Daniel Espino,espinda02,R,588,25,CLE,AL,0,0,,4.11,14,3,3,0,0,0,15.1,12,7,7,3,7,0,25,0,0,0,65,101,3.75,1.239,7.0,1.8,4.1,14.7,3.57,0.1,,season
2026,Ryan Helsley,helslry01,R,589,31,BAL,AL,0,4,.000,4.11,17,0,14,0,0,8,15.1,13,9,7,3,9,1,21,0,0,3,68,101,4.67,1.435,7.6,1.8,5.3,12.3,2.33,-0.1,,season
2026,Ben Joyce,joycebe01,R,590,25,LAA,AL,0,2,.000,4.11,16,0,7,0,0,5,15.1,8,9,7,1,9,1,18,1,0,2,61,100,3.56,1.109,4.7,0.6,5.3,10.6,2.00,0.0,,season
2026,Brycen Mautz,mautzbr01,L,591,24,STL,NL,0,1,.000,5.87,8,1,2,0,0,0,15.1,18,10,10,2,11,0,19,2,0,3,75,68,4.86,1.891,10.6,1.2,6.5,11.2,1.73,-0.2,,season
2026,Alimber Santa,santaal01,R,592,23,HOU,AL,0,1,.000,1.17,10,0,4,0,0,0,15.1,8,6,2,1,6,0,9,0,1,0,59,358,3.95,0.913,4.7,0.6,3.5,5.3,1.50,0.3,,season
2026,Wyatt Olds,oldswy01,R,593,26,BOS,AL,2,0,1.000,1.20,13,0,6,0,0,0,15.0,11,5,2,2,7,0,20,1,0,2,64,347,3.77,1.200,6.6,1.2,4.2,12.0,2.86,0.3,,season
2026,Luis García,garcilu03,R,594,39,2TM,2LG,0,1,.000,9.00,15,0,10,0,0,2,15.0,23,16,15,2,6,0,6,1,0,0,74,48,5.44,1.933,13.8,1.2,3.6,3.6,1.00,-0.7,,season
2026,Luis García,garcilu03,R,594,39,MIN,AL,0,1,.000,10.38,9,0,7,0,0,2,8.2,12,10,10,2,4,0,2,1,0,0,42,42,7.37,1.846,12.5,2.1,4.2,2.1,0.50,-0.4,,stint
2026,Luis García,garcilu03,R,594,39,NYM,NL,0,0,,7.11,6,0,3,0,0,0,6.1,11,6,5,0,2,0,4,0,0,0,32,60,2.79,2.053,15.6,0.0,2.8,5.7,2.00,-0.2,,stint
2026,Gavin Hollowell,holloga01,R,595,28,CHC,NL,0,0,,2.45,15,0,3,0,0,1,14.2,11,5,4,2,9,0,13,1,0,2,64,176,5.15,1.364,6.8,1.2,5.5,8.0,1.44,0.2,,season
2026,Chad Dallas,dallach01,R,596,26,TOR,AL,2,1,.667,5.02,6,0,0,0,0,0,14.1,13,8,8,2,8,0,17,0,0,1,64,90,4.22,1.465,8.2,1.3,5.0,10.7,2.13,-0.1,,season
2026,Trevor Martin,martitr01,R,597,25,2TM,AL,0,1,.000,4.40,7,0,3,0,0,0,14.1,18,11,7,4,6,0,8,2,0,3,66,100,7.29,1.674,11.3,2.5,3.8,5.0,1.33,-0.3,,season
2026,Trevor Martin,martitr01,R,597,25,TBR,AL,0,0,,3.97,6,0,2,0,0,0,11.1,14,8,5,4,4,0,7,2,0,2,54,110,8.04,1.588,11.1,3.2,3.2,5.6,1.75,-0.2,,stint
2026,Trevor Martin,martitr01,R,597,25,LAA,AL,0,1,.000,6.00,1,0,1,0,0,0,3.0,4,3,2,0,2,0,1,0,0,1,12,76,4.44,2.000,12.0,0.0,6.0,3.0,0.50,-0.1,,stint
2026,Nolan Hoffman,hoffmno01,R,598,28,2TM,2LG,0,0,,3.77,14,0,5,0,0,0,14.1,16,6,6,0,6,0,11,3,0,0,64,120,3.45,1.535,10.0,0.0,3.8,6.9,1.83,0.2,,season
2026,Nolan Hoffman,hoffmno01,R,598,28,KCR,AL,0,0,,3.72,11,0,3,0,0,0,9.2,10,4,4,0,3,0,9,3,0,0,43,117,3.10,1.345,9.3,0.0,2.8,8.4,3.00,0.1,,stint
2026,Nolan Hoffman,hoffmno01,R,598,28,PHI,NL,0,0,,3.86,3,0,2,0,0,0,4.2,6,2,2,0,3,0,2,0,0,0,21,125,4.17,1.929,11.6,0.0,5.8,3.9,0.67,0.1,,stint
2026,Colton Gordon,gordoco01,L,599,27,2TM,2LG,0,1,.000,8.79,5,1,1,0,0,0,14.1,25,15,14,6,4,1,12,1,0,1,70,49,7.92,2.023,15.7,3.8,2.5,7.5,3.00,-0.6,,season
2026,Colton Gordon,gordoco01,L,599,27,HOU,AL,0,0,,11.57,4,1,0,0,0,0,9.1,21,12,12,6,3,1,11,1,0,1,50,37,10.39,2.571,20.3,5.8,2.9,10.6,3.67,-0.5,,stint
2026,Colton Gordon,gordoco01,L,599,27,MIL,NL,0,1,.000,3.60,1,0,1,0,0,0,5.0,4,3,2,0,1,0,1,0,0,0,20,124,3.30,1.000,7.2,0.0,1.8,1.8,1.00,0.0,,stint
2026,Chris Martin,martich02,R,600,40,TEX,AL,1,1,.500,9.00,16,0,6,0,0,0,14.0,25,15,14,4,2,0,9,1,1,1,66,44,6.17,1.929,16.1,2.6,1.3,5.8,4.50,-0.8,,season
2026,Garrett Stallings,stallga01,R,601,28,MIL,NL,0,0,,0.00,6,0,4,0,0,1,14.0,4,0,0,0,5,0,17,0,0,0,51,,1.74,0.643,2.6,0.0,3.2,10.9,3.40,0.5,,season
2026,Peter Strzelecki,strzepe01,R,602,31,STL,NL,1,1,.500,5.79,8,0,3,0,0,0,14.0,13,9,9,1,6,0,8,2,1,0,61,70,4.60,1.357,8.4,0.6,3.9,5.1,1.33,-0.2,,season
2026,Erik Tolman,tolmaer01,L,603,27,WSN,NL,1,1,.500,3.21,14,0,5,0,0,4,14.0,12,6,5,1,8,0,15,0,0,2,61,137,3.60,1.429,7.7,0.6,5.1,9.6,1.88,0.2,,season
2026,Anthony Gose,gosean01,L,604,35,KCR,AL,1,1,.500,0.66,14,0,3,0,0,0,13.2,11,3,1,1,2,0,7,0,0,1,51,653,3.47,0.951,7.2,0.7,1.3,4.6,3.50,0.6,,season
2026,Cole Henry,henryco01,R,605,26,WSN,NL,0,2,.000,7.90,11,0,8,0,0,0,13.2,17,14,12,4,7,0,15,3,0,1,70,56,6.91,1.756,11.2,2.6,4.6,9.9,2.14,-0.5,,season
2026,Brett Kerry,kerrybr01,R,606,27,LAA,AL,0,0,,3.95,3,0,2,0,0,0,13.2,11,6,6,1,2,0,12,0,0,0,54,105,2.74,0.951,7.2,0.7,1.3,7.9,6.00,0.2,,season
2026,Cade Winquest,winquca01,R,607,26,STL,NL,1,0,1.000,3.95,11,0,6,0,0,0,13.2,9,8,6,1,8,0,16,1,0,1,57,102,3.69,1.244,5.9,0.7,5.3,10.5,2.00,0.0,,season
2026,Michael Fulmer,fulmemi01,R,608,33,2TM,AL,0,1,.000,3.29,15,0,4,0,0,0,13.2,11,7,5,2,8,1,18,1,0,1,61,133,4.35,1.390,7.2,1.3,5.3,11.9,2.25,0.1,,season
2026,Michael Fulmer,fulmemi01,R,608,33,NYY,AL,0,1,.000,4.50,12,0,4,0,0,0,10.0,9,7,5,2,6,0,14,1,0,1,46,96,5.00,1.500,8.1,1.8,5.4,12.6,2.33,-0.1,,stint
2026,Michael Fulmer,fulmemi01,R,608,33,LAA,AL,0,0,,0.00,3,0,0,0,0,0,3.2,2,0,0,0,2,1,4,0,0,0,15,,2.56,1.091,4.9,0.0,4.9,9.8,2.00,0.2,,stint
2026,Lázaro Estrada,estrala01,R,609,27,TOR,AL,1,1,.500,5.54,8,0,4,0,0,1,13.0,8,9,8,2,10,1,9,1,1,1,57,82,6.26,1.385,5.5,1.4,6.9,6.2,0.90,0.0,,season
2026,Justin Martínez,martiju01,R,610,24,ARI,NL,3,0,1.000,0.00,14,0,3,0,0,0,13.0,5,2,0,0,6,0,18,1,0,1,50,,1.95,0.846,3.5,0.0,4.2,12.5,3.00,0.5,,season
2026,Zach Maxwell,maxweza01,R,611,25,CIN,NL,0,1,.000,8.31,12,0,5,0,0,1,13.0,18,12,12,3,10,0,12,0,0,2,67,52,6.56,2.154,12.5,2.1,6.9,8.3,1.20,-0.4,,season
2026,Charlie Barnes,barnech01,L,612,30,2TM,NL,0,1,.000,6.92,5,0,5,0,0,0,13.0,17,11,10,3,7,0,6,1,0,0,63,64,7.03,1.846,11.8,2.1,4.8,4.2,0.86,-0.2,,season
2026,Charlie Barnes,barnech01,L,612,30,LAD,NL,0,1,.000,6.30,4,0,4,0,0,0,10.0,13,7,7,3,4,0,5,0,0,0,46,69,7.20,1.700,11.7,2.7,3.6,4.5,1.25,-0.1,,stint
2026,Charlie Barnes,barnech01,L,612,30,CHC,NL,0,0,,9.00,1,0,1,0,0,0,3.0,4,4,3,0,3,0,1,1,0,0,17,52,6.44,2.333,12.0,0.0,9.0,3.0,0.33,-0.1,,stint
2026,Bailey Falter,falteba01,L,613,29,2TM,2LG,0,2,.000,10.38,7,2,3,0,0,0,13.0,26,15,15,4,6,0,8,0,0,1,69,43,7.26,2.462,18.0,2.8,4.2,5.5,1.33,-0.5,,season
2026,Bailey Falter,falteba01,L,613,29,KCR,AL,0,2,.000,13.97,5,2,1,0,0,0,9.2,24,15,15,4,6,0,6,0,0,1,57,31,9.10,3.103,22.3,3.7,5.6,5.6,1.00,-0.6,,stint
2026,Bailey Falter,falteba01,L,613,29,ATL,NL,0,0,,0.00,2,0,2,0,0,0,3.1,2,0,0,0,0,0,2,0,0,0,12,,1.90,0.600,5.4,0.0,0.0,5.4,,0.1,,stint
2026,Brendan Beck,beckbr01,R,614,27,NYY,AL,0,2,.000,9.95,4,2,1,0,0,0,12.2,13,14,14,6,8,0,13,0,0,1,58,43,9.10,1.658,9.2,4.3,5.7,9.2,1.63,-0.5,,season
2026,Yunior Tur,turyu01,R,615,26,ATH,AL,0,0,,16.34,8,0,4,0,0,0,12.2,25,27,23,6,11,0,14,1,0,2,78,28,9.89,2.842,17.8,4.3,7.8,9.9,1.27,-0.8,,season
2026,Jack Weisenburger,weiseja01,R,616,28,NYM,NL,0,0,,2.13,7,0,5,0,0,0,12.2,10,3,3,0,4,0,14,0,0,0,50,195,1.84,1.105,7.1,0.0,2.8,9.9,3.50,0.3,,season
2026,Angel Zerpa,zerpaan01,L,617,26,MIL,NL,0,2,.000,6.39,12,0,3,0,0,2,12.2,16,11,9,2,6,0,8,0,0,1,55,67,5.31,1.737,11.4,1.4,4.3,5.7,1.33,-0.8,,season
2026,Cooper Hjerpe,hjerpco01,L,618,25,STL,NL,1,0,1.000,4.38,4,0,0,0,0,0,12.1,7,6,6,0,9,0,15,2,0,0,55,92,3.35,1.297,5.1,0.0,6.6,10.9,1.67,0.1,,season
2026,William Kempner,kempnwi01,R,619,25,MIA,NL,1,0,1.000,2.92,9,0,3,0,0,0,12.1,8,4,4,1,4,0,14,2,0,0,50,141,3.35,0.973,5.8,0.7,2.9,10.2,3.50,0.2,,season
2026,Danny Young,youngda02,L,620,32,ATL,NL,0,1,.000,8.03,16,1,3,0,0,0,12.1,15,11,11,3,13,2,15,3,0,1,65,54,7.72,2.270,10.9,2.2,9.5,10.9,1.15,-0.4,,season
2026,Jack Anderson,anderja02,R,621,26,2TM,AL,1,0,1.000,2.19,7,0,5,0,0,1,12.1,10,3,3,1,3,0,12,0,0,0,48,200,2.94,1.054,7.3,0.7,2.2,8.8,4.00,0.4,,season
2026,Jack Anderson,anderja02,R,621,26,MIN,AL,1,0,1.000,0.00,4,0,4,0,0,1,4.1,2,0,0,0,1,0,6,0,0,0,16,,1.03,0.692,4.2,0.0,2.1,12.5,6.00,0.3,,stint
2026,Jack Anderson,anderja02,R,621,26,BOS,AL,0,0,,3.38,3,0,1,0,0,0,8.0,8,3,3,1,2,0,6,0,0,0,32,126,3.98,1.250,9.0,1.1,2.3,6.8,3.00,0.1,,stint
2026,Owen Murphy,murphow01,R,622,22,ATL,NL,0,1,.000,6.00,5,1,2,0,0,0,12.0,17,10,8,4,3,0,9,1,0,0,56,72,6.94,1.667,12.8,3.0,2.3,6.8,3.00,-0.3,,season
2026,Cole Sands,sandsco01,R,623,28,MIN,AL,1,1,.500,8.25,13,0,6,0,0,1,12.0,15,11,11,3,5,0,11,1,0,1,56,53,6.02,1.667,11.3,2.3,3.8,8.3,2.20,-0.4,,season
2026,Keegan Thompson,thompke02,R,624,31,COL,NL,0,0,,8.25,5,0,1,0,0,0,12.0,19,11,11,1,2,0,11,0,0,3,57,62,2.85,1.750,14.3,0.8,1.5,8.3,5.50,-0.2,,season
2026,Andrew Hoffmann,hoffman01,R,625,26,ARI,NL,1,0,1.000,7.71,8,0,3,0,0,0,11.2,16,12,10,3,8,0,12,1,0,0,59,55,6.70,2.057,12.3,2.3,6.2,9.3,1.50,-0.4,,season
2026,Landon Knack,knackla01,R,626,28,LAD,NL,1,0,1.000,3.86,4,0,3,0,0,1,11.2,12,5,5,4,2,0,8,1,0,0,50,111,6.96,1.200,9.3,3.1,1.5,6.2,4.00,0.1,,season
2026,CJ Van Eyk,vaneycj01,R,627,27,TOR,AL,0,2,.000,5.40,5,1,2,0,0,0,11.2,15,8,7,2,2,0,3,2,0,0,55,84,5.84,1.457,11.6,1.5,1.5,2.3,1.50,-0.1,,season
2026,Logan VanWey,vanwelo01,R,628,27,HOU,AL,1,0,1.000,1.54,9,0,7,0,0,0,11.2,11,3,2,1,0,0,9,0,0,0,42,275,2.67,0.943,8.5,0.8,0.0,6.9,,0.4,,season
2026,Jedixson Páez,paezje01,R,629,22,2TM,AL,1,1,.500,10.80,5,1,2,0,0,0,11.2,17,14,14,4,5,0,8,0,0,0,57,40,7.47,1.886,13.1,3.1,3.9,6.2,1.60,-0.6,,season
2026,Jedixson Páez,paezje01,R,629,22,CHW,AL,0,0,,18.00,3,0,1,0,0,0,3.0,4,6,6,2,3,0,0,0,0,0,16,26,14.77,2.333,12.0,6.0,9.0,0.0,0.00,-0.2,,stint
2026,Jedixson Páez,paezje01,R,629,22,BOS,AL,1,1,.500,8.31,2,1,1,0,0,0,8.2,13,8,8,2,2,0,8,0,0,0,41,51,4.95,1.731,13.5,2.1,2.1,8.3,4.00,-0.4,,stint
2026,Joe Ross,rossjo01,R,630,33,2TM,2LG,0,1,.000,9.26,8,0,3,0,0,0,11.2,16,13,12,3,6,0,7,0,0,1,57,45,6.79,1.886,12.3,2.3,4.6,5.4,1.17,-0.5,,season
2026,Joe Ross,rossjo01,R,630,33,TEX,AL,0,1,.000,4.50,5,0,3,0,0,0,8.0,9,5,4,2,2,0,5,0,0,0,35,90,5.85,1.375,10.1,2.3,2.3,5.6,2.50,0.0,,stint
2026,Joe Ross,rossjo01,R,630,33,ARI,NL,0,0,,19.64,3,0,0,0,0,0,3.2,7,8,8,1,4,0,2,0,0,1,22,23,8.83,3.000,17.2,2.5,9.8,4.9,0.50,-0.4,,stint
2026,Bradley Blalock,blalobr01,R,631,25,MIA,NL,0,0,,5.56,4,0,4,0,0,0,11.1,11,7,7,4,4,0,12,0,0,1,48,74,6.63,1.324,8.7,3.2,3.2,9.5,3.00,0.0,,season
2026,Zach McCambley,mccamza01,R,632,27,CIN,NL,0,0,,4.76,10,0,6,0,0,0,11.1,13,6,6,1,6,1,11,1,0,1,54,90,4.16,1.676,10.3,0.8,4.8,8.7,1.83,0.1,,season
2026,Joel Peguero,peguejo01,R,633,29,SFG,NL,0,0,,2.38,11,0,5,0,0,0,11.1,10,5,3,0,4,0,5,2,0,1,48,174,3.81,1.235,7.9,0.0,3.2,4.0,1.25,0.2,,season
2026,Easton McGee,mcgeeea01,R,634,28,2TM,2LG,0,0,,7.15,9,0,7,0,0,0,11.1,17,9,9,3,5,0,9,0,0,1,52,62,6.28,1.941,13.5,2.4,4.0,7.1,1.80,-0.2,,season
2026,Easton McGee,mcgeeea01,R,634,28,KCR,AL,0,0,,8.68,7,0,5,0,0,0,9.1,16,9,9,3,4,0,8,0,0,1,46,50,6.85,2.143,15.4,2.9,3.9,7.7,2.00,-0.3,,stint
2026,Easton McGee,mcgeeea01,R,634,28,MIL,NL,0,0,,0.00,2,0,2,0,0,0,2.0,1,0,0,0,1,0,1,0,0,0,6,,3.60,1.000,4.5,0.0,4.5,4.5,1.00,0.1,,stint
2026,Garrett Acton,actonga01,R,635,28,MIN,AL,1,1,.500,5.73,7,0,5,0,0,0,11.0,10,10,7,1,6,1,14,2,0,0,51,76,3.92,1.455,8.2,0.8,4.9,11.5,2.33,-0.2,,season
2026,Elieser Hernández,hernael01,R,636,31,ATL,NL,2,0,1.000,2.45,4,0,2,0,0,1,11.0,10,3,3,3,6,1,11,1,0,1,50,177,6.56,1.455,8.2,2.5,4.9,9.0,1.83,0.3,,season
2026,Luis Perales,perallu02,R,637,23,WSN,NL,0,0,,11.45,6,0,0,0,0,0,11.0,15,14,14,5,13,0,13,0,0,1,60,39,10.19,2.545,12.3,4.1,10.6,10.6,1.00,-0.5,,season
2026,Eddy Yean,yeaned01,R,638,25,WSN,NL,0,1,.000,2.45,8,1,3,0,0,0,11.0,8,3,3,1,2,0,7,1,0,1,45,181,3.83,0.909,6.5,0.8,1.6,5.7,3.50,0.3,,season
2026,Valente Bellozo,bellova01,R,639,26,COL,NL,0,1,.000,7.59,3,0,2,0,0,0,10.2,10,10,9,5,7,2,8,1,0,0,48,67,9.95,1.594,8.4,4.2,5.9,6.8,1.14,-0.3,,season
2026,Hurston Waldrep,waldrhu01,R,640,24,ATL,NL,0,1,.000,8.44,3,2,0,0,0,0,10.2,13,10,10,3,10,0,9,2,0,0,56,52,8.45,2.156,11.0,2.5,8.4,7.6,0.90,-0.3,,season
2026,Corbin Burnes,burneco01,R,641,31,ARI,NL,0,0,,7.84,3,3,0,0,0,0,10.1,12,9,9,5,4,0,8,0,0,1,47,55,9.01,1.548,10.5,4.4,3.5,7.0,2.00,-0.3,,season
2026,Luis Curvelo,curvelu01,R,642,25,TEX,AL,0,0,,9.58,9,0,3,0,0,0,10.1,17,12,11,4,7,2,6,0,0,1,55,42,9.01,2.323,14.8,3.5,6.1,5.2,0.86,-0.4,,season
2026,Joe Rock,rockjo01,L,643,25,2TM,AL,0,1,.000,5.23,5,0,0,0,0,0,10.1,12,7,6,0,13,0,12,2,0,1,56,86,4.55,2.419,10.5,0.0,11.3,10.5,0.92,0.1,,season
2026,Joe Rock,rockjo01,L,643,25,ATH,AL,0,0,,,1,0,0,0,0,0,0.0,1,2,2,0,2,0,0,0,0,0,3,9,,,,,,,0.00,0.0,,stint
2026,Joe Rock,rockjo01,L,643,25,CHW,AL,0,1,.000,3.48,4,0,0,0,0,0,10.1,11,5,4,0,11,0,12,2,0,1,53,124,4.55,2.129,9.6,0.0,9.6,10.5,1.09,0.1,,stint
2026,Jack Sinclair,sinclja01,R,644,27,WSN,NL,1,0,1.000,2.61,10,0,5,0,0,1,10.1,6,3,3,0,4,0,7,3,0,0,43,170,3.78,0.968,5.2,0.0,3.5,6.1,1.75,0.3,,season
2026,Jordan Wicks,wicksjo01,L,645,26,CHC,NL,0,2,.000,10.45,4,2,2,0,0,2,10.1,18,12,12,1,2,0,8,1,0,0,50,42,3.68,1.935,15.7,0.9,1.7,7.0,4.00,-0.9,,season
2026,Max Lazar,lazarma01,R,646,27,PHI,NL,0,0,,6.30,8,0,3,0,0,0,10.0,12,7,7,3,3,0,8,0,0,0,45,74,6.30,1.500,10.8,2.7,2.7,7.2,2.67,0.0,,season
2026,Eduardo Rivera,rivered01,L,647,23,BOS,AL,0,1,.000,6.30,4,3,1,0,0,0,10.0,8,7,7,1,6,0,10,0,0,1,44,67,4.20,1.400,7.2,0.9,5.4,9.0,1.67,-0.1,,season
2026,Lucas Sims,simslu01,R,648,32,CHW,AL,0,2,.000,4.50,9,0,3,0,0,0,10.0,9,7,5,1,7,0,10,1,0,0,46,96,4.80,1.600,8.1,0.9,6.3,9.0,1.43,-0.1,,season
2026,Austin Voth,vothau01,R,649,34,2TM,AL,0,1,.000,9.90,3,0,0,0,0,0,10.0,19,12,11,3,6,0,3,0,0,3,56,47,8.20,2.500,17.1,2.7,5.4,2.7,0.50,-0.5,,season
2026,Austin Voth,vothau01,R,649,34,MIN,AL,0,1,.000,11.25,1,0,0,0,0,0,4.0,11,6,5,0,1,0,2,0,0,0,25,41,2.85,3.000,24.8,0.0,2.3,4.5,2.00,-0.2,,stint
2026,Austin Voth,vothau01,R,649,34,TOR,AL,0,0,,9.00,2,0,0,0,0,0,6.0,8,6,6,3,5,0,1,0,0,3,31,52,11.77,2.167,12.0,4.5,7.5,1.5,0.20,-0.3,,stint
2026,Codi Heuer,heuerco01,R,650,29,CLE,AL,0,1,.000,4.66,8,0,2,0,0,0,9.2,12,5,5,0,5,0,6,1,0,2,46,91,3.72,1.759,11.2,0.0,4.7,5.6,1.20,0.0,,season
2026,James Karinchak,karinja01,R,651,30,ATL,NL,0,0,,1.86,9,0,2,0,0,0,9.2,4,2,2,1,5,0,8,0,0,2,37,235,4.34,0.931,3.7,0.9,4.7,7.4,1.60,0.3,,season
2026,Chase Lee,leech02,R,652,27,TOR,AL,1,0,1.000,6.52,8,0,2,0,0,1,9.2,8,8,7,3,8,2,5,0,0,1,42,70,8.58,1.655,7.4,2.8,7.4,4.7,0.63,-0.2,,season
2026,Carlos Cortes,corteca01,S,653,29,ATH,AL,0,0,,10.61,9,0,9,0,0,0,9.1,15,12,11,4,8,0,1,0,0,1,49,43,11.03,2.464,14.5,3.9,7.7,1.0,0.13,-0.3,,season
2026,Luis De León,deleolu02,L,654,23,BAL,AL,0,2,.000,1.93,8,0,1,0,0,0,9.1,6,3,2,1,2,0,6,0,0,0,36,219,3.85,0.857,5.8,1.0,1.9,5.8,3.00,0.2,,season
2026,Andre Granillo,granian01,R,655,26,WSN,NL,0,0,,9.64,8,0,3,0,0,0,9.1,13,12,10,2,8,0,3,1,0,0,50,46,8.14,2.250,12.5,1.9,7.7,2.9,0.38,-0.4,,season
2026,Yaramil Hiraldo,hiralya01,R,656,30,BAL,AL,1,0,1.000,8.68,8,0,1,0,0,0,9.1,9,9,9,2,10,0,13,1,1,0,48,49,6.64,2.036,8.7,1.9,9.6,12.5,1.30,-0.4,,season
2026,Carlos Rodriguez,rodrica02,R,657,24,MIL,NL,0,0,,3.86,4,0,3,0,0,0,9.1,10,4,4,1,4,0,8,0,0,0,42,112,4.07,1.500,9.6,1.0,3.9,7.7,2.00,0.1,,season
2026,Yariel Rodríguez,rodriya01,R,658,29,TOR,AL,0,1,.000,7.71,10,0,2,0,0,0,9.1,12,11,8,2,7,0,6,1,0,1,45,59,7.17,2.036,11.6,1.9,6.8,5.8,0.86,-0.4,,season
2026,Mitch Spence,spencmi01,R,659,28,KCR,AL,0,2,.000,21.21,3,1,1,0,0,0,9.1,19,22,22,3,9,0,6,0,0,0,56,21,8.89,3.000,18.3,2.9,8.7,5.8,0.67,-0.9,,season
2026,Ken Waldichuk,waldike01,L,660,28,WSN,NL,0,0,,6.75,5,0,1,0,0,0,9.1,8,7,7,4,6,0,8,1,0,0,41,66,9.21,1.500,7.7,3.9,5.8,7.7,1.33,-0.1,,season
2026,Jhony Brito,britojh01,R,661,28,SDP,NL,0,0,,3.00,5,0,3,0,0,0,9.0,7,3,3,2,1,0,6,0,0,0,35,142,4.99,0.889,7.0,2.0,1.0,6.0,6.00,0.1,,season
2026,Cameron Foster,fosteca01,R,662,27,BAL,AL,0,0,,9.00,6,0,3,0,0,0,9.0,17,10,9,1,8,0,9,0,0,2,49,47,5.21,2.778,17.0,1.0,8.0,9.0,1.13,-0.3,,season
2026,Tommy Kahnle,kahnlto01,R,663,36,BOS,AL,0,0,,8.00,8,0,4,0,0,0,9.0,12,8,8,2,6,0,5,0,0,0,43,53,6.88,2.000,12.0,2.0,6.0,5.0,0.83,-0.2,,season
2026,Derek Law,lawde01,R,664,35,ARI,NL,0,0,,1.00,7,1,1,0,0,0,9.0,8,1,1,0,2,0,5,1,0,0,34,430,2.99,1.111,8.0,0.0,2.0,5.0,2.50,0.3,,season
2026,Max Rajcic,rajcima01,R,665,24,STL,NL,0,0,,5.00,6,0,0,0,0,0,9.0,6,5,5,1,6,0,8,0,0,1,39,82,4.77,1.333,6.0,1.0,6.0,8.0,1.33,0.0,,season
2026,Jared Shuster,shustja01,L,666,27,STL,NL,0,0,,9.00,5,0,3,0,0,0,9.0,11,10,9,1,6,1,4,0,0,1,44,45,5.66,1.889,11.0,1.0,6.0,4.0,0.67,-0.3,,season
2026,Jose Trevino,trevijo01,R,667,33,CIN,NL,0,0,,15.00,7,0,7,0,0,0,9.0,22,15,15,3,1,0,3,1,0,0,49,29,7.44,2.556,22.0,3.0,1.0,3.0,3.00,-0.4,,season
2026,Justin Verlander,verlaju01,R,668,43,DET,AL,0,1,.000,7.00,2,2,0,0,0,0,9.0,11,7,7,3,3,0,7,0,0,1,39,62,6.88,1.556,11.0,3.0,3.0,7.0,2.33,-0.2,AS,season
2026,Kolby Allard,allarko01,L,669,28,CLE,AL,0,0,,10.38,4,0,2,0,0,0,8.2,16,10,10,2,3,1,9,1,0,0,45,41,5.41,2.192,16.6,2.1,3.1,9.3,3.00,-0.4,,season
2026,Brendan Cellucci,cellubr01,L,670,28,TOR,AL,0,0,,0.00,6,0,1,0,0,0,8.2,2,0,0,0,3,1,11,0,0,0,30,,1.60,0.577,2.1,0.0,3.1,11.4,3.67,0.4,,season
2026,Christian Roa,roach02,R,671,27,HOU,AL,0,1,.000,5.19,7,0,2,0,0,0,8.2,10,5,5,1,7,0,6,3,0,0,43,82,6.68,1.962,10.4,1.0,7.3,6.2,0.86,0.0,,season
2026,Nick Sandlin,sandlni01,R,672,29,LAA,AL,0,1,.000,11.42,8,0,2,0,0,0,8.2,9,11,11,2,5,0,6,3,0,0,40,37,7.49,1.615,9.3,2.1,5.2,6.2,1.20,-0.6,,season
2026,Joey Gerber,gerbejo01,R,673,29,NYM,NL,0,0,,4.32,7,0,4,0,0,0,8.1,6,4,4,1,4,0,8,0,0,0,34,98,4.18,1.200,6.5,1.1,4.3,8.6,2.00,0.0,,season
2026,Riley Martin,martiri02,L,674,28,CHC,NL,0,0,,2.16,8,1,2,0,0,0,8.1,5,2,2,1,2,0,10,0,0,0,31,203,2.98,0.840,5.4,1.1,2.2,10.8,5.00,0.2,,season
2026,Shane Smith,smithsh02,R,675,26,CHW,AL,0,2,.000,10.80,3,3,0,0,0,0,8.1,12,12,10,1,9,0,11,1,0,0,49,40,5.62,2.520,13.0,1.1,9.7,11.9,1.22,-0.5,,season
2026,John Klein,kleinjo01,R,676,24,2TM,AL,0,1,.000,2.16,4,0,2,0,0,0,8.1,5,4,2,1,6,0,7,0,0,0,35,217,5.14,1.320,5.4,1.1,6.5,7.6,1.17,0.1,,season
2026,John Klein,kleinjo01,R,676,24,MIN,AL,0,1,.000,4.15,3,0,2,0,0,0,4.1,3,2,2,1,4,0,2,0,0,0,19,110,7.95,1.615,6.2,2.1,8.3,4.2,0.50,0.1,,stint
2026,John Klein,kleinjo01,R,676,24,TOR,AL,0,0,,0.00,1,0,0,0,0,0,4.0,2,2,0,0,2,0,5,0,0,0,16,,2.10,1.000,4.5,0.0,4.5,11.3,2.50,0.0,,stint
2026,Matt Krook,krookma01,L,677,31,2TM,2LG,0,1,.000,10.80,11,0,1,0,0,0,8.1,9,11,10,2,10,0,9,2,0,0,46,44,8.38,2.280,9.7,2.2,10.8,9.7,0.90,-0.7,,season
2026,Matt Krook,krookma01,L,677,31,ATH,AL,0,0,,14.73,5,0,0,0,0,0,3.2,5,7,6,1,4,0,5,1,0,0,21,33,8.01,2.455,12.3,2.5,9.8,12.3,1.25,-0.6,,stint
2026,Matt Krook,krookma01,L,677,31,WSN,NL,0,1,.000,7.71,6,0,1,0,0,0,4.2,4,4,4,1,6,0,4,1,0,0,25,60,8.67,2.143,7.7,1.9,11.6,7.7,0.67,-0.1,,stint
2026,Justin Hagenman,hagenju01,R,678,29,NYM,NL,0,0,,3.38,3,1,1,0,0,0,8.0,8,3,3,2,2,0,4,0,0,0,33,125,6.10,1.250,9.0,2.3,2.3,4.5,2.00,0.2,,season
2026,Paul Gervase,gervapa01,R,679,26,LAD,NL,0,0,,2.35,4,0,2,0,0,0,7.2,7,2,2,0,5,0,8,0,0,0,34,186,2.97,1.565,8.2,0.0,5.9,9.4,1.60,0.2,,season
2026,Domingo González,gonzado01,R,680,26,SEA,AL,0,0,,4.70,5,0,5,0,0,0,7.2,9,4,4,1,5,0,5,0,0,0,36,87,5.45,1.826,10.6,1.2,5.9,5.9,1.00,0.0,,season
2026,Ty Johnson,johnsty02,R,681,24,TBR,AL,0,0,,3.52,8,0,1,0,0,0,7.2,7,3,3,1,4,0,11,0,0,1,34,126,3.49,1.435,8.2,1.2,4.7,12.9,2.75,0.1,,season
2026,Joel Payamps,payamjo01,R,682,32,ATL,NL,0,2,.000,8.22,12,0,3,0,0,0,7.2,9,9,7,2,4,0,9,0,0,0,36,54,5.71,1.696,10.6,2.3,4.7,10.6,2.25,-0.4,,season
2026,TJ Shook,shooktj01,R,683,28,COL,NL,0,0,,8.22,5,0,2,0,0,0,7.2,12,7,7,3,2,0,7,0,0,0,36,63,7.15,1.826,14.1,3.5,2.3,8.2,3.50,-0.1,,season
2026,Brett Sullivan,sullibr01,R,684,32,COL,NL,0,0,,4.70,7,0,7,0,0,0,7.2,11,4,4,1,2,0,1,0,0,0,34,110,5.32,1.696,12.9,1.2,2.3,1.2,0.50,0.1,,season
2026,Chris Devenski,devench02,R,685,35,2TM,NL,0,0,,11.74,9,0,2,0,0,0,7.2,14,10,10,3,1,0,5,1,1,1,38,39,7.67,1.957,16.4,3.5,1.2,5.9,5.00,-0.6,,season
2026,Chris Devenski,devench02,R,685,35,PIT,NL,0,0,,7.71,3,0,1,0,0,0,2.1,5,2,2,1,0,0,3,0,0,0,12,65,6.10,2.143,19.3,3.9,0.0,11.6,,0.0,,stint
2026,Chris Devenski,devench02,R,685,35,NYM,NL,0,0,,13.50,6,0,1,0,0,0,5.1,9,8,8,2,1,0,2,1,1,1,26,32,8.35,1.875,15.2,3.4,1.7,3.4,2.00,-0.5,,stint
2026,Chayce McDermott,mcderch01,R,686,27,2TM,NL,1,0,1.000,5.87,5,0,2,0,0,0,7.2,8,5,5,2,4,0,6,0,0,2,36,76,6.49,1.565,9.4,2.3,4.7,7.0,1.50,0.0,,season
2026,Chayce McDermott,mcderch01,R,686,27,LAD,NL,0,0,,7.71,2,0,1,0,0,0,2.1,3,2,2,1,0,0,1,0,0,0,10,63,7.82,1.286,11.6,3.9,0.0,3.9,,0.0,,stint
2026,Chayce McDermott,mcderch01,R,686,27,NYM,NL,1,0,1.000,5.06,3,0,1,0,0,0,5.1,5,3,3,1,4,0,5,0,0,2,26,86,5.91,1.688,8.4,1.7,6.8,8.4,1.25,0.0,,stint
2026,Spencer Bivens,bivensp01,R,687,32,2TM,2LG,0,0,,9.39,6,0,2,0,0,0,7.2,13,10,8,1,6,0,12,0,0,2,42,48,4.02,2.478,15.3,1.2,7.0,14.1,2.00,-0.4,,season
2026,Spencer Bivens,bivensp01,R,687,32,KCR,AL,0,0,,0.00,2,0,1,0,0,0,2.2,2,0,0,0,2,0,4,0,0,0,12,,2.35,1.500,6.8,0.0,6.8,13.5,2.00,0.1,,stint
2026,Spencer Bivens,bivensp01,R,687,32,SFG,NL,0,0,,14.40,4,0,1,0,0,0,5.0,11,10,8,1,4,0,8,0,0,2,30,30,4.90,3.000,19.8,1.8,7.2,14.4,2.00,-0.5,,stint
2026,Joey Estes,estesjo01,R,688,24,ATH,AL,0,0,,11.05,2,1,0,0,0,0,7.1,12,9,9,4,2,0,5,0,0,0,34,42,9.65,1.909,14.7,4.9,2.5,6.1,2.50,-0.3,,season
2026,Bradley Hanner,hannebr01,R,689,27,NYY,AL,1,0,1.000,8.59,5,0,4,0,0,0,7.1,11,7,7,4,1,0,7,0,0,1,34,51,8.69,1.636,13.5,4.9,1.2,8.6,7.00,-0.3,,season
2026,Cade Horton,hortoca01,R,690,24,CHC,NL,1,0,1.000,2.45,2,2,0,0,0,0,7.1,4,2,2,1,2,0,4,0,0,0,26,180,4.60,0.818,4.9,1.2,2.5,4.9,2.00,0.3,,season
2026,Alek Manoah,manoaal01,R,691,28,LAA,AL,0,0,,9.82,3,0,2,0,0,0,7.1,8,9,8,1,8,0,5,0,0,0,39,43,6.78,2.182,9.8,1.2,9.8,6.1,0.63,-0.2,,season
2026,Kyle Nicolas,nicolky01,R,692,27,CIN,NL,1,0,1.000,8.59,7,0,2,0,0,0,7.1,8,7,7,1,13,0,7,0,0,2,42,51,8.28,2.864,9.8,1.2,16.0,8.6,0.54,-0.2,,season
2026,Zach Pop,popza01,R,693,29,PHI,NL,0,0,,3.68,7,1,2,0,0,0,7.1,5,3,3,0,3,0,6,1,0,0,31,128,3.10,1.091,6.1,0.0,3.7,7.4,2.00,0.1,,season
2026,Josh Simpson,simpsjo02,L,694,28,SEA,AL,0,0,,9.82,8,0,2,0,0,0,7.1,11,8,8,4,4,0,10,1,0,0,38,42,9.51,2.045,13.5,4.9,4.9,12.3,2.50,-0.4,,season
2026,Michael Grove,grovemi01,R,695,29,TBR,AL,1,0,1.000,5.14,3,0,1,0,0,0,7.0,7,5,4,3,0,0,6,0,0,0,28,87,6.96,1.000,9.0,3.9,0.0,7.7,,-0.1,,season
2026,Jared Koenig,koenija01,L,696,32,MIL,NL,0,0,,9.00,9,0,1,0,0,0,7.0,12,9,7,1,7,3,7,1,0,1,41,49,6.39,2.714,15.4,1.3,9.0,9.0,1.00,-0.4,,season
2026,Matt Pushard,pushama01,R,697,28,STL,NL,0,0,,5.14,6,0,5,0,0,0,7.0,6,5,4,0,4,0,6,1,0,2,32,80,3.53,1.429,7.7,0.0,5.1,7.7,1.50,-0.1,,season
2026,Tanner Rainey,raineta01,R,698,33,DET,AL,0,0,,3.86,6,0,2,0,0,0,7.0,3,3,3,0,8,0,6,1,0,4,31,114,5.24,1.571,3.9,0.0,10.3,7.7,0.75,0.1,,season
2026,Duncan Davitt,davitdu01,R,699,26,2TM,2LG,0,0,,5.14,5,0,3,0,0,0,7.0,8,4,4,2,3,0,5,0,0,0,31,87,6.67,1.571,10.3,2.6,3.9,6.4,1.67,0.0,,season
2026,Duncan Davitt,davitdu01,R,699,26,CHW,AL,0,0,,4.50,2,0,2,0,0,0,2.0,2,1,1,1,1,0,1,0,0,0,8,110,10.10,1.500,9.0,4.5,4.5,4.5,1.00,0.0,,stint
2026,Duncan Davitt,davitdu01,R,699,26,SFG,NL,0,0,,5.40,3,0,1,0,0,0,5.0,6,3,3,1,2,0,4,0,0,0,23,80,5.30,1.600,10.8,1.8,3.6,7.2,2.00,0.0,,stint
2026,Brian Fitzpatrick,fitzpbr01,L,700,26,MIL,NL,0,0,,1.35,5,0,1,0,0,0,6.2,7,2,1,0,3,0,5,0,1,0,30,326,2.95,1.500,9.5,0.0,4.1,6.8,1.67,0.1,,season
2026,J.P. France,francjp01,R,701,31,HOU,AL,0,0,,8.10,3,0,2,0,0,0,6.2,6,6,6,1,5,0,4,1,0,1,31,54,6.55,1.650,8.1,1.4,6.8,5.4,0.80,-0.1,,season
2026,Marco Gonzales,gonzama02,L,702,34,TEX,AL,0,0,,1.35,3,0,2,0,0,1,6.2,7,1,1,0,4,1,3,0,0,0,29,303,4.00,1.650,9.5,0.0,5.4,4.1,0.75,0.2,,season
2026,Parker Mushinski,mushipa01,L,703,30,COL,NL,1,0,1.000,2.70,8,0,1,0,0,0,6.2,9,2,2,0,5,0,0,0,0,1,34,193,5.35,2.100,12.2,0.0,6.8,0.0,0.00,0.3,,season
2026,Kervin Castro,castrke01,R,704,27,NYY,AL,0,0,,1.42,5,0,2,0,0,0,6.1,3,1,1,0,2,0,8,0,0,0,23,312,1.52,0.789,4.3,0.0,2.8,11.4,4.00,0.3,,season
2026,Wyatt Mills,millswy01,R,705,31,LAD,NL,0,0,,5.68,6,0,4,0,0,0,6.1,5,5,4,0,9,1,5,2,0,1,36,78,6.73,2.211,7.1,0.0,12.8,7.1,0.56,-0.1,,season
2026,Ricky Vanasco,vanasri01,R,706,27,DET,AL,0,1,.000,15.63,5,0,2,0,0,0,6.1,14,12,11,2,6,0,4,0,0,1,40,28,8.79,3.158,19.9,2.8,8.5,5.7,0.67,-0.6,,season
2026,Carl Edwards Jr.,edwarca01,R,707,34,NYM,NL,0,0,,1.50,2,0,1,0,0,0,6.0,3,1,1,1,4,0,11,0,0,0,25,287,3.60,1.167,4.5,1.5,6.0,16.5,2.75,0.2,,season
2026,Tyler Gilbert,gilbety01,L,708,32,CHW,AL,0,0,,12.00,5,1,0,0,0,0,6.0,12,8,8,2,4,0,4,0,0,0,32,37,8.10,2.667,18.0,3.0,6.0,6.0,1.00,-0.4,,season
2026,Cole Irvin,irvinco01,L,709,32,LAD,NL,0,1,.000,9.00,1,0,0,0,0,0,6.0,8,6,6,1,3,0,5,1,0,0,30,49,5.60,1.833,12.0,1.5,4.5,7.5,1.67,-0.4,,season
2026,Brandon Leibrandt,leibrbr01,L,710,33,CIN,NL,0,0,,7.50,1,0,1,0,0,0,6.0,10,5,5,2,3,1,3,0,0,0,30,59,7.94,2.167,15.0,3.0,4.5,4.5,1.00,-0.1,,season
2026,Marco Raya,rayama01,R,711,23,MIN,AL,0,0,,3.00,3,0,3,0,0,0,6.0,5,2,2,1,3,0,4,0,0,0,25,150,5.44,1.333,7.5,1.5,4.5,6.0,1.33,0.1,,season
2026,Ricky Tiedemann,tiederi01,L,712,23,TOR,AL,0,0,,1.50,5,0,0,0,0,0,6.0,5,1,1,0,6,0,8,1,1,1,29,310,3.94,1.833,7.5,0.0,9.0,12.0,1.33,0.2,,season
2026,Yilber Díaz,diazyi01,R,713,25,2TM,2LG,0,0,,16.50,5,0,3,0,0,0,6.0,12,11,11,2,5,0,6,0,0,0,34,28,7.94,2.833,18.0,3.0,7.5,9.0,1.20,-0.3,,season
2026,Yilber Díaz,diazyi01,R,713,25,DET,AL,0,0,,6.75,4,0,3,0,0,0,5.1,5,4,4,1,4,0,6,0,0,0,24,66,5.54,1.688,8.4,1.7,6.8,10.1,1.50,-0.1,,stint
2026,Yilber Díaz,diazyi01,R,713,25,ARI,NL,0,0,,94.50,1,0,0,0,0,0,0.2,7,7,7,1,1,0,0,0,0,0,10,7,27.10,12.000,94.5,13.5,13.5,0.0,0.00,-0.2,,stint
2026,Lou Trivino,trivilo01,R,714,34,2TM,2LG,0,0,,15.00,5,0,1,0,0,0,6.0,10,10,10,1,7,0,7,1,0,1,36,32,6.94,2.833,15.0,1.5,10.5,10.5,1.00,-0.3,,season
2026,Lou Trivino,trivilo01,R,714,34,BAL,AL,0,0,,18.00,2,0,0,0,0,0,3.0,6,6,6,0,3,0,3,0,0,0,18,25,4.10,3.000,18.0,0.0,9.0,9.0,1.00,-0.2,,stint
2026,Lou Trivino,trivilo01,R,714,34,PHI,NL,0,0,,12.00,3,0,1,0,0,0,3.0,4,4,4,1,4,0,4,1,0,1,18,42,9.77,2.667,12.0,3.0,12.0,12.0,1.00,-0.1,,stint
2026,Carter Baumler,baumlca01,R,715,24,TEX,AL,0,0,,3.18,4,0,1,0,0,0,5.2,4,2,2,1,6,0,6,1,0,0,27,130,6.98,1.765,6.4,1.6,9.5,9.5,1.00,0.1,,season
2026,Alex Cook,cookal01,R,716,25,TBR,AL,0,0,,4.76,4,0,2,0,0,0,5.2,4,3,3,1,2,0,5,0,0,0,24,94,4.69,1.059,6.4,1.6,3.2,7.9,2.50,0.0,,season
2026,Manuel Rodríguez,rodrima01,R,717,29,TBR,AL,0,0,,3.18,5,0,0,0,0,0,5.2,6,3,2,1,6,1,9,1,0,1,31,142,5.93,2.118,9.5,1.6,9.5,14.3,1.50,0.0,,season
2026,Taylor Rashi,rashita01,R,718,30,2TM,2LG,1,0,1.000,7.94,4,0,2,0,0,0,5.2,6,5,5,1,3,0,5,0,0,0,26,60,5.22,1.588,9.5,1.6,4.8,7.9,1.67,-0.2,,season
2026,Taylor Rashi,rashita01,R,718,30,ATH,AL,0,0,,4.50,1,0,0,0,0,0,2.0,3,1,1,0,2,0,1,0,0,0,11,116,5.10,2.500,13.5,0.0,9.0,4.5,0.50,0.0,,stint
2026,Taylor Rashi,rashita01,R,718,30,ARI,NL,1,0,1.000,9.82,3,0,2,0,0,0,3.2,3,4,4,1,1,0,4,0,0,0,15,46,5.28,1.091,7.4,2.5,2.5,9.8,4.00,-0.2,,stint
2026,Eric Cerantola,ceraner01,R,719,26,KCR,AL,0,0,,10.13,4,0,2,0,0,0,5.1,4,6,6,2,10,0,7,0,0,1,27,44,10.98,2.625,6.8,3.4,16.9,11.8,0.70,-0.2,,season
2026,Brody Hopkins,hopkibr01,R,720,24,TBR,AL,0,0,,5.06,6,0,0,0,0,0,5.1,2,3,3,1,6,0,7,0,0,3,24,89,6.29,1.500,3.4,1.7,10.1,11.8,1.17,0.0,,season
2026,Bobby Miller,millebo06,R,721,27,LAD,NL,1,0,1.000,5.06,2,0,0,0,0,0,5.1,4,3,3,1,2,1,3,3,0,0,24,88,7.23,1.125,6.8,1.7,3.4,5.1,1.50,0.0,,season
2026,Tyler Heineman,heinety01,R,722,35,2TM,AL,0,0,,10.13,5,0,5,0,0,0,5.1,9,6,6,2,1,0,0,0,0,0,26,48,8.54,1.875,15.2,3.4,1.7,0.0,0.00,-0.1,,season
2026,Tyler Heineman,heinety01,R,722,35,TOR,AL,0,0,,13.50,3,0,3,0,0,0,3.1,7,5,5,1,1,0,0,0,0,0,18,36,7.90,2.400,18.9,2.7,2.7,0.0,0.00,-0.2,,stint
2026,Tyler Heineman,heinety01,R,722,35,LAA,AL,0,0,,4.50,2,0,2,0,0,0,2.0,2,1,1,1,0,0,0,0,0,0,8,106,9.60,1.000,9.0,4.5,0.0,0.0,,0.0,,stint
2026,Kent Emanuel,emanuke01,L,723,34,CIN,NL,0,1,.000,3.60,1,1,0,0,0,0,5.0,5,2,2,0,3,0,4,1,0,0,23,124,3.90,1.600,9.0,0.0,5.4,7.2,1.33,0.2,,season
2026,Alek Jacob,jacobal01,R,724,28,SDP,NL,1,0,1.000,5.40,3,0,1,0,0,0,5.0,5,3,3,1,2,0,6,1,0,0,23,81,5.10,1.400,9.0,1.8,3.6,10.8,3.00,0.0,,season
2026,Michael Kelly,kellymi03,R,725,33,ATH,AL,0,0,,16.20,5,0,2,0,0,0,5.0,12,9,9,1,6,0,6,0,0,0,32,29,6.90,3.600,21.6,1.8,10.8,10.8,1.00,-0.8,,season
2026,Corbin Martin,martico02,R,726,30,CHC,NL,0,0,,10.80,7,0,3,0,0,1,5.0,5,6,6,2,5,0,4,0,0,1,25,42,9.70,2.000,9.0,3.6,9.0,7.2,0.80,-0.3,,season
2026,Gregory Santos,santogr01,R,727,26,SFG,NL,0,0,,3.60,3,0,1,0,0,0,5.0,5,5,2,0,3,0,1,0,1,0,22,120,4.50,1.600,9.0,0.0,5.4,1.8,0.33,-0.1,,season
2026,Robby Snelling,snellro01,L,728,22,MIA,NL,0,1,.000,5.40,1,1,0,0,0,0,5.0,5,3,3,1,4,0,2,0,0,0,22,80,7.30,1.800,9.0,1.8,7.2,3.6,0.50,0.0,,season
2026,Ben Williamson,willibe03,R,729,25,TBR,AL,0,0,,3.60,5,0,5,0,0,0,5.0,5,2,2,1,1,0,0,0,0,0,21,126,6.30,1.200,9.0,1.8,1.8,0.0,0.00,0.0,,season
2026,Bruce Zimmermann,zimmebr02,L,730,31,STL,NL,0,0,,5.40,1,0,0,0,0,0,5.0,6,3,3,0,1,0,2,0,0,0,21,78,2.90,1.400,10.8,0.0,1.8,3.6,2.00,0.0,,season
2026,Ben Casparius,caspabe01,R,731,27,LAD,NL,0,1,.000,9.64,5,0,2,0,0,0,4.2,6,5,5,1,4,0,4,0,0,0,23,47,6.74,2.143,11.6,1.9,7.7,7.7,1.00,-0.2,,season
2026,Ian Hamilton,hamilia01,R,732,31,ATL,NL,0,0,,7.71,4,0,1,0,0,0,4.2,6,4,4,0,3,0,4,0,0,0,23,59,3.32,1.929,11.6,0.0,5.8,7.7,1.33,-0.1,,season
2026,José Rodríguez,rodrijo11,R,733,24,TOR,AL,0,0,,0.00,4,0,0,0,0,0,4.2,3,0,0,0,0,0,5,0,0,0,16,,0.96,0.643,5.8,0.0,0.0,9.6,,0.2,,season
2026,Javier Sanoja,sanojja01,R,734,23,MIA,NL,0,0,,13.50,5,0,5,0,0,0,4.2,11,7,7,2,1,0,1,1,0,0,27,32,9.53,2.571,21.2,3.9,1.9,1.9,1.00,-0.2,,season
2026,Garrett Stubbs,stubbga01,R,735,33,PHI,NL,0,0,,9.64,5,0,5,0,0,0,4.2,8,5,5,1,1,0,0,1,0,0,24,50,7.17,1.929,15.4,1.9,1.9,0.0,0.00,-0.1,,season
2026,Tyler Tolbert,tolbety01,R,736,28,KCR,AL,0,0,,25.07,5,0,5,0,0,0,4.2,17,13,13,4,3,0,0,1,0,0,33,18,16.82,4.286,32.8,7.7,5.8,0.0,0.00,-0.4,,season
2026,John Brebbia,brebbjo01,R,737,36,COL,NL,0,0,,10.38,3,0,1,0,0,0,4.1,7,5,5,2,0,0,2,0,0,0,21,51,8.18,1.615,14.5,4.2,0.0,4.2,,-0.1,,season
2026,Juan Burgos,burgoju01,R,738,26,ARI,NL,0,0,,2.08,4,0,3,0,0,0,4.1,3,1,1,0,0,0,0,1,0,0,17,216,3.79,0.692,6.2,0.0,0.0,0.0,,0.1,,season
2026,José Corniell,cornijo01,R,739,23,TEX,AL,0,1,.000,20.77,2,0,1,0,0,0,4.1,11,10,10,2,4,1,4,0,0,0,28,20,10.03,3.462,22.8,4.2,8.3,8.3,1.00,-0.5,,season
2026,Braxton Garrett,garrebr01,L,740,28,MIA,NL,0,1,.000,14.54,2,2,0,0,0,0,4.1,7,7,7,0,8,0,5,0,0,0,28,30,6.33,3.462,14.5,0.0,16.6,10.4,0.63,-0.4,,season
2026,Austin Hedges,hedgeau01,R,741,33,CLE,AL,0,0,,6.23,4,0,4,0,0,0,4.1,7,3,3,0,0,0,1,0,0,0,20,71,2.64,1.615,14.5,0.0,0.0,2.1,,0.0,,season
2026,Jared Simpson,simpsja01,L,742,26,WSN,NL,1,1,.500,10.38,4,1,0,0,0,0,4.1,1,5,5,0,7,0,4,0,0,1,20,45,6.10,1.846,2.1,0.0,14.5,8.3,0.57,-0.3,,season
2026,Jeff Criswell,criswje01,R,743,27,COL,NL,0,0,,4.50,3,0,1,0,0,0,4.0,4,2,2,2,3,0,3,0,0,0,18,119,10.35,1.750,9.0,4.5,6.8,6.8,1.00,0.1,,season
2026,Jake Eder,ederja01,L,744,27,LAD,NL,1,0,1.000,2.25,4,0,4,0,0,0,4.0,3,1,1,0,1,0,1,0,0,0,15,202,3.35,1.000,6.8,0.0,2.3,2.3,1.00,0.1,,season
2026,Julian Fernández,fernaju02,R,745,30,WSN,NL,0,0,,2.25,3,0,3,0,0,0,4.0,3,3,1,1,2,0,3,0,0,1,18,208,6.35,1.250,6.8,2.3,4.5,6.8,1.50,0.0,,season
2026,Woo-Suk Go,gowo01,R,746,27,MIN,AL,0,0,,9.00,4,0,2,0,0,0,4.0,8,4,4,2,2,0,5,0,0,0,22,51,8.60,2.500,18.0,4.5,4.5,11.3,2.50,-0.1,,season
2026,Josiah Gray,grayjo03,R,747,28,WSN,NL,0,0,,0.00,3,0,3,0,0,1,4.0,3,0,0,0,1,0,2,0,0,0,15,,2.85,1.000,6.8,0.0,2.3,4.5,2.00,0.2,,season
2026,Hunter Harvey,harvehu01,R,748,31,CHC,NL,0,1,.000,6.75,4,0,1,0,0,0,4.0,5,3,3,2,1,0,4,0,0,0,18,68,8.35,1.500,11.3,4.5,2.3,9.0,4.00,-0.1,,season
2026,Jonathan Heasley,heasljo01,R,749,29,TBR,AL,0,0,,11.25,1,0,1,0,0,0,4.0,8,5,5,2,0,0,2,0,0,0,19,41,8.60,2.000,18.0,4.5,0.0,4.5,,-0.1,,season
2026,DJ Herz,herzdj01,L,750,25,WSN,NL,0,1,.000,9.00,1,1,0,0,0,0,4.0,5,4,4,1,2,0,4,0,0,1,19,52,5.85,1.750,11.3,2.3,4.5,9.0,2.00,-0.1,,season
2026,James McCann,mccanja02,R,751,36,ARI,NL,0,0,,11.25,4,0,4,0,0,0,4.0,9,6,5,1,3,0,0,0,0,0,23,40,8.60,3.000,20.3,2.3,6.8,0.0,0.00,-0.2,,season
2026,Patrick Monteverde,montepa01,L,752,28,MIA,NL,0,0,,9.00,1,0,1,0,0,0,4.0,5,4,4,1,1,0,2,0,0,1,18,49,6.10,1.500,11.3,2.3,2.3,4.5,2.00,-0.1,,season
2026,Roddery Muñoz,munozro01,R,753,26,HOU,AL,0,0,,15.75,3,0,0,0,0,0,4.0,7,7,7,3,6,0,6,0,0,2,25,29,14.35,3.250,15.8,6.8,13.5,13.5,1.00,-0.3,,season
2026,Miguel Rojas,rojasmi02,R,754,37,LAD,NL,0,0,,13.50,4,0,4,0,0,0,4.0,9,6,6,2,1,0,0,1,0,0,23,34,11.10,2.500,20.3,4.5,2.3,0.0,0.00,-0.2,,season
2026,Carson Spiers,spierca01,R,755,28,CIN,NL,0,0,,9.00,1,0,0,0,0,0,4.0,5,4,4,3,0,0,5,0,0,0,17,51,10.35,1.250,11.3,6.8,0.0,11.3,,-0.1,,season
2026,Myles Straw,strawmy01,R,756,31,TOR,AL,0,0,,4.50,4,0,4,0,0,0,4.0,8,2,2,1,1,0,0,0,0,0,20,106,7.10,2.250,18.0,2.3,2.3,0.0,0.00,0.0,,season
2026,Jorbit Vivas,vivasjo01,R,757,25,WSN,NL,0,0,,13.50,4,0,4,0,0,0,4.0,11,7,6,1,1,0,0,3,0,0,27,35,9.35,3.000,24.8,2.3,2.3,0.0,0.00,-0.2,,season
2026,Zach Eflin,eflinza01,R,758,32,BAL,AL,0,0,,2.45,1,1,0,0,0,0,3.2,4,1,1,1,2,0,7,0,0,0,17,183,4.47,1.636,9.8,2.5,4.9,17.2,3.50,0.1,,season
2026,Johan Oviedo,oviedjo01,R,759,28,BOS,AL,0,0,,9.82,1,0,1,0,0,0,3.2,6,4,4,2,1,0,3,1,0,1,18,46,10.19,1.909,14.7,4.9,2.5,7.4,3.00,-0.1,,season
2026,Nick Raquet,raqueni01,L,760,30,BAL,AL,0,0,,7.36,4,0,3,0,0,0,3.2,3,3,3,1,2,0,1,1,0,0,17,61,8.56,1.364,7.4,2.5,4.9,2.5,0.50,-0.1,,season
2026,Braxton Roxby,roxbybr01,R,761,27,SFG,NL,0,0,,4.91,3,0,1,0,0,0,3.2,6,2,2,0,0,0,3,1,0,0,18,90,2.28,1.636,14.7,0.0,0.0,7.4,,0.0,,season
2026,Ildemaro Vargas,vargail01,R,762,34,ARI,NL,0,0,,4.91,3,0,3,0,0,0,3.2,3,2,2,0,3,0,0,1,0,0,17,93,6.37,1.636,7.4,0.0,7.4,0.0,0.00,0.0,,season
2026,Andrew Wantz,wantzan01,R,763,30,2TM,2LG,0,0,,14.73,2,0,1,0,0,0,3.2,5,6,6,1,3,0,1,2,0,0,20,34,10.19,2.182,12.3,2.5,7.4,2.5,0.33,-0.2,,season
2026,Andrew Wantz,wantzan01,R,763,30,TBR,AL,0,0,,27.00,1,0,0,0,0,0,1.2,2,5,5,1,2,0,1,2,0,0,11,19,16.90,2.400,10.8,5.4,10.8,5.4,0.50,-0.2,,stint
2026,Andrew Wantz,wantzan01,R,763,30,CHC,NL,0,0,,4.50,1,0,1,0,0,0,2.0,3,1,1,0,1,0,0,0,0,0,9,111,4.60,2.000,13.5,0.0,4.5,0.0,0.00,0.0,,stint
2026,Joey Lucchesi,lucchjo01,L,764,33,LAA,AL,0,1,.000,13.50,5,0,1,0,0,0,3.1,7,6,5,1,6,0,4,1,0,0,24,33,10.90,3.900,18.9,2.7,16.2,10.8,0.67,-0.4,,season
2026,Noah Murdock,murdono01,R,765,27,PIT,NL,0,0,,0.00,3,0,1,0,0,0,3.1,3,0,0,0,3,0,4,0,0,1,15,,3.40,1.800,8.1,0.0,8.1,10.8,1.33,0.2,,season
2026,Vince Velasquez,velasvi01,R,766,34,CHC,NL,0,0,,0.00,2,0,2,0,0,0,3.1,1,0,0,0,0,0,1,0,0,1,11,,2.50,0.300,2.7,0.0,0.0,2.7,,0.1,,season
2026,Hunter Stratton,strathu01,R,767,29,2TM,NL,0,0,,5.40,3,0,2,0,0,0,3.1,6,2,2,0,0,0,3,0,0,0,15,97,1.30,1.800,16.2,0.0,0.0,8.1,,0.0,,season
2026,Hunter Stratton,strathu01,R,767,29,PIT,NL,0,0,,7.71,2,0,1,0,0,0,2.1,5,2,2,0,0,0,2,0,0,0,12,65,1.39,2.143,19.3,0.0,0.0,7.7,,0.0,,stint
2026,Hunter Stratton,strathu01,R,767,29,ATL,NL,0,0,,0.00,1,0,1,0,0,0,1.0,1,0,0,0,0,0,1,0,0,0,3,,1.10,1.000,9.0,0.0,0.0,9.0,,0.0,,stint
2026,Weston Wilson,wilsowe01,R,768,31,2TM,AL,0,0,,18.90,4,0,4,0,0,0,3.1,11,7,7,2,0,0,0,0,0,0,21,26,10.90,3.300,29.7,5.4,0.0,0.0,,-0.2,,season
2026,Weston Wilson,wilsowe01,R,768,31,SEA,AL,0,0,,27.00,1,0,1,0,0,0,1.0,5,3,3,0,0,0,0,0,0,0,8,20,3.10,5.000,45.0,0.0,0.0,0.0,,-0.1,,stint
2026,Weston Wilson,wilsowe01,R,768,31,BAL,AL,0,0,,15.43,3,0,3,0,0,0,2.1,6,4,4,2,0,0,0,0,0,0,13,31,14.24,2.571,23.1,7.7,0.0,0.0,,-0.1,,stint
2026,Lyon Richardson,richaly01,R,769,26,2TM,NL,0,1,.000,13.50,3,1,1,0,0,0,3.1,2,5,5,2,3,0,4,1,0,0,16,38,12.10,1.500,5.4,5.4,8.1,10.8,1.33,-0.2,,season
2026,Lyon Richardson,richaly01,R,769,26,MIL,NL,0,0,,0.00,1,0,1,0,0,0,1.2,0,0,0,0,1,0,1,0,0,0,6,,3.70,0.600,0.0,0.0,5.4,5.4,1.00,0.1,,stint
2026,Lyon Richardson,richaly01,R,769,26,CIN,NL,0,1,.000,27.00,2,1,0,0,0,0,1.2,2,5,5,2,2,0,3,1,0,0,10,19,20.50,2.400,10.8,10.8,10.8,16.2,1.50,-0.3,,stint
2026,Julian Aguiar,aguiaju01,R,770,25,CIN,NL,1,0,1.000,6.00,1,0,0,0,0,0,3.0,4,2,2,0,1,0,2,0,0,0,14,78,2.77,1.667,12.0,0.0,3.0,6.0,2.00,0.0,,season
2026,Tanner Andrews,andreta01,R,771,30,TOR,AL,0,0,,0.00,2,0,2,0,0,0,3.0,1,0,0,0,2,0,1,0,0,0,11,,4.44,1.000,3.0,0.0,6.0,3.0,0.50,0.1,,season
2026,Ty Blach,blachty01,L,772,35,CHC,NL,0,0,,0.00,1,0,1,0,0,0,3.0,1,0,0,0,0,0,2,0,0,0,9,,1.77,0.333,3.0,0.0,0.0,6.0,,0.1,,season
2026,Zach Brzykcy,brzykza01,R,773,26,MIA,NL,0,0,,3.00,2,0,1,0,0,0,3.0,3,1,1,0,2,0,2,0,0,0,12,150,3.77,1.667,9.0,0.0,6.0,6.0,1.00,0.1,,season
2026,Tyler Callihan,callity01,R,774,26,PIT,NL,0,0,,0.00,4,0,4,0,0,0,3.0,3,0,0,0,3,0,1,0,0,0,15,,5.44,2.000,9.0,0.0,9.0,3.0,0.33,0.1,,season
2026,Jonathan Cannon,cannojo02,R,775,25,CHW,AL,0,0,,9.00,2,0,1,0,0,1,3.0,4,3,3,0,5,0,4,0,0,0,18,52,5.44,3.000,12.0,0.0,15.0,12.0,0.80,-0.1,,season
2026,Eiberson Castellano,casteei01,R,776,25,COL,NL,0,0,,0.00,1,0,1,0,0,1,3.0,4,0,0,0,0,0,2,1,0,0,12,,2.77,1.333,12.0,0.0,0.0,6.0,,0.1,,season
2026,Rodolfo Durán,duranro02,R,777,28,SDP,NL,0,0,,27.00,2,0,2,0,0,0,3.0,9,9,9,2,1,0,0,0,0,0,19,17,12.77,3.333,27.0,6.0,3.0,0.0,0.00,-0.3,,season
2026,Josh Fleming,flemijo01,L,778,30,TOR,AL,0,0,,12.00,1,0,0,0,0,0,3.0,6,4,4,1,2,0,1,1,0,0,18,41,9.77,2.667,18.0,3.0,6.0,3.0,0.50,-0.2,,season
2026,Carlos Hernández,hernaca04,R,779,29,CLE,AL,0,0,,6.00,2,0,1,0,0,0,3.0,5,2,2,1,1,0,4,0,0,0,14,76,5.77,2.000,15.0,3.0,3.0,12.0,4.00,0.0,,season
2026,Kyle Higashioka,higasky01,R,780,36,TEX,AL,0,0,,21.00,3,0,3,0,0,0,3.0,8,7,7,1,1,0,0,1,0,0,18,21,9.44,3.000,24.0,3.0,3.0,0.0,0.00,-0.2,,season
2026,Brian Keller,kellebr02,R,781,32,PHI,NL,0,0,,3.00,1,0,0,0,0,0,3.0,2,1,1,1,0,0,3,0,0,0,11,167,5.44,0.667,6.0,3.0,0.0,9.0,,0.1,,season
2026,Carson Kelly,kellyca02,R,782,31,CHC,NL,0,0,,6.00,3,0,3,0,0,0,3.0,4,2,2,2,0,0,0,0,0,0,13,79,11.77,1.333,12.0,6.0,0.0,0.0,,0.0,,season
2026,Thomas Pannone,pannoth01,L,783,32,MIL,NL,0,1,.000,6.00,1,1,0,0,0,0,3.0,3,3,2,1,2,0,2,0,0,0,14,78,8.10,1.667,9.0,3.0,6.0,6.0,1.00,-0.1,,season
2026,River Ryan,ryanri01,R,784,27,DET,AL,0,0,,0.00,1,1,0,0,0,0,3.0,2,0,0,0,1,0,3,0,0,0,12,,2.10,1.000,6.0,0.0,3.0,9.0,3.00,0.2,,season
2026,Chase Solesky,solesch01,R,785,28,TBR,AL,0,0,,6.00,1,0,0,0,0,0,3.0,6,2,2,1,1,0,4,0,0,0,17,79,5.77,2.333,18.0,3.0,3.0,12.0,4.00,0.0,,season
2026,Andrew Vaughn,vaughan01,R,786,28,MIL,NL,0,0,,30.00,2,0,2,0,0,0,3.0,12,10,10,4,5,0,1,1,0,0,26,16,25.77,5.667,36.0,12.0,15.0,3.0,0.20,-0.3,,season
2026,Blake Walston,walstbl01,L,787,25,ARI,NL,1,0,1.000,3.00,2,0,2,0,0,0,3.0,1,2,1,0,3,2,2,0,0,1,13,155,4.77,1.333,3.0,0.0,9.0,6.0,0.67,0.1,,season
2026,Tony Gonsolin,gonsoto01,R,788,32,KCR,AL,0,0,,16.88,1,0,0,0,0,0,2.2,4,5,5,1,3,0,5,0,0,0,15,28,7.60,2.625,13.5,3.4,10.1,16.9,1.67,-0.1,,season
2026,Josh Hendrickson,hendrjo01,L,789,28,HOU,AL,0,0,,3.38,2,0,1,0,0,0,2.2,2,1,1,0,0,0,3,0,0,0,9,139,0.85,0.750,6.8,0.0,0.0,10.1,,0.0,,season
2026,Brooks Kriske,kriskbr01,R,790,32,ATH,AL,0,0,,0.00,2,0,1,0,0,0,2.2,2,0,0,0,1,0,2,0,0,0,11,,2.73,1.125,6.8,0.0,3.4,6.8,2.00,0.1,,season
2026,Kade Strowd,strowka01,R,791,28,ARI,NL,0,0,,3.38,2,0,0,0,0,0,2.2,2,1,1,0,5,0,1,0,0,0,14,139,7.98,2.625,6.8,0.0,16.9,3.4,0.20,0.0,,season
2026,Tyler Uberstine,ubersty01,R,792,27,BOS,AL,0,1,.000,3.38,1,0,0,0,0,0,2.2,3,1,1,1,1,0,2,0,0,0,11,137,7.60,1.500,10.1,3.4,3.4,6.8,2.00,0.0,,season
2026,Luisangel Acuña,acunajo01,R,793,24,CHW,AL,0,0,,3.86,3,0,3,0,0,0,2.1,2,1,1,1,1,0,0,0,0,0,10,126,9.96,1.286,7.7,3.9,3.9,0.0,0.00,0.0,,season
2026,Welinton Herrera,herrewe01,L,794,22,COL,NL,0,0,,0.00,3,0,1,0,0,0,2.1,2,0,0,0,1,0,2,0,0,0,10,,2.67,1.286,7.7,0.0,3.9,7.7,2.00,0.1,,season
2026,Jorge Mateo,mateojo01,R,795,31,ATL,NL,0,0,,3.86,3,0,3,0,0,0,2.1,5,1,1,0,1,0,1,0,0,0,12,126,3.53,2.571,19.3,0.0,3.9,3.9,1.00,0.0,,season
2026,Cody Ponce,ponceco01,R,796,32,TOR,AL,0,0,,3.86,1,1,0,0,0,0,2.1,1,1,1,0,1,0,3,0,1,1,10,131,1.82,0.857,3.9,0.0,3.9,11.6,3.00,0.0,,season
2026,Jake Rogers,rogerja03,R,797,31,DET,AL,0,0,,0.00,3,0,3,0,0,0,2.1,3,0,0,0,1,0,3,1,0,0,12,,3.10,1.714,11.6,0.0,3.9,11.6,3.00,0.1,,season
2026,Luis Torrens,torrelu01,R,798,30,NYM,NL,0,0,,7.71,2,0,2,0,0,0,2.1,4,2,2,2,0,0,0,0,0,0,11,61,14.24,1.714,15.4,7.7,0.0,0.0,,0.0,,season
2026,José Buttó,buttojo01,R,799,28,SFG,NL,0,0,,22.50,3,0,1,0,0,0,2.0,6,5,5,2,4,0,5,0,0,0,16,21,17.10,5.000,27.0,9.0,18.0,22.5,1.25,-0.2,,season
2026,Adam Frazier,fraziad01,R,800,34,LAA,AL,0,0,,18.00,3,0,3,0,0,0,2.0,7,4,4,1,2,0,0,0,0,0,14,27,12.60,4.500,31.5,4.5,9.0,0.0,0.00,-0.1,,season
2026,Alex Jackson,jacksal02,R,801,30,MIN,AL,0,0,,13.50,2,0,2,0,0,0,2.0,3,3,3,2,1,0,0,0,0,0,10,37,17.60,2.000,13.5,9.0,4.5,0.0,0.00,-0.1,,season
2026,Troy Johnston,johnstr02,L,802,29,COL,NL,0,0,,0.00,2,0,2,0,0,0,2.0,1,0,0,0,1,0,0,1,0,0,9,,6.10,1.000,4.5,0.0,4.5,0.0,0.00,0.1,,season
2026,Christian Koss,kossch01,R,803,28,SFG,NL,0,0,,13.50,2,0,2,0,0,0,2.0,5,3,3,0,0,0,0,0,0,0,10,35,3.10,2.500,22.5,0.0,0.0,0.0,,-0.1,,season
2026,Seth Lonsway,lonswse01,L,804,27,SFG,NL,0,0,,9.00,1,0,1,0,0,0,2.0,5,3,2,0,0,0,2,0,0,0,11,53,1.10,2.500,22.5,0.0,0.0,9.0,,-0.1,,season
2026,Zach McKinstry,mckinza01,R,805,31,DET,AL,0,0,,18.00,2,0,1,0,0,0,2.0,3,4,4,1,5,0,0,1,0,0,15,28,18.60,4.000,13.5,4.5,22.5,0.0,0.00,-0.1,,season
2026,Rolddy Muñoz,munozro02,R,806,26,ATL,NL,0,0,,13.50,1,0,0,0,0,0,2.0,5,3,3,1,1,0,3,0,0,0,12,37,8.10,3.000,22.5,4.5,4.5,13.5,3.00,-0.1,,season
2026,Doug Nikhazy,nikhado01,L,807,26,CHW,AL,0,0,,4.50,1,0,1,0,0,0,2.0,1,1,1,0,2,0,1,0,0,2,9,110,5.10,1.500,4.5,0.0,9.0,4.5,0.50,0.0,,season
2026,Pedro Pagés,pagespe02,R,808,27,STL,NL,0,0,,4.50,2,0,2,0,0,0,2.0,2,1,1,1,0,0,0,0,0,0,7,104,9.60,1.000,9.0,4.5,0.0,0.0,,0.0,,season
2026,Austin Peterson,peterau01,R,809,26,CLE,AL,0,0,,0.00,1,0,1,0,0,0,2.0,1,0,0,0,0,0,3,0,0,0,8,,0.10,0.500,4.5,0.0,0.0,13.5,,0.1,,season
2026,Wilkin Ramos,ramoswi02,R,810,25,SFG,NL,0,0,,22.50,2,0,0,0,0,0,2.0,5,5,5,0,4,0,1,0,0,0,15,21,8.10,4.500,22.5,0.0,18.0,4.5,0.25,-0.2,,season
2026,Gary Sánchez,sanchga02,R,811,33,MIL,NL,0,0,,0.00,2,0,2,0,0,0,2.0,4,0,0,0,0,0,0,0,0,0,10,,3.10,2.000,18.0,0.0,0.0,0.0,,0.1,,season
2026,Winston Santos,santowi01,R,812,24,TEX,AL,0,0,,9.00,1,0,1,0,0,0,2.0,2,2,2,1,1,0,1,0,0,2,9,51,10.10,1.500,9.0,4.5,4.5,4.5,1.00,-0.1,,season
2026,Matt Seelinger,seelima01,R,813,31,NYM,NL,0,1,.000,31.50,1,0,0,0,0,0,2.0,5,7,7,1,4,0,2,0,0,0,15,15,13.60,4.500,22.5,4.5,18.0,9.0,0.50,-0.5,,season
2026,Troy Taylor,taylotr01,R,814,24,SEA,AL,0,0,,4.50,1,0,1,0,0,0,2.0,3,1,1,0,1,0,2,0,0,0,10,104,2.60,2.000,13.5,0.0,4.5,9.0,2.00,0.0,,season
2026,Bryan Torres,torrebr01,R,815,28,STL,NL,0,0,,0.00,1,0,1,0,0,0,2.0,1,0,0,0,1,0,0,0,0,0,8,,4.60,1.000,4.5,0.0,4.5,0.0,0.00,0.1,,season
2026,Joey Wiemer,wiemejo01,R,816,27,WSN,NL,0,0,,22.50,2,0,2,0,0,0,2.0,7,5,5,1,2,0,0,1,0,1,16,22,14.10,4.500,31.5,4.5,9.0,0.0,0.00,-0.2,,season
2026,Félix Bautista,bautife01,R,817,31,BAL,AL,0,0,,16.20,2,0,1,0,0,0,1.2,4,3,3,1,1,0,3,0,0,0,10,31,9.10,3.000,21.6,5.4,5.4,16.2,3.00,-0.2,,season
2026,Adrian Del Castillo,delcaad01,R,818,26,ARI,NL,0,0,,5.40,1,0,1,0,0,0,1.2,4,1,1,0,0,0,0,1,0,0,10,93,4.90,2.400,21.6,0.0,0.0,0.0,,0.0,,season
2026,Dylan Moore,mooredy01,R,819,33,PHI,NL,0,0,,5.40,2,0,2,0,0,0,1.2,1,1,1,0,1,0,0,1,0,0,8,100,6.70,1.200,5.4,0.0,5.4,0.0,0.00,0.0,,season
2026,Yacksel Ríos,riosya01,R,820,33,CHC,NL,0,0,,0.00,1,0,1,0,0,0,1.2,0,0,0,0,0,0,2,0,0,0,5,,0.70,0.000,0.0,0.0,0.0,10.8,,0.1,,season
2026,Emiliano Teodo,teodoem01,R,821,25,TEX,AL,0,0,,10.80,1,0,0,0,0,0,1.2,3,2,2,0,2,0,1,0,0,1,10,44,5.50,3.000,16.2,0.0,10.8,5.4,0.50,-0.1,,season
2026,Jhonathan Díaz,diazjh01,L,822,29,SEA,AL,0,0,,6.75,1,0,1,0,0,0,1.1,2,1,1,1,0,0,1,0,0,0,6,75,11.35,1.500,13.5,6.8,0.0,6.8,,0.0,,season
2026,Carlos Durán,duranca01,R,823,24,KCR,AL,1,0,1.000,13.50,2,0,1,0,0,0,1.1,2,2,2,0,3,0,1,0,0,1,9,40,8.35,3.750,13.5,0.0,20.3,6.8,0.33,-0.1,,season
2026,Antoine Kelly,kellyan02,L,824,26,CHC,NL,0,0,,0.00,1,0,1,0,0,0,1.1,0,0,0,0,1,0,1,0,0,0,4,,3.85,0.750,0.0,0.0,6.8,6.8,1.00,0.1,,season
2026,Hancel Rincón,rincoha01,R,825,24,STL,NL,0,0,,47.25,2,0,0,0,0,0,1.1,5,7,7,1,1,0,1,1,0,1,11,11,15.85,4.500,33.8,6.8,6.8,6.8,1.00,-0.5,,season
2026,Jackson Rutledge,rutleja01,R,826,27,WSN,NL,0,0,,47.25,1,0,0,0,0,0,1.1,6,7,7,0,2,0,2,0,0,0,12,12,4.60,6.000,40.5,0.0,13.5,13.5,1.00,-0.2,,season
2026,Blake Adams,adamsbl01,R,827,25,COL,NL,0,0,,45.00,1,0,0,0,0,0,1.0,5,5,5,1,2,0,0,0,0,0,9,14,22.10,7.000,45.0,9.0,18.0,0.0,0.00,-0.2,,season
2026,Orlando Arcia,arciaor01,R,828,31,MIN,AL,0,0,,9.00,1,0,1,0,0,0,1.0,1,1,1,0,2,0,0,0,0,0,5,64,9.10,3.000,9.0,0.0,18.0,0.0,0.00,0.0,,season
2026,Ben Bowden,bowdebe01,L,829,31,ATH,AL,0,0,,36.00,1,0,0,0,0,0,1.0,2,4,4,0,2,0,0,1,0,1,8,17,12.10,4.000,18.0,0.0,18.0,0.0,0.00,-0.1,,season
2026,Blake Burkhalter,burkhbl01,R,830,25,ATL,NL,0,0,,9.00,1,0,0,0,0,0,1.0,1,1,1,0,1,0,1,0,0,1,5,64,4.10,2.000,9.0,0.0,9.0,9.0,1.00,0.0,,season
2026,Alexander Cornielle,cornial01,R,831,24,NYY,AL,0,0,,18.00,1,0,1,0,0,0,1.0,3,2,2,1,1,0,2,0,0,0,7,32,15.10,4.000,27.0,9.0,9.0,18.0,2.00,-0.1,,season
2026,Jose Espada,espadjo01,R,832,29,BAL,AL,0,0,,0.00,1,0,1,0,0,0,1.0,2,0,0,0,0,0,0,0,0,0,4,,3.10,2.000,18.0,0.0,0.0,0.0,,0.0,,season
2026,Rafael Flores,florera03,R,833,25,PIT,NL,0,0,,0.00,1,0,1,0,0,0,1.0,2,0,0,0,0,0,0,0,0,0,5,,3.10,2.000,18.0,0.0,0.0,0.0,,0.0,,season
2026,Sam Haggerty,haggesa01,R,834,32,TEX,AL,0,0,,0.00,1,0,1,0,0,0,1.0,0,0,0,0,0,0,0,1,0,0,3,,6.10,0.000,0.0,0.0,0.0,0.0,,0.0,,season
2026,Kevin Herget,hergeke01,R,835,35,NYM,NL,0,0,,0.00,1,0,1,0,0,0,1.0,0,0,0,0,0,0,0,0,0,0,3,,3.10,0.000,0.0,0.0,0.0,0.0,,0.0,,season
2026,Kiké Hernández,hernaen02,R,836,34,LAD,NL,0,0,,0.00,1,0,1,0,0,0,1.0,1,0,0,0,0,0,0,0,0,0,4,,3.10,1.000,9.0,0.0,0.0,0.0,,0.0,,season
2026,P.J. Higgins,higgipj01,R,837,33,CIN,NL,0,0,,0.00,1,0,1,0,0,0,1.0,0,0,0,0,0,0,1,0,0,0,3,,1.10,0.000,0.0,0.0,0.0,9.0,,0.0,,season
2026,Buddy Kennedy,kennebu01,R,838,27,SFG,NL,0,0,,36.00,1,0,1,0,0,0,1.0,4,4,4,0,2,0,0,0,0,1,9,15,9.10,6.000,36.0,0.0,18.0,0.0,0.00,-0.1,,season
2026,Nolan Kingham,kinghno01,R,839,29,TEX,AL,0,0,,9.00,1,0,1,0,0,0,1.0,1,1,1,0,2,0,1,0,0,0,6,60,7.10,3.000,9.0,0.0,18.0,9.0,0.50,0.0,,season
2026,Luke Little,littllu01,L,840,25,CHC,NL,0,0,,9.00,1,0,1,0,0,0,1.0,2,1,1,1,0,0,1,0,0,0,5,64,14.10,2.000,18.0,9.0,0.0,9.0,,0.0,,season
2026,Nicky Lopez,lopezni01,R,841,31,TEX,AL,0,0,,9.00,1,0,1,0,0,0,1.0,4,1,1,0,0,0,1,0,0,0,7,60,1.10,4.000,36.0,0.0,0.0,9.0,,0.0,,season
2026,Luke Maile,mailelu01,R,842,35,KCR,AL,0,0,,0.00,1,0,1,0,0,0,1.0,0,0,0,0,0,0,0,0,0,0,3,,3.10,0.000,0.0,0.0,0.0,0.0,,0.0,,season
2026,Seth Martinez,martise01,R,843,31,BOS,AL,0,0,,9.00,1,0,1,0,0,0,1.0,2,1,1,0,0,0,1,1,0,0,6,62,4.10,2.000,18.0,0.0,0.0,9.0,,0.0,,season
2026,Reese McGuire,mcguire01,R,844,31,CHW,AL,0,0,,0.00,1,0,1,0,0,0,1.0,0,0,0,0,0,0,0,0,0,0,3,,3.10,0.000,0.0,0.0,0.0,0.0,,0.0,,season
2026,Jake Meyers,meyerja02,L,845,30,HOU,AL,0,0,,0.00,1,0,1,0,0,0,1.0,0,0,0,0,0,0,0,0,0,0,3,,3.10,0.000,0.0,0.0,0.0,0.0,,0.0,,season
2026,Leo Rivas,rivasle01,R,846,28,SEA,AL,0,0,,63.00,1,0,1,0,0,0,1.0,9,9,7,1,1,0,0,0,0,0,13,9,19.10,10.000,81.0,9.0,9.0,0.0,0.00,-0.2,,season
2026,Víctor Robles,roblevi01,R,847,29,SEA,AL,0,0,,27.00,1,0,1,0,0,0,1.0,5,3,3,0,1,0,0,0,0,0,9,20,6.10,6.000,45.0,0.0,9.0,0.0,0.00,-0.1,,season
2026,Josh Rojas,rojasjo01,R,848,32,KCR,AL,0,0,,0.00,1,0,1,0,0,0,1.0,1,0,0,0,0,0,0,0,0,0,4,,3.10,1.000,9.0,0.0,0.0,0.0,,0.0,,season
2026,Dylan Ross,rossdy01,R,849,25,NYM,NL,0,0,,0.00,1,0,0,0,0,0,1.0,0,0,0,0,0,0,0,0,0,0,3,,3.10,0.000,0.0,0.0,0.0,0.0,,0.0,,season
2026,César Salazar,salazce01,R,850,30,HOU,AL,0,0,,9.00,1,0,1,0,0,0,1.0,1,1,1,1,0,0,0,0,0,0,4,63,16.10,1.000,9.0,9.0,0.0,0.0,,0.0,,season
2026,Max Schuemann,schuema01,R,851,29,NYY,AL,0,0,,0.00,1,0,1,0,0,0,1.0,1,0,0,0,1,0,0,0,0,0,5,,6.10,2.000,9.0,0.0,9.0,0.0,0.00,0.0,,season
2026,Zack Short,shortza01,R,852,31,NYM,NL,0,0,,0.00,1,0,1,0,0,0,1.0,0,0,0,0,0,0,0,0,0,0,3,,3.10,0.000,0.0,0.0,0.0,0.0,,0.0,,season
2026,José Tena,tenajo01,R,853,25,WSN,NL,0,0,,9.00,1,0,1,0,0,0,1.0,2,1,1,0,1,0,0,0,0,1,5,65,6.10,3.000,18.0,0.0,9.0,0.0,0.00,0.0,,season
2026,Chadwick Tromp,trompch01,R,854,31,BAL,AL,0,0,,18.00,1,0,1,0,0,0,1.0,3,2,2,1,1,0,0,0,0,0,6,31,19.10,4.000,27.0,9.0,9.0,0.0,0.00,-0.1,,season
2026,LaMonte Wade Jr.,wadela01,L,855,32,HOU,AL,0,0,,18.00,1,0,1,0,0,0,1.0,3,2,2,1,0,0,0,0,0,0,6,31,16.10,3.000,27.0,9.0,0.0,0.0,,-0.1,,season
2026,Cameron Weston,westoca01,R,856,25,BAL,AL,0,0,,0.00,1,0,1,0,0,0,1.0,0,0,0,0,1,0,1,0,0,0,3,,4.10,1.000,0.0,0.0,9.0,9.0,1.00,0.0,,season
2026,Guillo Zuñiga,zuniggu01,R,857,27,NYM,NL,0,0,,0.00,1,0,0,0,0,0,1.0,0,0,0,0,1,0,1,0,0,0,4,,4.10,1.000,0.0,0.0,9.0,9.0,1.00,0.1,,season
2026,Andruw Monasterio,monasan01,R,858,29,BOS,AL,0,0,,67.50,1,0,1,0,0,0,0.2,3,5,5,2,3,0,0,0,0,0,8,9,55.60,9.000,40.5,27.0,40.5,0.0,0.00,-0.2,,season
2026,Clarke Schmidt,schmicl01,R,859,30,NYY,AL,0,0,,0.00,1,0,0,0,0,0,0.2,2,0,0,0,0,0,2,0,0,0,4,,-2.90,3.000,27.0,0.0,0.0,27.0,,0.0,,season
2026,Josh White,whitejo04,R,860,25,MIA,NL,0,0,,67.50,1,0,0,0,0,0,0.2,1,5,5,1,4,0,1,1,0,0,8,9,42.10,7.500,13.5,13.5,54.0,13.5,0.25,-0.2,,season
2026,Aaron Brooks,brookaa01,R,861,36,TBR,AL,0,1,.000,81.00,1,0,1,0,0,0,0.1,1,4,3,1,2,0,0,0,0,0,4,11,60.10,9.000,27.0,27.0,54.0,0.0,0.00,-0.5,,season
2026,Carlos Estévez,estevca01,R,862,33,KCR,AL,0,1,.000,162.00,1,0,1,0,0,0,0.1,4,6,6,1,2,0,0,0,0,0,7,5,60.10,18.000,108.0,27.0,54.0,0.0,0.00,-0.5,,season
2026,Grant Holman,holmagr01,R,863,26,PHI,NL,0,0,,0.00,1,0,0,0,0,0,0.1,4,5,0,0,1,0,0,0,0,1,7,,12.10,15.000,108.0,0.0,27.0,0.0,0.00,-0.5,,season
2026,Joe La Sorsa,lasorjo01,L,864,28,BOS,AL,0,0,,27.00,1,0,1,0,0,0,0.1,1,1,1,1,0,0,1,0,0,0,2,32,36.10,3.000,27.0,27.0,0.0,27.0,,-0.1,,season
2026,Yunior Marté,marteyu01,R,865,31,CIN,NL,0,0,,108.00,1,0,0,0,0,0,0.1,3,4,4,0,1,1,1,1,0,0,6,8,15.10,12.000,81.0,0.0,27.0,27.0,1.00,-0.3,,season
2026,Tanner McDougal,mcdouta01,R,866,23,CHW,AL,0,0,,27.00,1,0,0,0,0,0,0.1,0,1,1,0,3,0,0,1,0,0,5,33,39.10,9.000,0.0,0.0,81.0,0.0,0.00,-0.1,,season
2026,Jhonny Pereda,peredjh01,R,867,30,SEA,AL,0,0,,54.00,1,0,0,0,0,0,0.1,3,2,2,1,0,0,0,0,0,0,4,16,42.10,9.000,81.0,27.0,0.0,0.0,,-0.1,,season
